transaction_id,transaction_date,customer_id,customer_name,region,city,category,product_name,quantity,unit_price,unit_cost,discount_pct,gross_amount,discount_amount,net_amount,profit,payment_method,return_flag
TXN000001,2024-10-16,CUST0017,Rahul Sharma,East,Bhubaneswar,Clothing,Women's Kurti,2,1407.89,585.13,0.05,2815.78,140.79,2674.99,1504.73,Cash,0
TXN000002,2024-06-01,CUST0302,Sanjay Yadav,Central,Indore,Cosmetics,Sunscreen SPF50,1,474.84,268.7,0.05,474.84,23.74,451.1,182.4,Cash,0
TXN000003,2023-06-13,CUST0177,Sunita Mishra,East,Patna,Clothing,Women's Kurti,3,1252.12,585.48,0.2,3756.36,751.27,3005.09,1248.65,Debit Card,0
TXN000004,2024-04-15,CUST0186,Ravi Chandra,West,Mumbai,Sports,Dumbbells Set,2,3759.36,2215.64,0.2,7518.72,1503.74,6014.98,1583.7,Credit Card,0
TXN000005,2023-02-16,CUST0108,Rekha Srivastava,East,Kolkata,Clothing,Men's T-Shirt,1,859.02,342.92,0.0,859.02,0.0,859.02,516.1,Debit Card,0
TXN000006,2024-11-30,CUST0474,Harish Agarwal,Central,Indore,Sports,Cycle Helmet,4,1281.75,798.19,0.0,5127.0,0.0,5127.0,1934.24,Net Banking,0
TXN000007,2023-11-29,CUST0162,Rohan Mehta,North,Chandigarh,Electronics,Tablet,2,19565.47,13052.4,0.15,39130.94,5869.64,33261.3,7156.5,UPI,0
TXN000008,2024-10-20,CUST0220,Rajesh Malhotra,East,Bhubaneswar,Clothing,Saree,3,5169.99,2464.41,0.1,15509.97,1551.0,13958.97,6565.74,Net Banking,0
TXN000009,2023-08-13,CUST0217,Sunita Mishra,South,Mysore,Furniture,Office Chair,2,8269.87,5681.67,0.15,16539.74,2480.96,14058.78,2695.44,Cash,0
TXN000010,2024-09-02,CUST0385,Sanjay Yadav,Central,Raipur,Sports,Cricket Bat,1,3155.08,1758.37,0.1,3155.08,315.51,2839.57,1081.2,Debit Card,0
TXN000011,2024-03-21,CUST0312,Rohan Mehta,North,Lucknow,Sports,Yoga Mat,1,938.37,561.28,0.1,938.37,93.84,844.53,283.25,Credit Card,0
TXN000012,2023-06-15,CUST0450,Mohit Saxena,Central,Bhopal,Sports,Dumbbells Set,2,3580.49,2148.77,0.0,7160.98,0.0,7160.98,2863.44,Debit Card,0
TXN000013,2023-09-04,CUST0244,Asha Pandey,North,Delhi,Cosmetics,Foundation,3,925.89,508.32,0.15,2777.67,416.65,2361.02,836.06,Credit Card,0
TXN000014,2024-09-13,CUST0333,Divya Iyer,South,Mysore,Cosmetics,Sunscreen SPF50,1,441.08,266.95,0.15,441.08,66.16,374.92,107.97,UPI,0
TXN000015,2024-04-07,CUST0031,Kavita Joshi,South,Bangalore,Groceries,Basmati Rice 5kg,1,442.36,302.02,0.15,442.36,66.35,376.01,73.99,Cash,0
TXN000016,2023-12-05,CUST0296,Lakshmi Rao,South,Hyderabad,Cosmetics,Foundation,2,882.94,508.53,0.1,1765.88,176.59,1589.29,572.23,Credit Card,0
TXN000017,2024-02-21,CUST0051,Priya Patel,North,Jaipur,Groceries,Sugar 1kg,1,52.7,42.39,0.15,52.7,7.91,44.79,2.4,UPI,0
TXN000018,2023-04-22,CUST0448,Nisha Trivedi,South,Mysore,Furniture,Wooden Desk,3,12159.39,8387.06,0.0,36478.17,0.0,36478.17,11316.99,Cash,0
TXN000019,2024-07-17,CUST0085,Kiran Bose,Central,Bhopal,Electronics,Smartphone,2,21605.37,16899.06,0.0,43210.74,0.0,43210.74,9412.62,Cash,1
TXN000020,2023-09-29,CUST0339,Nikhil Dubey,West,Ahmedabad,Furniture,Wardrobe,3,19684.76,12356.7,0.1,59054.28,5905.43,53148.85,16078.75,UPI,0
TXN000021,2023-10-31,CUST0272,Anita Verma,North,Amritsar,Cosmetics,Hair Serum 100ml,3,669.31,399.44,0.2,2007.93,401.59,1606.34,408.02,Cash,1
TXN000022,2023-03-24,CUST0127,Ravi Chandra,North,Amritsar,Electronics,Router,2,3021.96,1889.03,0.1,6043.92,604.39,5439.53,1661.47,Net Banking,0
TXN000023,2023-03-25,CUST0068,Rekha Srivastava,Central,Gwalior,Sports,Dumbbells Set,2,3699.94,2165.51,0.05,7399.88,369.99,7029.89,2698.87,Debit Card,0
TXN000024,2023-03-16,CUST0478,Divya Iyer,Central,Gwalior,Electronics,Laptop,1,46379.03,38013.42,0.0,46379.03,0.0,46379.03,8365.61,Cash,0
TXN000025,2024-01-14,CUST0284,Pooja Nair,West,Nagpur,Cosmetics,Lipstick,1,627.81,300.85,0.2,627.81,125.56,502.25,201.4,Cash,1
TXN000026,2023-05-18,CUST0105,Rekha Srivastava,North,Amritsar,Clothing,Denim Jeans,1,2479.67,1179.17,0.0,2479.67,0.0,2479.67,1300.5,Debit Card,0
TXN000027,2023-09-15,CUST0083,Pallavi Shah,North,Delhi,Cosmetics,Foundation,2,899.03,508.48,0.0,1798.06,0.0,1798.06,781.1,UPI,0
TXN000028,2024-03-13,CUST0283,Vijay Singh,North,Delhi,Cosmetics,Moisturiser 50g,1,514.89,285.62,0.1,514.89,51.49,463.4,177.78,UPI,0
TXN000029,2023-11-12,CUST0499,Sunita Mishra,North,Lucknow,Clothing,Saree,2,5334.02,2557.62,0.05,10668.04,533.4,10134.64,5019.4,Credit Card,1
TXN000030,2023-08-31,CUST0411,Rekha Srivastava,South,Kochi,Electronics,Smartphone,2,23330.66,16828.83,0.05,46661.32,2333.07,44328.25,10670.59,Credit Card,0
TXN000031,2024-12-19,CUST0115,Rahul Sharma,North,Jaipur,Clothing,Women's Kurti,3,1293.52,610.63,0.0,3880.56,0.0,3880.56,2048.67,Credit Card,0
TXN000032,2023-10-13,CUST0170,Rahul Sharma,East,Patna,Cosmetics,Hair Serum 100ml,1,705.96,411.55,0.1,705.96,70.6,635.36,223.81,Cash,0
TXN000033,2023-09-25,CUST0060,Kiran Bose,East,Kolkata,Electronics,Wireless Earbuds,1,3489.68,2214.02,0.1,3489.68,348.97,3140.71,926.69,Net Banking,0
TXN000034,2023-02-15,CUST0101,Divya Iyer,North,Amritsar,Sports,Cycle Helmet,2,1374.23,811.61,0.15,2748.46,412.27,2336.19,712.97,UPI,0
TXN000035,2024-11-11,CUST0357,Pooja Nair,Central,Raipur,Cosmetics,Face Wash 100ml,3,297.92,159.12,0.05,893.76,44.69,849.07,371.71,Net Banking,0
TXN000036,2024-03-06,CUST0156,Pooja Nair,West,Pune,Sports,Badminton Racket,1,1491.72,902.59,0.0,1491.72,0.0,1491.72,589.13,Credit Card,0
TXN000037,2024-08-16,CUST0087,Rekha Srivastava,East,Guwahati,Furniture,Sofa Set,1,37417.11,24662.16,0.15,37417.11,5612.57,31804.54,7142.38,Cash,0
TXN000038,2024-11-10,CUST0013,Priya Patel,East,Kolkata,Clothing,Saree,1,4981.82,2545.98,0.0,4981.82,0.0,4981.82,2435.84,Credit Card,1
TXN000039,2024-09-17,CUST0336,Nikhil Dubey,North,Jaipur,Furniture,Wardrobe,1,18136.74,11927.75,0.0,18136.74,0.0,18136.74,6208.99,Cash,0
TXN000040,2023-04-20,CUST0063,Suresh Pillai,South,Chennai,Cosmetics,Hair Serum 100ml,1,712.76,401.38,0.2,712.76,142.55,570.21,168.83,Credit Card,0
TXN000041,2024-11-14,CUST0229,Rajesh Malhotra,Central,Gwalior,Groceries,Sugar 1kg,1,56.41,42.83,0.1,56.41,5.64,50.77,7.94,Credit Card,0
TXN000042,2024-05-01,CUST0366,Pooja Nair,South,Hyderabad,Sports,Running Shoes,1,5219.02,3156.72,0.0,5219.02,0.0,5219.02,2062.3,Credit Card,0
TXN000043,2023-11-24,CUST0278,Suresh Pillai,North,Chandigarh,Clothing,Women's Kurti,2,1275.74,596.94,0.0,2551.48,0.0,2551.48,1357.6,UPI,0
TXN000044,2024-03-06,CUST0386,Kiran Bose,Central,Bhopal,Sports,Running Shoes,2,5106.71,3285.01,0.0,10213.42,0.0,10213.42,3643.4,UPI,0
TXN000045,2024-07-13,CUST0371,Anita Verma,South,Kochi,Clothing,Denim Jeans,2,2500.05,1212.9,0.05,5000.1,250.01,4750.09,2324.29,UPI,0
TXN000046,2024-09-29,CUST0444,Suresh Pillai,West,Nagpur,Sports,Cycle Helmet,2,1239.33,806.85,0.0,2478.66,0.0,2478.66,864.96,Credit Card,0
TXN000047,2024-01-24,CUST0010,Pallavi Shah,West,Ahmedabad,Groceries,Sugar 1kg,1,55.73,42.84,0.05,55.73,2.79,52.94,10.1,Net Banking,0
TXN000048,2023-12-25,CUST0123,Vijay Singh,North,Delhi,Electronics,Smartphone,6,21557.89,16510.79,0.0,129347.34,0.0,129347.34,30282.6,UPI,0
TXN000049,2024-07-31,CUST0494,Pooja Nair,West,Ahmedabad,Groceries,Cooking Oil 1L,1,190.4,132.17,0.0,190.4,0.0,190.4,58.23,Cash,0
TXN000050,2023-11-16,CUST0125,Sneha Gupta,West,Surat,Cosmetics,Moisturiser 50g,1,479.74,283.2,0.15,479.74,71.96,407.78,124.58,Debit Card,0
TXN000051,2024-09-06,CUST0216,Mohit Saxena,Central,Bhopal,Groceries,Pulses 1kg,1,143.63,99.05,0.2,143.63,28.73,114.9,15.85,UPI,0
TXN000052,2024-01-06,CUST0316,Geeta Bhatt,West,Pune,Furniture,Wooden Desk,2,12720.83,8737.39,0.0,25441.66,0.0,25441.66,7966.88,Net Banking,0
TXN000053,2024-04-21,CUST0292,Sunita Mishra,Central,Raipur,Groceries,Cooking Oil 1L,2,194.8,128.0,0.05,389.6,19.48,370.12,114.12,UPI,0
TXN000054,2024-05-21,CUST0360,Rajesh Malhotra,South,Kochi,Clothing,Denim Jeans,2,2673.12,1188.5,0.1,5346.24,534.62,4811.62,2434.62,Debit Card,0
TXN000055,2024-06-13,CUST0230,Geeta Bhatt,North,Chandigarh,Cosmetics,Foundation,1,947.18,524.55,0.05,947.18,47.36,899.82,375.27,Cash,0
TXN000056,2023-08-15,CUST0218,Pallavi Shah,South,Hyderabad,Cosmetics,Hair Serum 100ml,2,702.74,401.28,0.0,1405.48,0.0,1405.48,602.92,Net Banking,0
TXN000057,2024-12-20,CUST0095,Rohan Mehta,East,Patna,Clothing,Men's T-Shirt,2,848.08,359.47,0.15,1696.16,254.42,1441.74,722.8,Credit Card,0
TXN000058,2023-10-11,CUST0092,Pooja Nair,Central,Gwalior,Groceries,Basmati Rice 5kg,1,483.7,306.21,0.0,483.7,0.0,483.7,177.49,Cash,0
TXN000059,2023-05-10,CUST0294,Pooja Nair,North,Amritsar,Groceries,Tea Powder 500g,3,223.21,151.3,0.0,669.63,0.0,669.63,215.73,UPI,0
TXN000060,2023-12-15,CUST0296,Harish Agarwal,North,Lucknow,Furniture,Office Chair,2,9123.2,5765.45,0.0,18246.4,0.0,18246.4,6715.5,Cash,0
TXN000061,2024-07-30,CUST0195,Suresh Pillai,North,Chandigarh,Electronics,Wireless Earbuds,2,3740.14,2163.79,0.1,7480.28,748.03,6732.25,2404.67,UPI,0
TXN000062,2024-08-25,CUST0107,Harish Agarwal,East,Ranchi,Sports,Cricket Bat,1,3123.29,1825.93,0.2,3123.29,624.66,2498.63,672.7,Credit Card,0
TXN000063,2023-03-25,CUST0148,Nikhil Dubey,South,Mysore,Electronics,Smartphone,2,22859.58,16787.08,0.0,45719.16,0.0,45719.16,12145.0,Debit Card,0
TXN000064,2024-04-09,CUST0059,Asha Pandey,South,Hyderabad,Cosmetics,Hair Serum 100ml,2,733.38,410.41,0.05,1466.76,73.34,1393.42,572.6,Credit Card,0
TXN000065,2023-09-30,CUST0353,Pooja Nair,North,Delhi,Clothing,Denim Jeans,1,2719.36,1195.62,0.05,2719.36,135.97,2583.39,1387.77,UPI,1
TXN000066,2024-05-27,CUST0129,Rahul Sharma,West,Mumbai,Sports,Cricket Bat,1,3249.16,1825.33,0.1,3249.16,324.92,2924.24,1098.91,Cash,0
TXN000067,2024-11-21,CUST0334,Suresh Pillai,Central,Gwalior,Electronics,Router,4,2980.51,1862.97,0.1,11922.04,1192.2,10729.84,3277.96,Debit Card,0
TXN000068,2024-08-22,CUST0440,Anita Verma,West,Mumbai,Furniture,Bookshelf,1,6573.14,4451.69,0.0,6573.14,0.0,6573.14,2121.45,Debit Card,0
TXN000069,2024-05-22,CUST0264,Mohit Saxena,West,Nagpur,Electronics,Smart TV,3,33858.59,27441.53,0.2,101575.77,20315.15,81260.62,-1063.97,Cash,0
TXN000070,2024-07-09,CUST0390,Priya Patel,North,Chandigarh,Sports,Dumbbells Set,2,3650.84,2199.8,0.05,7301.68,365.08,6936.6,2537.0,Credit Card,0
TXN000071,2023-05-15,CUST0008,Asha Pandey,West,Surat,Electronics,Laptop,4,44365.26,37221.1,0.1,177461.04,17746.1,159714.94,10830.54,UPI,0
TXN000072,2023-04-27,CUST0428,Lakshmi Rao,North,Chandigarh,Furniture,Wardrobe,2,17888.03,12147.9,0.05,35776.06,1788.8,33987.26,9691.46,UPI,0
TXN000073,2024-07-18,CUST0175,Nisha Trivedi,South,Mysore,Sports,Cycle Helmet,3,1287.88,813.92,0.05,3863.64,193.18,3670.46,1228.7,Net Banking,0
TXN000074,2023-01-03,CUST0248,Divya Iyer,East,Ranchi,Sports,Cycle Helmet,1,1329.46,783.13,0.1,1329.46,132.95,1196.51,413.38,Debit Card,0
TXN000075,2024-07-10,CUST0243,Nikhil Dubey,East,Bhubaneswar,Cosmetics,Moisturiser 50g,1,532.1,272.33,0.15,532.1,79.81,452.29,179.96,UPI,0
TXN000076,2024-11-10,CUST0052,Swati Kapoor,South,Kochi,Electronics,Smartphone,2,22557.56,17091.98,0.2,45115.12,9023.02,36092.1,1908.14,UPI,0
TXN000077,2024-04-12,CUST0333,Amit Kumar,South,Kochi,Cosmetics,Moisturiser 50g,3,493.89,282.07,0.05,1481.67,74.08,1407.59,561.38,Debit Card,0
TXN000078,2024-06-30,CUST0472,Pooja Nair,East,Guwahati,Sports,Cricket Bat,2,3126.81,1771.36,0.15,6253.62,938.04,5315.58,1772.86,Credit Card,0
TXN000079,2024-03-20,CUST0192,Meera Das,North,Jaipur,Clothing,Saree,2,4992.28,2433.42,0.0,9984.56,0.0,9984.56,5117.72,Credit Card,0
TXN000080,2024-02-26,CUST0124,Lakshmi Rao,South,Chennai,Clothing,Men's T-Shirt,1,832.1,347.53,0.15,832.1,124.81,707.29,359.76,Net Banking,0
TXN000081,2024-04-17,CUST0227,Divya Iyer,West,Ahmedabad,Cosmetics,Face Wash 100ml,3,296.95,160.45,0.0,890.85,0.0,890.85,409.5,Net Banking,0
TXN000082,2024-03-10,CUST0293,Divya Iyer,West,Ahmedabad,Clothing,Winter Jacket,1,4310.92,2148.08,0.05,4310.92,215.55,4095.37,1947.29,Net Banking,0
TXN000083,2024-12-17,CUST0255,Mohit Saxena,West,Ahmedabad,Electronics,Wireless Earbuds,4,3836.14,2254.2,0.15,15344.56,2301.68,13042.88,4026.08,Debit Card,0
TXN000084,2023-08-24,CUST0393,Rekha Srivastava,East,Bhubaneswar,Cosmetics,Moisturiser 50g,1,520.52,282.99,0.15,520.52,78.08,442.44,159.45,Credit Card,0
TXN000085,2024-10-04,CUST0090,Rohan Mehta,East,Guwahati,Electronics,Wireless Earbuds,2,3802.55,2177.13,0.05,7605.1,380.26,7224.84,2870.58,Credit Card,0
TXN000086,2024-01-10,CUST0174,Geeta Bhatt,East,Bhubaneswar,Groceries,Sugar 1kg,1,60.23,41.48,0.2,60.23,12.05,48.18,6.7,Cash,0
TXN000087,2023-03-19,CUST0345,Pallavi Shah,South,Kochi,Sports,Dumbbells Set,2,3462.85,2150.31,0.0,6925.7,0.0,6925.7,2625.08,Debit Card,0
TXN000088,2024-10-15,CUST0469,Sunita Mishra,North,Chandigarh,Furniture,Office Chair,4,8864.92,5954.22,0.0,35459.68,0.0,35459.68,11642.8,Credit Card,0
TXN000089,2024-10-12,CUST0455,Asha Pandey,East,Guwahati,Electronics,Smartphone,3,24186.56,16608.44,0.0,72559.68,0.0,72559.68,22734.36,Credit Card,0
TXN000090,2024-01-15,CUST0051,Mohit Saxena,Central,Varanasi,Sports,Cycle Helmet,1,1375.63,818.5,0.15,1375.63,206.34,1169.29,350.79,UPI,0
TXN000091,2023-10-14,CUST0462,Harish Agarwal,East,Bhubaneswar,Furniture,Sofa Set,5,33771.61,24267.38,0.1,168858.05,16885.81,151972.24,30635.34,Debit Card,0
TXN000092,2023-10-10,CUST0026,Geeta Bhatt,North,Jaipur,Electronics,Router,1,2749.08,1915.9,0.0,2749.08,0.0,2749.08,833.18,Debit Card,0
TXN000093,2023-05-09,CUST0462,Sunita Mishra,South,Bangalore,Sports,Yoga Mat,1,885.47,559.05,0.2,885.47,177.09,708.38,149.33,Cash,0
TXN000094,2023-05-29,CUST0184,Geeta Bhatt,Central,Raipur,Clothing,Men's T-Shirt,1,838.28,340.04,0.0,838.28,0.0,838.28,498.24,Credit Card,0
TXN000095,2023-01-17,CUST0304,Sneha Gupta,North,Chandigarh,Cosmetics,Foundation,1,918.27,528.67,0.1,918.27,91.83,826.44,297.77,UPI,0
TXN000096,2024-09-21,CUST0434,Kiran Bose,Central,Raipur,Furniture,Wardrobe,1,19702.87,11683.79,0.05,19702.87,985.14,18717.73,7033.94,UPI,0
TXN000097,2024-05-17,CUST0365,Arjun Reddy,West,Mumbai,Electronics,Tablet,2,17842.54,13103.8,0.1,35685.08,3568.51,32116.57,5908.97,UPI,1
TXN000098,2024-06-27,CUST0334,Rajesh Malhotra,Central,Gwalior,Furniture,Office Chair,1,9086.2,5665.82,0.15,9086.2,1362.93,7723.27,2057.45,Net Banking,0
TXN000099,2023-08-09,CUST0192,Vijay Singh,South,Kochi,Groceries,Sugar 1kg,1,54.83,41.53,0.0,54.83,0.0,54.83,13.3,UPI,0
TXN000100,2023-03-29,CUST0169,Rekha Srivastava,North,Lucknow,Clothing,Formal Shirt,2,1725.24,924.66,0.1,3450.48,345.05,3105.43,1256.11,Cash,0
TXN000101,2024-11-12,CUST0115,Swati Kapoor,West,Mumbai,Groceries,Pulses 1kg,3,143.66,97.93,0.05,430.98,21.55,409.43,115.64,Cash,0
TXN000102,2024-07-23,CUST0319,Sunita Mishra,East,Ranchi,Clothing,Winter Jacket,2,4306.02,2262.64,0.2,8612.04,1722.41,6889.63,2364.35,Net Banking,0
TXN000103,2024-11-04,CUST0074,Ravi Chandra,East,Kolkata,Clothing,Denim Jeans,2,2501.43,1164.44,0.2,5002.86,1000.57,4002.29,1673.41,UPI,0
TXN000104,2024-10-10,CUST0160,Pallavi Shah,North,Amritsar,Clothing,Winter Jacket,1,4050.89,2179.0,0.0,4050.89,0.0,4050.89,1871.89,Debit Card,0
TXN000105,2024-08-04,CUST0227,Meera Das,North,Chandigarh,Clothing,Formal Shirt,2,1828.62,895.9,0.1,3657.24,365.72,3291.52,1499.72,Debit Card,0
TXN000106,2024-06-08,CUST0158,Priya Patel,West,Mumbai,Groceries,Tea Powder 500g,1,220.87,154.88,0.15,220.87,33.13,187.74,32.86,Credit Card,0
TXN000107,2024-09-05,CUST0090,Vijay Singh,South,Hyderabad,Clothing,Women's Kurti,1,1257.43,599.91,0.05,1257.43,62.87,1194.56,594.65,UPI,0
TXN000108,2023-08-24,CUST0442,Arjun Reddy,East,Kolkata,Furniture,Wardrobe,1,17214.22,11653.49,0.0,17214.22,0.0,17214.22,5560.73,Net Banking,0
TXN000109,2024-02-19,CUST0354,Nisha Trivedi,West,Ahmedabad,Electronics,Smart TV,2,37456.94,27191.36,0.2,74913.88,14982.78,59931.1,5548.38,Debit Card,0
TXN000110,2023-04-19,CUST0114,Arjun Reddy,Central,Varanasi,Sports,Cricket Bat,2,3027.09,1779.51,0.0,6054.18,0.0,6054.18,2495.16,Credit Card,0
TXN000111,2024-10-10,CUST0132,Rohan Mehta,Central,Indore,Groceries,Whole Wheat Flour 5kg,2,268.06,186.99,0.0,536.12,0.0,536.12,162.14,Credit Card,0
TXN000112,2024-11-02,CUST0330,Harish Agarwal,West,Surat,Sports,Badminton Racket,1,1524.99,922.9,0.1,1524.99,152.5,1372.49,449.59,Net Banking,0
TXN000113,2024-10-04,CUST0159,Suresh Pillai,West,Mumbai,Furniture,Sofa Set,1,36354.95,23786.8,0.0,36354.95,0.0,36354.95,12568.15,UPI,0
TXN000114,2024-01-13,CUST0489,Geeta Bhatt,North,Delhi,Sports,Badminton Racket,1,1538.06,897.99,0.1,1538.06,153.81,1384.25,486.26,Cash,0
TXN000115,2024-08-08,CUST0366,Amit Kumar,East,Ranchi,Furniture,Dining Table,2,21241.56,15359.21,0.0,42483.12,0.0,42483.12,11764.7,Net Banking,0
TXN000116,2023-02-10,CUST0199,Meera Das,West,Surat,Sports,Badminton Racket,1,1561.16,892.65,0.0,1561.16,0.0,1561.16,668.51,Debit Card,0
TXN000117,2023-02-23,CUST0448,Vijay Singh,East,Kolkata,Groceries,Basmati Rice 5kg,1,444.51,316.54,0.1,444.51,44.45,400.06,83.52,Debit Card,0
TXN000118,2024-11-10,CUST0481,Amit Kumar,East,Patna,Cosmetics,Sunscreen SPF50,2,472.19,263.99,0.15,944.38,141.66,802.72,274.74,Debit Card,0
TXN000119,2024-10-20,CUST0175,Arun Patil,South,Mysore,Electronics,Router,2,2667.66,1878.21,0.0,5335.32,0.0,5335.32,1578.9,UPI,0
TXN000120,2023-05-21,CUST0339,Arjun Reddy,East,Kolkata,Sports,Badminton Racket,1,1611.83,920.72,0.0,1611.83,0.0,1611.83,691.11,Net Banking,0
TXN000121,2024-01-21,CUST0313,Pooja Nair,South,Mysore,Clothing,Saree,1,5256.22,2460.63,0.05,5256.22,262.81,4993.41,2532.78,UPI,0
TXN000122,2023-09-02,CUST0394,Pooja Nair,West,Pune,Groceries,Tea Powder 500g,2,229.33,159.51,0.05,458.66,22.93,435.73,116.71,UPI,0
TXN000123,2024-03-04,CUST0434,Deepak Tiwari,South,Mysore,Clothing,Denim Jeans,3,2513.2,1231.27,0.15,7539.6,1130.94,6408.66,2714.85,Cash,0
TXN000124,2023-06-14,CUST0453,Divya Iyer,Central,Indore,Furniture,Office Chair,2,9281.68,5703.27,0.05,18563.36,928.17,17635.19,6228.65,Cash,0
TXN000125,2024-02-10,CUST0406,Vijay Singh,South,Kochi,Electronics,Tablet,1,17367.52,13167.47,0.0,17367.52,0.0,17367.52,4200.05,Credit Card,0
TXN000126,2024-04-28,CUST0111,Mohit Saxena,South,Kochi,Furniture,Dining Table,3,20917.33,14621.3,0.0,62751.99,0.0,62751.99,18888.09,Credit Card,0
TXN000127,2024-09-15,CUST0057,Mohit Saxena,North,Lucknow,Clothing,Denim Jeans,2,2613.56,1208.84,0.0,5227.12,0.0,5227.12,2809.44,UPI,0
TXN000128,2023-01-17,CUST0124,Ravi Chandra,Central,Indore,Cosmetics,Moisturiser 50g,2,495.85,271.63,0.0,991.7,0.0,991.7,448.44,UPI,0
TXN000129,2024-11-15,CUST0023,Harish Agarwal,East,Kolkata,Sports,Badminton Racket,1,1548.65,894.08,0.05,1548.65,77.43,1471.22,577.14,UPI,1
TXN000130,2023-09-17,CUST0298,Pallavi Shah,East,Kolkata,Groceries,Cooking Oil 1L,2,190.79,131.0,0.2,381.58,76.32,305.26,43.26,Debit Card,0
TXN000131,2023-12-27,CUST0019,Pooja Nair,South,Kochi,Cosmetics,Foundation,1,862.56,528.62,0.05,862.56,43.13,819.43,290.81,Credit Card,0
TXN000132,2023-07-24,CUST0019,Arun Patil,East,Patna,Sports,Running Shoes,1,5490.74,3208.26,0.0,5490.74,0.0,5490.74,2282.48,Credit Card,0
TXN000133,2023-02-18,CUST0499,Anita Verma,East,Patna,Electronics,Tablet,1,18287.29,13356.05,0.0,18287.29,0.0,18287.29,4931.24,UPI,0
TXN000134,2024-01-12,CUST0093,Asha Pandey,Central,Raipur,Electronics,Router,2,2838.29,1892.09,0.2,5676.58,1135.32,4541.26,757.08,Debit Card,0
TXN000135,2023-03-23,CUST0446,Nisha Trivedi,East,Patna,Furniture,Dining Table,1,22364.9,14952.42,0.15,22364.9,3354.74,19010.16,4057.74,Debit Card,0
TXN000136,2024-03-21,CUST0348,Anita Verma,North,Delhi,Cosmetics,Sunscreen SPF50,1,454.92,270.21,0.15,454.92,68.24,386.68,116.47,Cash,0
TXN000137,2024-09-14,CUST0310,Vijay Singh,West,Mumbai,Clothing,Men's T-Shirt,2,802.45,359.44,0.0,1604.9,0.0,1604.9,886.02,UPI,1
TXN000138,2024-01-16,CUST0128,Sneha Gupta,North,Amritsar,Clothing,Formal Shirt,2,1808.07,889.98,0.0,3616.14,0.0,3616.14,1836.18,Cash,0
TXN000139,2024-05-26,CUST0103,Sneha Gupta,Central,Bhopal,Groceries,Whole Wheat Flour 5kg,2,260.45,192.21,0.05,520.9,26.05,494.85,110.43,Credit Card,0
TXN000140,2024-04-07,CUST0278,Pooja Nair,West,Mumbai,Cosmetics,Lipstick,1,629.06,313.9,0.1,629.06,62.91,566.15,252.25,Debit Card,0
TXN000141,2024-12-29,CUST0185,Asha Pandey,South,Hyderabad,Sports,Yoga Mat,3,872.78,559.58,0.0,2618.34,0.0,2618.34,939.6,Net Banking,0
TXN000142,2024-07-18,CUST0211,Arun Patil,North,Delhi,Groceries,Sugar 1kg,2,60.5,42.55,0.1,121.0,12.1,108.9,23.8,UPI,0
TXN000143,2023-03-17,CUST0301,Anita Verma,East,Kolkata,Furniture,Sofa Set,1,37859.29,24403.58,0.15,37859.29,5678.89,32180.4,7776.82,Credit Card,0
TXN000144,2023-02-26,CUST0178,Deepak Tiwari,Central,Indore,Groceries,Cooking Oil 1L,1,175.37,133.39,0.0,175.37,0.0,175.37,41.98,Debit Card,0
TXN000145,2023-09-14,CUST0079,Anita Verma,Central,Raipur,Clothing,Saree,1,5125.9,2450.3,0.1,5125.9,512.59,4613.31,2163.01,Net Banking,0
TXN000146,2024-09-11,CUST0136,Harish Agarwal,Central,Bhopal,Electronics,Laptop,3,43056.87,38322.51,0.1,129170.61,12917.06,116253.55,1286.02,Credit Card,0
TXN000147,2024-03-02,CUST0208,Pooja Nair,North,Jaipur,Cosmetics,Hair Serum 100ml,1,714.69,407.31,0.15,714.69,107.2,607.49,200.18,UPI,0
TXN000148,2023-03-03,CUST0368,Arjun Reddy,West,Surat,Furniture,Wooden Desk,4,12012.35,8318.27,0.2,48049.4,9609.88,38439.52,5166.44,Debit Card,1
TXN000149,2023-05-14,CUST0149,Kiran Bose,Central,Gwalior,Electronics,Tablet,2,18313.91,12719.88,0.0,36627.82,0.0,36627.82,11188.06,Net Banking,0
TXN000150,2023-06-13,CUST0451,Pooja Nair,Central,Raipur,Clothing,Women's Kurti,2,1331.14,600.53,0.05,2662.28,133.11,2529.17,1328.11,UPI,0
TXN000151,2024-02-07,CUST0241,Pooja Nair,South,Chennai,Sports,Dumbbells Set,2,3637.66,2245.26,0.15,7275.32,1091.3,6184.02,1693.5,Net Banking,0
TXN000152,2023-04-21,CUST0100,Divya Iyer,East,Patna,Furniture,Bookshelf,2,6219.11,4378.81,0.1,12438.22,1243.82,11194.4,2436.78,Net Banking,0
TXN000153,2024-01-31,CUST0286,Divya Iyer,Central,Raipur,Sports,Cycle Helmet,1,1252.89,793.91,0.0,1252.89,0.0,1252.89,458.98,Credit Card,0
TXN000154,2024-06-05,CUST0234,Vijay Singh,North,Delhi,Electronics,Smartphone,1,23254.85,17310.05,0.1,23254.85,2325.49,20929.36,3619.31,Net Banking,0
TXN000155,2023-05-24,CUST0261,Asha Pandey,Central,Raipur,Clothing,Winter Jacket,4,3978.55,2178.4,0.2,15914.2,3182.84,12731.36,4017.76,UPI,0
TXN000156,2023-11-03,CUST0408,Rajesh Malhotra,North,Lucknow,Groceries,Tea Powder 500g,2,202.95,154.22,0.0,405.9,0.0,405.9,97.46,Cash,0
TXN000157,2023-09-29,CUST0431,Kiran Bose,Central,Gwalior,Clothing,Saree,3,5142.15,2533.18,0.2,15426.45,3085.29,12341.16,4741.62,Credit Card,0
TXN000158,2023-09-06,CUST0105,Meera Das,North,Chandigarh,Electronics,Smart TV,2,34896.89,26435.32,0.15,69793.78,10469.07,59324.71,6454.07,Net Banking,0
TXN000159,2024-04-27,CUST0236,Nisha Trivedi,North,Chandigarh,Sports,Yoga Mat,1,918.56,545.94,0.0,918.56,0.0,918.56,372.62,Net Banking,0
TXN000160,2023-12-29,CUST0116,Pooja Nair,East,Ranchi,Furniture,Wooden Desk,1,13123.21,8387.29,0.0,13123.21,0.0,13123.21,4735.92,Debit Card,0
TXN000161,2024-12-07,CUST0279,Kiran Bose,East,Guwahati,Groceries,Pulses 1kg,5,138.74,97.73,0.15,693.7,104.06,589.64,100.99,UPI,0
TXN000162,2023-05-30,CUST0104,Mohit Saxena,East,Kolkata,Groceries,Sugar 1kg,1,57.66,42.62,0.0,57.66,0.0,57.66,15.04,Net Banking,0
TXN000163,2024-07-29,CUST0120,Priya Patel,South,Bangalore,Sports,Cycle Helmet,1,1364.57,801.49,0.15,1364.57,204.69,1159.88,358.39,Cash,0
TXN000164,2024-04-28,CUST0245,Harish Agarwal,South,Bangalore,Sports,Yoga Mat,1,908.92,564.36,0.05,908.92,45.45,863.47,299.11,Credit Card,0
TXN000165,2023-10-22,CUST0214,Rajesh Malhotra,North,Delhi,Cosmetics,Hair Serum 100ml,3,753.21,388.9,0.0,2259.63,0.0,2259.63,1092.93,Credit Card,1
TXN000166,2023-02-07,CUST0005,Pooja Nair,West,Surat,Clothing,Saree,3,5470.5,2563.91,0.0,16411.5,0.0,16411.5,8719.77,Net Banking,0
TXN000167,2023-12-10,CUST0375,Suresh Pillai,Central,Gwalior,Furniture,Wooden Desk,3,11747.06,8302.45,0.0,35241.18,0.0,35241.18,10333.83,Debit Card,0
TXN000168,2023-01-15,CUST0424,Meera Das,East,Ranchi,Cosmetics,Moisturiser 50g,1,487.19,285.98,0.05,487.19,24.36,462.83,176.85,Net Banking,0
TXN000169,2024-02-15,CUST0489,Arjun Reddy,South,Chennai,Furniture,Bookshelf,1,6548.99,4485.62,0.0,6548.99,0.0,6548.99,2063.37,Debit Card,0
TXN000170,2024-08-09,CUST0352,Deepak Tiwari,East,Bhubaneswar,Electronics,Router,1,2709.65,1877.98,0.05,2709.65,135.48,2574.17,696.19,Debit Card,0
TXN000171,2024-10-16,CUST0192,Meera Das,East,Patna,Sports,Yoga Mat,3,874.71,558.18,0.1,2624.13,262.41,2361.72,687.18,Net Banking,0
TXN000172,2024-07-04,CUST0271,Nikhil Dubey,South,Chennai,Cosmetics,Hair Serum 100ml,2,755.6,389.96,0.05,1511.2,75.56,1435.64,655.72,Debit Card,0
TXN000173,2024-07-31,CUST0106,Nikhil Dubey,Central,Gwalior,Clothing,Formal Shirt,1,1939.63,896.86,0.15,1939.63,290.94,1648.69,751.83,Net Banking,0
TXN000174,2024-06-06,CUST0237,Rekha Srivastava,North,Jaipur,Clothing,Formal Shirt,1,1821.15,903.45,0.1,1821.15,182.12,1639.03,735.58,Debit Card,0
TXN000175,2024-02-10,CUST0479,Lakshmi Rao,North,Chandigarh,Sports,Cricket Bat,2,2877.73,1853.37,0.0,5755.46,0.0,5755.46,2048.72,Cash,0
TXN000176,2023-07-04,CUST0042,Rekha Srivastava,West,Ahmedabad,Furniture,Sofa Set,2,37815.51,24585.74,0.05,75631.02,3781.55,71849.47,22677.99,Net Banking,0
TXN000177,2023-12-23,CUST0238,Rekha Srivastava,Central,Varanasi,Sports,Yoga Mat,2,854.52,534.25,0.0,1709.04,0.0,1709.04,640.54,Net Banking,0
TXN000178,2024-01-24,CUST0392,Sneha Gupta,South,Kochi,Groceries,Cooking Oil 1L,1,178.44,133.41,0.15,178.44,26.77,151.67,18.26,Cash,0
TXN000179,2024-03-05,CUST0126,Pallavi Shah,North,Chandigarh,Clothing,Men's T-Shirt,2,830.69,354.27,0.0,1661.38,0.0,1661.38,952.84,Cash,0
TXN000180,2023-08-28,CUST0164,Ravi Chandra,North,Chandigarh,Sports,Dumbbells Set,2,3446.95,2254.96,0.1,6893.9,689.39,6204.51,1694.59,Net Banking,0
TXN000181,2023-11-25,CUST0321,Rekha Srivastava,South,Mysore,Clothing,Winter Jacket,2,4368.02,2250.12,0.0,8736.04,0.0,8736.04,4235.8,UPI,0
TXN000182,2023-02-18,CUST0095,Arun Patil,West,Nagpur,Groceries,Tea Powder 500g,2,212.61,151.74,0.05,425.22,21.26,403.96,100.48,Net Banking,0
TXN000183,2023-08-19,CUST0105,Arjun Reddy,South,Kochi,Electronics,Wireless Earbuds,1,3603.25,2185.27,0.0,3603.25,0.0,3603.25,1417.98,Cash,1
TXN000184,2024-01-15,CUST0038,Rohan Mehta,South,Bangalore,Groceries,Sugar 1kg,1,57.81,42.26,0.2,57.81,11.56,46.25,3.99,Net Banking,0
TXN000185,2024-07-26,CUST0246,Nisha Trivedi,South,Hyderabad,Groceries,Basmati Rice 5kg,2,477.55,314.59,0.2,955.1,191.02,764.08,134.9,Credit Card,0
TXN000186,2024-12-21,CUST0158,Sanjay Yadav,South,Mysore,Groceries,Whole Wheat Flour 5kg,3,251.77,190.38,0.0,755.31,0.0,755.31,184.17,Debit Card,0
TXN000187,2024-05-24,CUST0134,Asha Pandey,West,Ahmedabad,Clothing,Denim Jeans,2,2697.95,1217.37,0.0,5395.9,0.0,5395.9,2961.16,Net Banking,0
TXN000188,2024-03-03,CUST0336,Rekha Srivastava,South,Hyderabad,Clothing,Winter Jacket,2,4140.84,2166.44,0.1,8281.68,828.17,7453.51,3120.63,Debit Card,0
TXN000189,2024-05-15,CUST0329,Priya Patel,West,Surat,Clothing,Saree,3,5289.18,2498.25,0.1,15867.54,1586.75,14280.79,6786.04,Net Banking,0
TXN000190,2023-03-18,CUST0078,Rahul Sharma,North,Delhi,Furniture,Wooden Desk,1,12916.58,8363.03,0.15,12916.58,1937.49,10979.09,2616.06,Credit Card,0
TXN000191,2024-01-18,CUST0141,Asha Pandey,Central,Varanasi,Cosmetics,Foundation,2,909.52,504.92,0.15,1819.04,272.86,1546.18,536.34,Debit Card,0
TXN000192,2024-12-15,CUST0130,Mohit Saxena,South,Bangalore,Electronics,Wireless Earbuds,3,3403.17,2159.34,0.1,10209.51,1020.95,9188.56,2710.54,Debit Card,0
TXN000193,2024-02-11,CUST0440,Harish Agarwal,West,Surat,Sports,Yoga Mat,1,946.29,561.48,0.15,946.29,141.94,804.35,242.87,Cash,0
TXN000194,2024-01-24,CUST0223,Harish Agarwal,West,Mumbai,Cosmetics,Face Wash 100ml,1,315.57,155.99,0.2,315.57,63.11,252.46,96.47,Debit Card,0
TXN000195,2023-04-08,CUST0461,Asha Pandey,North,Chandigarh,Clothing,Saree,3,4783.96,2436.15,0.0,14351.88,0.0,14351.88,7043.43,Net Banking,0
TXN000196,2023-07-03,CUST0204,Nisha Trivedi,East,Kolkata,Clothing,Formal Shirt,1,1747.96,917.32,0.2,1747.96,349.59,1398.37,481.05,Cash,0
TXN000197,2024-07-31,CUST0382,Divya Iyer,West,Nagpur,Groceries,Sugar 1kg,1,60.4,42.56,0.1,60.4,6.04,54.36,11.8,Cash,0
TXN000198,2023-08-26,CUST0325,Sanjay Yadav,East,Ranchi,Sports,Badminton Racket,1,1513.25,914.77,0.0,1513.25,0.0,1513.25,598.48,UPI,0
TXN000199,2023-12-31,CUST0366,Amit Kumar,West,Surat,Clothing,Saree,1,5328.06,2469.31,0.0,5328.06,0.0,5328.06,2858.75,Cash,0
TXN000200,2024-01-25,CUST0228,Divya Iyer,South,Kochi,Groceries,Whole Wheat Flour 5kg,1,241.5,184.36,0.0,241.5,0.0,241.5,57.14,Debit Card,0
TXN000201,2023-03-31,CUST0402,Arjun Reddy,West,Nagpur,Sports,Badminton Racket,1,1503.63,878.03,0.1,1503.63,150.36,1353.27,475.24,UPI,0
TXN000202,2024-02-28,CUST0072,Sanjay Yadav,North,Amritsar,Clothing,Formal Shirt,1,1849.67,910.01,0.0,1849.67,0.0,1849.67,939.66,Debit Card,0
TXN000203,2023-05-30,CUST0254,Sunita Mishra,West,Ahmedabad,Furniture,Bookshelf,1,6420.41,4431.58,0.15,6420.41,963.06,5457.35,1025.77,Net Banking,0
TXN000204,2023-04-20,CUST0172,Meera Das,North,Jaipur,Groceries,Pulses 1kg,2,140.98,102.17,0.05,281.96,14.1,267.86,63.52,Net Banking,0
TXN000205,2023-11-25,CUST0496,Ravi Chandra,South,Kochi,Groceries,Cooking Oil 1L,7,178.87,131.52,0.05,1252.09,62.6,1189.49,268.85,Credit Card,0
TXN000206,2023-10-15,CUST0350,Arun Patil,West,Ahmedabad,Electronics,Wireless Earbuds,2,3429.9,2265.64,0.0,6859.8,0.0,6859.8,2328.52,Net Banking,0
TXN000207,2024-04-17,CUST0325,Pooja Nair,South,Kochi,Groceries,Tea Powder 500g,5,224.54,156.61,0.0,1122.7,0.0,1122.7,339.65,Credit Card,0
TXN000208,2023-06-07,CUST0473,Nisha Trivedi,West,Mumbai,Furniture,Dining Table,3,22481.47,14910.72,0.1,67444.41,6744.44,60699.97,15967.81,UPI,0
TXN000209,2024-01-04,CUST0023,Ravi Chandra,Central,Gwalior,Cosmetics,Face Wash 100ml,2,313.86,156.8,0.1,627.72,62.77,564.95,251.35,UPI,1
TXN000210,2023-12-06,CUST0286,Ravi Chandra,West,Mumbai,Electronics,Laptop,4,44496.48,38024.34,0.1,177985.92,17798.59,160187.33,8089.97,Net Banking,0
TXN000211,2024-01-19,CUST0060,Mohit Saxena,Central,Gwalior,Clothing,Denim Jeans,2,2484.79,1230.28,0.0,4969.58,0.0,4969.58,2509.02,Credit Card,0
TXN000212,2023-12-18,CUST0232,Arjun Reddy,South,Mysore,Furniture,Bookshelf,2,6639.26,4483.3,0.15,13278.52,1991.78,11286.74,2320.14,Cash,0
TXN000213,2024-12-28,CUST0287,Meera Das,East,Kolkata,Cosmetics,Moisturiser 50g,4,512.67,280.87,0.0,2050.68,0.0,2050.68,927.2,UPI,0
TXN000214,2024-02-19,CUST0304,Meera Das,South,Kochi,Furniture,Office Chair,1,9015.17,5933.32,0.05,9015.17,450.76,8564.41,2631.09,UPI,0
TXN000215,2023-08-08,CUST0251,Deepak Tiwari,North,Amritsar,Electronics,Wireless Earbuds,2,3565.21,2168.63,0.2,7130.42,1426.08,5704.34,1367.08,Debit Card,0
TXN000216,2024-09-17,CUST0410,Pooja Nair,North,Lucknow,Groceries,Sugar 1kg,2,57.34,42.79,0.15,114.68,17.2,97.48,11.9,Net Banking,0
TXN000217,2024-11-19,CUST0295,Kiran Bose,North,Chandigarh,Groceries,Basmati Rice 5kg,3,461.98,308.48,0.0,1385.94,0.0,1385.94,460.5,UPI,0
TXN000218,2024-10-12,CUST0231,Sunita Mishra,South,Mysore,Clothing,Winter Jacket,5,3972.31,2158.7,0.2,19861.55,3972.31,15889.24,5095.74,Cash,0
TXN000219,2023-01-10,CUST0251,Anita Verma,South,Kochi,Sports,Badminton Racket,1,1534.61,911.35,0.05,1534.61,76.73,1457.88,546.53,Cash,0
TXN000220,2023-08-14,CUST0396,Arun Patil,East,Bhubaneswar,Sports,Dumbbells Set,1,3412.33,2194.37,0.15,3412.33,511.85,2900.48,706.11,UPI,0
TXN000221,2023-04-26,CUST0053,Pallavi Shah,East,Ranchi,Groceries,Pulses 1kg,2,148.1,100.28,0.05,296.2,14.81,281.39,80.83,Credit Card,0
TXN000222,2023-02-03,CUST0378,Ravi Chandra,East,Kolkata,Furniture,Office Chair,1,9063.93,5708.46,0.2,9063.93,1812.79,7251.14,1542.68,Debit Card,0
TXN000223,2024-09-16,CUST0276,Anita Verma,South,Mysore,Clothing,Women's Kurti,2,1345.13,601.16,0.1,2690.26,269.03,2421.23,1218.91,Debit Card,1
TXN000224,2023-10-27,CUST0471,Priya Patel,East,Ranchi,Cosmetics,Face Wash 100ml,1,290.13,162.4,0.05,290.13,14.51,275.62,113.22,Debit Card,0
TXN000225,2023-05-10,CUST0296,Harish Agarwal,South,Chennai,Clothing,Saree,2,5381.59,2483.91,0.0,10763.18,0.0,10763.18,5795.36,Debit Card,0
TXN000226,2024-01-20,CUST0233,Lakshmi Rao,North,Jaipur,Sports,Cycle Helmet,2,1288.26,820.94,0.0,2576.52,0.0,2576.52,934.64,Debit Card,0
TXN000227,2023-04-06,CUST0425,Pooja Nair,West,Ahmedabad,Electronics,Wireless Earbuds,1,3758.05,2199.3,0.0,3758.05,0.0,3758.05,1558.75,Debit Card,0
TXN000228,2023-05-14,CUST0236,Rahul Sharma,West,Ahmedabad,Cosmetics,Face Wash 100ml,4,286.11,161.21,0.2,1144.44,228.89,915.55,270.71,Cash,1
TXN000229,2023-06-11,CUST0048,Harish Agarwal,North,Jaipur,Clothing,Saree,3,4975.4,2556.16,0.0,14926.2,0.0,14926.2,7257.72,Debit Card,0
TXN000230,2024-01-16,CUST0220,Harish Agarwal,South,Bangalore,Furniture,Wardrobe,1,17924.87,12143.6,0.0,17924.87,0.0,17924.87,5781.27,Cash,0
TXN000231,2023-01-02,CUST0441,Meera Das,North,Chandigarh,Sports,Yoga Mat,1,855.14,544.84,0.0,855.14,0.0,855.14,310.3,Credit Card,0
TXN000232,2023-08-23,CUST0417,Arun Patil,North,Delhi,Groceries,Whole Wheat Flour 5kg,1,270.54,185.86,0.2,270.54,54.11,216.43,30.57,Credit Card,0
TXN000233,2024-11-24,CUST0471,Meera Das,Central,Gwalior,Electronics,Wireless Earbuds,1,3704.28,2216.91,0.0,3704.28,0.0,3704.28,1487.37,Net Banking,0
TXN000234,2023-08-11,CUST0162,Geeta Bhatt,North,Chandigarh,Electronics,Wireless Earbuds,1,3708.25,2180.4,0.05,3708.25,185.41,3522.84,1342.44,Credit Card,0
TXN000235,2024-10-22,CUST0449,Pooja Nair,Central,Gwalior,Sports,Cycle Helmet,1,1368.59,816.7,0.15,1368.59,205.29,1163.3,346.6,Credit Card,0
TXN000236,2024-06-05,CUST0254,Kiran Bose,West,Ahmedabad,Cosmetics,Face Wash 100ml,1,319.2,162.82,0.0,319.2,0.0,319.2,156.38,Cash,0
TXN000237,2024-10-15,CUST0089,Arun Patil,Central,Bhopal,Groceries,Whole Wheat Flour 5kg,5,258.81,188.47,0.15,1294.05,194.11,1099.94,157.59,UPI,1
TXN000238,2023-03-16,CUST0204,Deepak Tiwari,North,Delhi,Groceries,Cooking Oil 1L,3,172.08,126.57,0.2,516.24,103.25,412.99,33.28,Debit Card,0
TXN000239,2024-05-28,CUST0472,Rohan Mehta,West,Surat,Electronics,Router,1,2776.54,1878.33,0.1,2776.54,277.65,2498.89,620.56,Credit Card,0
TXN000240,2024-02-05,CUST0126,Amit Kumar,North,Lucknow,Cosmetics,Foundation,1,952.48,530.81,0.0,952.48,0.0,952.48,421.67,UPI,0
TXN000241,2024-09-18,CUST0265,Geeta Bhatt,East,Bhubaneswar,Electronics,Laptop,1,43855.87,39032.88,0.1,43855.87,4385.59,39470.28,437.4,Debit Card,0
TXN000242,2023-05-10,CUST0135,Nikhil Dubey,East,Kolkata,Electronics,Tablet,1,19279.19,12822.14,0.0,19279.19,0.0,19279.19,6457.05,Net Banking,0
TXN000243,2024-05-23,CUST0371,Sneha Gupta,East,Kolkata,Furniture,Dining Table,2,23451.99,15354.84,0.15,46903.98,7035.6,39868.38,9158.7,Credit Card,0
TXN000244,2023-01-03,CUST0477,Swati Kapoor,North,Chandigarh,Electronics,Smart TV,1,35160.88,27680.77,0.0,35160.88,0.0,35160.88,7480.11,Cash,0
TXN000245,2024-11-02,CUST0462,Priya Patel,East,Bhubaneswar,Furniture,Wardrobe,1,18643.15,11725.97,0.15,18643.15,2796.47,15846.68,4120.71,Credit Card,0
TXN000246,2024-06-12,CUST0284,Suresh Pillai,West,Mumbai,Furniture,Bookshelf,4,6929.19,4448.89,0.0,27716.76,0.0,27716.76,9921.2,Cash,0
TXN000247,2023-10-26,CUST0462,Asha Pandey,East,Ranchi,Clothing,Winter Jacket,1,4397.57,2236.42,0.15,4397.57,659.64,3737.93,1501.51,Credit Card,0
TXN000248,2024-02-24,CUST0389,Rekha Srivastava,Central,Raipur,Cosmetics,Sunscreen SPF50,2,486.71,277.31,0.0,973.42,0.0,973.42,418.8,UPI,0
TXN000249,2023-11-11,CUST0472,Kavita Joshi,Central,Indore,Furniture,Sofa Set,6,33997.46,23682.95,0.0,203984.76,0.0,203984.76,61887.06,Net Banking,0
TXN000250,2024-01-17,CUST0304,Ravi Chandra,North,Amritsar,Electronics,Wireless Earbuds,1,3395.09,2242.24,0.0,3395.09,0.0,3395.09,1152.85,Cash,0
TXN000251,2023-05-14,CUST0070,Arun Patil,East,Patna,Furniture,Wardrobe,2,18322.45,11808.2,0.0,36644.9,0.0,36644.9,13028.5,Net Banking,0
TXN000252,2023-04-19,CUST0232,Pooja Nair,West,Ahmedabad,Furniture,Office Chair,1,8758.3,5961.69,0.0,8758.3,0.0,8758.3,2796.61,UPI,0
TXN000253,2023-05-03,CUST0203,Deepak Tiwari,East,Ranchi,Electronics,Smartphone,2,21201.0,16743.18,0.0,42402.0,0.0,42402.0,8915.64,Cash,0
TXN000254,2023-09-24,CUST0237,Sneha Gupta,South,Bangalore,Furniture,Sofa Set,1,36168.76,24072.17,0.0,36168.76,0.0,36168.76,12096.59,Credit Card,0
TXN000255,2023-03-05,CUST0470,Mohit Saxena,South,Chennai,Clothing,Winter Jacket,1,4185.76,2210.87,0.0,4185.76,0.0,4185.76,1974.89,Cash,0
TXN000256,2023-03-08,CUST0087,Nisha Trivedi,West,Pune,Electronics,Tablet,2,17430.82,13344.98,0.0,34861.64,0.0,34861.64,8171.68,Net Banking,0
TXN000257,2024-02-09,CUST0315,Sunita Mishra,West,Surat,Clothing,Denim Jeans,1,2478.95,1227.61,0.0,2478.95,0.0,2478.95,1251.34,Net Banking,0
TXN000258,2023-10-30,CUST0330,Rajesh Malhotra,Central,Varanasi,Electronics,Laptop,3,44638.49,37172.9,0.0,133915.47,0.0,133915.47,22396.77,Net Banking,0
TXN000259,2024-07-10,CUST0093,Rahul Sharma,West,Ahmedabad,Furniture,Dining Table,2,22766.65,14839.44,0.0,45533.3,0.0,45533.3,15854.42,Debit Card,0
TXN000260,2023-01-31,CUST0499,Anita Verma,East,Kolkata,Furniture,Dining Table,1,22079.53,15075.59,0.0,22079.53,0.0,22079.53,7003.94,Cash,0
TXN000261,2023-09-04,CUST0163,Geeta Bhatt,North,Chandigarh,Sports,Running Shoes,1,5382.84,3137.81,0.1,5382.84,538.28,4844.56,1706.75,Debit Card,0
TXN000262,2023-01-29,CUST0452,Lakshmi Rao,East,Ranchi,Sports,Yoga Mat,2,929.99,539.71,0.2,1859.98,372.0,1487.98,408.56,Net Banking,0
TXN000263,2024-05-17,CUST0067,Arjun Reddy,North,Chandigarh,Sports,Yoga Mat,3,898.78,553.77,0.2,2696.34,539.27,2157.07,495.76,Credit Card,0
TXN000264,2023-11-28,CUST0187,Amit Kumar,South,Mysore,Cosmetics,Moisturiser 50g,2,532.01,285.82,0.2,1064.02,212.8,851.22,279.58,Debit Card,0
TXN000265,2024-11-09,CUST0333,Arjun Reddy,North,Lucknow,Groceries,Whole Wheat Flour 5kg,3,273.08,193.33,0.05,819.24,40.96,778.28,198.29,Credit Card,0
TXN000266,2024-07-29,CUST0376,Nikhil Dubey,Central,Raipur,Clothing,Saree,2,5190.67,2451.3,0.0,10381.34,0.0,10381.34,5478.74,Debit Card,0
TXN000267,2023-01-02,CUST0290,Sneha Gupta,Central,Varanasi,Sports,Cricket Bat,2,3212.89,1812.03,0.15,6425.78,963.87,5461.91,1837.85,UPI,0
TXN000268,2023-03-21,CUST0454,Arjun Reddy,East,Bhubaneswar,Cosmetics,Face Wash 100ml,2,320.9,161.63,0.15,641.8,96.27,545.53,222.27,UPI,0
TXN000269,2023-08-03,CUST0453,Meera Das,North,Lucknow,Groceries,Basmati Rice 5kg,1,457.08,308.51,0.0,457.08,0.0,457.08,148.57,UPI,0
TXN000270,2023-12-26,CUST0038,Geeta Bhatt,North,Jaipur,Sports,Cycle Helmet,2,1381.79,786.83,0.05,2763.58,138.18,2625.4,1051.74,Cash,0
TXN000271,2023-11-23,CUST0174,Sunita Mishra,North,Delhi,Groceries,Cooking Oil 1L,3,173.03,133.45,0.0,519.09,0.0,519.09,118.74,Net Banking,0
TXN000272,2024-12-22,CUST0210,Nikhil Dubey,South,Mysore,Furniture,Wooden Desk,2,11496.4,8413.86,0.0,22992.8,0.0,22992.8,6165.08,Net Banking,0
TXN000273,2024-07-07,CUST0002,Meera Das,East,Patna,Clothing,Men's T-Shirt,3,859.71,342.73,0.0,2579.13,0.0,2579.13,1550.94,Cash,0
TXN000274,2024-11-08,CUST0243,Swati Kapoor,West,Pune,Electronics,Laptop,3,44146.93,38315.07,0.0,132440.79,0.0,132440.79,17495.58,Cash,0
TXN000275,2024-02-12,CUST0135,Suresh Pillai,East,Kolkata,Cosmetics,Hair Serum 100ml,1,704.04,392.48,0.0,704.04,0.0,704.04,311.56,UPI,0
TXN000276,2023-10-03,CUST0302,Kavita Joshi,South,Bangalore,Electronics,Router,4,2804.39,1904.73,0.2,11217.56,2243.51,8974.05,1355.13,Net Banking,0
TXN000277,2024-02-01,CUST0366,Priya Patel,West,Nagpur,Cosmetics,Foundation,1,894.35,516.72,0.2,894.35,178.87,715.48,198.76,Net Banking,0
TXN000278,2024-06-13,CUST0414,Rohan Mehta,Central,Indore,Electronics,Smart TV,1,34157.61,27784.68,0.0,34157.61,0.0,34157.61,6372.93,Credit Card,0
TXN000279,2023-03-22,CUST0045,Kiran Bose,West,Pune,Cosmetics,Moisturiser 50g,2,542.22,286.96,0.0,1084.44,0.0,1084.44,510.52,Net Banking,0
TXN000280,2023-11-30,CUST0058,Meera Das,Central,Varanasi,Electronics,Router,2,2921.68,1902.57,0.05,5843.36,292.17,5551.19,1746.05,Credit Card,0
TXN000281,2024-08-25,CUST0197,Harish Agarwal,North,Delhi,Sports,Cricket Bat,2,3244.98,1840.81,0.0,6489.96,0.0,6489.96,2808.34,UPI,0
TXN000282,2024-04-29,CUST0203,Rajesh Malhotra,East,Guwahati,Clothing,Formal Shirt,1,1873.3,910.46,0.0,1873.3,0.0,1873.3,962.84,Debit Card,0
TXN000283,2023-02-20,CUST0351,Sneha Gupta,East,Patna,Electronics,Tablet,1,17856.94,12993.46,0.15,17856.94,2678.54,15178.4,2184.94,Credit Card,0
TXN000284,2024-03-29,CUST0109,Nisha Trivedi,East,Patna,Cosmetics,Foundation,1,935.63,507.19,0.05,935.63,46.78,888.85,381.66,UPI,0
TXN000285,2024-06-12,CUST0015,Anita Verma,North,Amritsar,Clothing,Men's T-Shirt,1,775.31,357.38,0.1,775.31,77.53,697.78,340.4,Credit Card,0
TXN000286,2023-07-25,CUST0189,Mohit Saxena,South,Bangalore,Furniture,Office Chair,3,9245.49,5871.21,0.0,27736.47,0.0,27736.47,10122.84,UPI,0
TXN000287,2024-10-12,CUST0177,Anita Verma,North,Chandigarh,Groceries,Sugar 1kg,2,59.43,42.22,0.0,118.86,0.0,118.86,34.42,Debit Card,0
TXN000288,2024-12-06,CUST0439,Kavita Joshi,North,Jaipur,Electronics,Smartphone,2,23717.61,17285.43,0.0,47435.22,0.0,47435.22,12864.36,Credit Card,0
TXN000289,2023-10-03,CUST0130,Sunita Mishra,Central,Bhopal,Cosmetics,Face Wash 100ml,2,291.82,162.89,0.0,583.64,0.0,583.64,257.86,Debit Card,0
TXN000290,2024-12-27,CUST0267,Mohit Saxena,West,Surat,Groceries,Sugar 1kg,3,54.33,41.92,0.15,162.99,24.45,138.54,12.78,Net Banking,0
TXN000291,2023-04-15,CUST0328,Arjun Reddy,East,Ranchi,Cosmetics,Hair Serum 100ml,1,675.38,389.53,0.0,675.38,0.0,675.38,285.85,Debit Card,0
TXN000292,2024-12-29,CUST0439,Geeta Bhatt,East,Bhubaneswar,Clothing,Formal Shirt,2,1915.61,921.58,0.2,3831.22,766.24,3064.98,1221.82,Net Banking,0
TXN000293,2023-11-24,CUST0418,Rohan Mehta,North,Jaipur,Groceries,Whole Wheat Flour 5kg,4,265.13,190.95,0.1,1060.52,106.05,954.47,190.67,Debit Card,0
TXN000294,2023-08-16,CUST0093,Pooja Nair,West,Ahmedabad,Sports,Dumbbells Set,1,3767.77,2244.96,0.1,3767.77,376.78,3390.99,1146.03,Cash,0
TXN000295,2023-09-22,CUST0404,Rajesh Malhotra,Central,Indore,Cosmetics,Lipstick,1,589.12,316.91,0.05,589.12,29.46,559.66,242.75,Debit Card,0
TXN000296,2024-08-22,CUST0242,Rajesh Malhotra,North,Jaipur,Electronics,Router,1,2905.1,1950.65,0.0,2905.1,0.0,2905.1,954.45,Credit Card,0
TXN000297,2024-11-28,CUST0074,Arjun Reddy,East,Guwahati,Electronics,Smartphone,3,22250.33,17070.79,0.05,66750.99,3337.55,63413.44,12201.07,Credit Card,0
TXN000298,2024-05-14,CUST0397,Anita Verma,South,Hyderabad,Cosmetics,Face Wash 100ml,3,284.26,157.83,0.2,852.78,170.56,682.22,208.73,Net Banking,0
TXN000299,2024-05-16,CUST0274,Rohan Mehta,North,Chandigarh,Sports,Running Shoes,1,5472.9,3177.6,0.0,5472.9,0.0,5472.9,2295.3,Debit Card,1
TXN000300,2023-11-26,CUST0356,Rajesh Malhotra,Central,Indore,Electronics,Router,1,2661.73,1926.63,0.0,2661.73,0.0,2661.73,735.1,Debit Card,0
TXN000301,2023-04-16,CUST0269,Arjun Reddy,Central,Raipur,Clothing,Men's T-Shirt,2,793.91,354.78,0.1,1587.82,158.78,1429.04,719.48,UPI,0
TXN000302,2023-05-18,CUST0010,Kavita Joshi,West,Ahmedabad,Clothing,Women's Kurti,1,1418.78,615.06,0.05,1418.78,70.94,1347.84,732.78,Credit Card,0
TXN000303,2023-05-15,CUST0131,Arun Patil,North,Amritsar,Sports,Yoga Mat,3,960.87,545.88,0.15,2882.61,432.39,2450.22,812.58,Net Banking,0
TXN000304,2024-08-31,CUST0281,Sanjay Yadav,North,Delhi,Electronics,Router,3,2708.63,1893.65,0.0,8125.89,0.0,8125.89,2444.94,UPI,0
TXN000305,2023-07-30,CUST0426,Rajesh Malhotra,North,Lucknow,Furniture,Wardrobe,3,18781.55,12144.52,0.05,56344.65,2817.23,53527.42,17093.86,Cash,0
TXN000306,2024-09-24,CUST0268,Rohan Mehta,North,Delhi,Furniture,Wooden Desk,2,12496.2,8641.76,0.2,24992.4,4998.48,19993.92,2710.4,Debit Card,0
TXN000307,2023-10-30,CUST0428,Ravi Chandra,Central,Varanasi,Clothing,Saree,3,4751.1,2525.74,0.0,14253.3,0.0,14253.3,6676.08,UPI,0
TXN000308,2023-04-03,CUST0136,Suresh Pillai,North,Delhi,Groceries,Tea Powder 500g,2,206.78,159.54,0.0,413.56,0.0,413.56,94.48,Cash,0
TXN000309,2023-06-28,CUST0437,Vijay Singh,East,Patna,Cosmetics,Lipstick,1,645.53,317.26,0.0,645.53,0.0,645.53,328.27,Credit Card,0
TXN000310,2024-03-24,CUST0140,Mohit Saxena,East,Kolkata,Groceries,Whole Wheat Flour 5kg,2,244.36,188.87,0.05,488.72,24.44,464.28,86.54,UPI,0
TXN000311,2024-05-04,CUST0248,Geeta Bhatt,South,Bangalore,Clothing,Saree,2,5382.19,2440.56,0.1,10764.38,1076.44,9687.94,4806.82,Net Banking,0
TXN000312,2023-07-05,CUST0248,Nisha Trivedi,East,Ranchi,Electronics,Router,1,3029.58,1925.91,0.0,3029.58,0.0,3029.58,1103.67,UPI,0
TXN000313,2024-02-26,CUST0290,Kavita Joshi,North,Lucknow,Cosmetics,Lipstick,3,616.2,314.53,0.15,1848.6,277.29,1571.31,627.72,Debit Card,0
TXN000314,2024-12-05,CUST0329,Kiran Bose,North,Jaipur,Cosmetics,Sunscreen SPF50,3,444.28,267.5,0.15,1332.84,199.93,1132.91,330.41,Credit Card,0
TXN000315,2024-07-25,CUST0039,Arun Patil,Central,Bhopal,Electronics,Router,3,2857.1,1899.53,0.0,8571.3,0.0,8571.3,2872.71,UPI,0
TXN000316,2023-12-05,CUST0041,Suresh Pillai,North,Amritsar,Clothing,Formal Shirt,2,1882.65,894.78,0.0,3765.3,0.0,3765.3,1975.74,UPI,0
TXN000317,2024-04-03,CUST0286,Asha Pandey,West,Surat,Groceries,Basmati Rice 5kg,4,428.7,308.2,0.0,1714.8,0.0,1714.8,482.0,Cash,0
TXN000318,2024-09-10,CUST0187,Mohit Saxena,East,Ranchi,Sports,Yoga Mat,2,942.32,548.55,0.0,1884.64,0.0,1884.64,787.54,Cash,0
TXN000319,2024-04-10,CUST0002,Arjun Reddy,Central,Gwalior,Furniture,Wardrobe,1,17407.86,12186.71,0.0,17407.86,0.0,17407.86,5221.15,Debit Card,0
TXN000320,2023-10-26,CUST0370,Meera Das,East,Kolkata,Electronics,Smartphone,1,22524.99,17328.28,0.15,22524.99,3378.75,19146.24,1817.96,Cash,0
TXN000321,2023-07-20,CUST0345,Ravi Chandra,West,Pune,Furniture,Wooden Desk,1,12146.05,8717.58,0.2,12146.05,2429.21,9716.84,999.26,Cash,0
TXN000322,2024-04-06,CUST0479,Meera Das,Central,Gwalior,Clothing,Winter Jacket,1,3801.65,2231.18,0.1,3801.65,380.17,3421.48,1190.3,Net Banking,0
TXN000323,2024-06-04,CUST0259,Rajesh Malhotra,South,Mysore,Clothing,Saree,2,5242.09,2515.92,0.0,10484.18,0.0,10484.18,5452.34,UPI,0
TXN000324,2024-09-15,CUST0071,Meera Das,South,Hyderabad,Furniture,Bookshelf,1,7121.23,4487.27,0.0,7121.23,0.0,7121.23,2633.96,Net Banking,0
TXN000325,2024-06-08,CUST0352,Divya Iyer,Central,Raipur,Cosmetics,Sunscreen SPF50,3,441.06,272.01,0.0,1323.18,0.0,1323.18,507.15,Credit Card,1
TXN000326,2024-10-27,CUST0181,Asha Pandey,South,Mysore,Sports,Cycle Helmet,2,1358.15,810.1,0.2,2716.3,543.26,2173.04,552.84,UPI,0
TXN000327,2024-11-14,CUST0137,Arun Patil,Central,Raipur,Furniture,Office Chair,2,8260.29,5859.25,0.0,16520.58,0.0,16520.58,4802.08,Credit Card,1
TXN000328,2024-11-30,CUST0316,Swati Kapoor,North,Lucknow,Clothing,Formal Shirt,2,1717.77,916.96,0.0,3435.54,0.0,3435.54,1601.62,Net Banking,0
TXN000329,2024-10-24,CUST0500,Rekha Srivastava,South,Mysore,Cosmetics,Lipstick,2,603.34,308.45,0.2,1206.68,241.34,965.34,348.44,Debit Card,1
TXN000330,2023-02-25,CUST0364,Harish Agarwal,East,Bhubaneswar,Sports,Running Shoes,1,5371.41,3279.01,0.15,5371.41,805.71,4565.7,1286.69,Debit Card,0
TXN000331,2024-07-13,CUST0062,Kiran Bose,South,Chennai,Groceries,Sugar 1kg,2,53.79,41.18,0.1,107.58,10.76,96.82,14.46,Cash,0
TXN000332,2024-07-23,CUST0021,Vijay Singh,South,Mysore,Groceries,Basmati Rice 5kg,3,449.81,313.9,0.0,1349.43,0.0,1349.43,407.73,Debit Card,0
TXN000333,2024-10-02,CUST0267,Amit Kumar,East,Guwahati,Sports,Badminton Racket,1,1495.52,884.88,0.0,1495.52,0.0,1495.52,610.64,Net Banking,0
TXN000334,2024-07-10,CUST0112,Arun Patil,North,Lucknow,Clothing,Women's Kurti,3,1363.3,593.92,0.0,4089.9,0.0,4089.9,2308.14,Net Banking,0
TXN000335,2024-07-28,CUST0350,Rajesh Malhotra,North,Delhi,Cosmetics,Lipstick,1,624.19,312.25,0.0,624.19,0.0,624.19,311.94,Debit Card,0
TXN000336,2023-04-27,CUST0261,Suresh Pillai,Central,Raipur,Electronics,Wireless Earbuds,3,3756.61,2183.49,0.2,11269.83,2253.97,9015.86,2465.39,UPI,0
TXN000337,2024-10-29,CUST0344,Harish Agarwal,Central,Bhopal,Electronics,Smartphone,5,22659.58,17129.47,0.0,113297.9,0.0,113297.9,27650.55,Credit Card,0
TXN000338,2024-03-10,CUST0383,Rekha Srivastava,South,Mysore,Cosmetics,Sunscreen SPF50,1,479.83,272.37,0.0,479.83,0.0,479.83,207.46,Credit Card,0
TXN000339,2023-12-06,CUST0231,Harish Agarwal,North,Delhi,Clothing,Denim Jeans,1,2459.38,1182.62,0.05,2459.38,122.97,2336.41,1153.79,UPI,0
TXN000340,2023-01-18,CUST0300,Priya Patel,North,Amritsar,Electronics,Router,1,2962.52,1850.21,0.15,2962.52,444.38,2518.14,667.93,Cash,0
TXN000341,2024-05-29,CUST0081,Asha Pandey,East,Ranchi,Electronics,Tablet,2,18166.81,13125.36,0.05,36333.62,1816.68,34516.94,8266.22,Credit Card,0
TXN000342,2024-02-05,CUST0444,Pallavi Shah,Central,Raipur,Cosmetics,Moisturiser 50g,1,496.36,286.5,0.2,496.36,99.27,397.09,110.59,Debit Card,1
TXN000343,2023-01-12,CUST0108,Pallavi Shah,Central,Indore,Electronics,Laptop,2,46375.78,39019.11,0.0,92751.56,0.0,92751.56,14713.34,Debit Card,0
TXN000344,2024-10-23,CUST0093,Rekha Srivastava,South,Chennai,Clothing,Women's Kurti,3,1354.25,591.1,0.0,4062.75,0.0,4062.75,2289.45,Net Banking,0
TXN000345,2024-07-16,CUST0183,Vijay Singh,Central,Bhopal,Groceries,Tea Powder 500g,2,222.36,154.88,0.0,444.72,0.0,444.72,134.96,Credit Card,0
TXN000346,2024-09-26,CUST0300,Vijay Singh,South,Hyderabad,Furniture,Sofa Set,2,34973.82,24229.57,0.15,69947.64,10492.15,59455.49,10996.35,Net Banking,0
TXN000347,2023-11-20,CUST0069,Rekha Srivastava,South,Bangalore,Groceries,Cooking Oil 1L,3,188.3,128.26,0.0,564.9,0.0,564.9,180.12,Debit Card,0
TXN000348,2024-04-18,CUST0144,Swati Kapoor,East,Guwahati,Sports,Cricket Bat,1,2928.12,1811.52,0.2,2928.12,585.62,2342.5,530.98,Credit Card,0
TXN000349,2023-07-21,CUST0465,Priya Patel,North,Delhi,Electronics,Wireless Earbuds,1,3628.92,2235.53,0.0,3628.92,0.0,3628.92,1393.39,Net Banking,0
TXN000350,2024-07-06,CUST0149,Vijay Singh,South,Hyderabad,Furniture,Wooden Desk,1,13004.59,8545.7,0.2,13004.59,2600.92,10403.67,1857.97,UPI,0
TXN000351,2023-04-03,CUST0072,Suresh Pillai,Central,Bhopal,Cosmetics,Moisturiser 50g,3,520.01,274.39,0.1,1560.03,156.0,1404.03,580.86,Credit Card,0
TXN000352,2024-08-02,CUST0136,Divya Iyer,South,Kochi,Groceries,Basmati Rice 5kg,1,442.27,309.77,0.0,442.27,0.0,442.27,132.5,Credit Card,0
TXN000353,2023-07-31,CUST0325,Mohit Saxena,East,Guwahati,Furniture,Sofa Set,2,36654.75,23428.64,0.1,73309.5,7330.95,65978.55,19121.27,Debit Card,0
TXN000354,2023-09-27,CUST0040,Deepak Tiwari,Central,Indore,Furniture,Wardrobe,1,18122.0,12063.13,0.2,18122.0,3624.4,14497.6,2434.47,Debit Card,0
TXN000355,2023-08-17,CUST0040,Deepak Tiwari,East,Patna,Furniture,Sofa Set,2,37880.68,23913.45,0.0,75761.36,0.0,75761.36,27934.46,Debit Card,0
TXN000356,2023-07-11,CUST0247,Rekha Srivastava,Central,Bhopal,Cosmetics,Moisturiser 50g,1,505.08,277.15,0.0,505.08,0.0,505.08,227.93,UPI,0
TXN000357,2024-08-27,CUST0076,Priya Patel,West,Mumbai,Clothing,Men's T-Shirt,2,775.2,350.27,0.1,1550.4,155.04,1395.36,694.82,Credit Card,0
TXN000358,2023-07-04,CUST0421,Pooja Nair,West,Nagpur,Sports,Cycle Helmet,3,1237.68,810.54,0.15,3713.04,556.96,3156.08,724.46,Cash,0
TXN000359,2024-09-13,CUST0262,Sanjay Yadav,West,Pune,Clothing,Winter Jacket,1,4291.2,2158.01,0.15,4291.2,643.68,3647.52,1489.51,Credit Card,0
TXN000360,2023-12-17,CUST0104,Deepak Tiwari,Central,Gwalior,Electronics,Smartphone,1,22148.1,16624.86,0.0,22148.1,0.0,22148.1,5523.24,Net Banking,0
TXN000361,2023-06-03,CUST0338,Vijay Singh,South,Kochi,Sports,Badminton Racket,3,1537.22,879.35,0.05,4611.66,230.58,4381.08,1743.03,Net Banking,0
TXN000362,2023-01-02,CUST0118,Geeta Bhatt,West,Nagpur,Furniture,Bookshelf,2,7027.95,4553.36,0.05,14055.9,702.8,13353.1,4246.38,UPI,0
TXN000363,2024-01-26,CUST0449,Asha Pandey,Central,Bhopal,Furniture,Wooden Desk,1,13038.15,8287.75,0.1,13038.15,1303.82,11734.33,3446.58,UPI,0
TXN000364,2023-01-06,CUST0353,Geeta Bhatt,North,Amritsar,Sports,Cricket Bat,3,3082.86,1786.5,0.0,9248.58,0.0,9248.58,3889.08,Debit Card,0
TXN000365,2023-04-20,CUST0105,Meera Das,Central,Raipur,Groceries,Pulses 1kg,1,138.79,101.08,0.2,138.79,27.76,111.03,9.95,Net Banking,0
TXN000366,2024-05-09,CUST0362,Kiran Bose,Central,Gwalior,Furniture,Bookshelf,2,7138.8,4520.97,0.2,14277.6,2855.52,11422.08,2380.14,Credit Card,0
TXN000367,2024-11-06,CUST0357,Rekha Srivastava,South,Kochi,Cosmetics,Moisturiser 50g,3,532.89,285.05,0.1,1598.67,159.87,1438.8,583.65,Cash,0
TXN000368,2024-10-13,CUST0190,Amit Kumar,North,Chandigarh,Furniture,Dining Table,3,22336.75,14607.67,0.0,67010.25,0.0,67010.25,23187.24,Net Banking,0
TXN000369,2024-01-29,CUST0328,Lakshmi Rao,West,Nagpur,Cosmetics,Hair Serum 100ml,1,670.07,406.57,0.0,670.07,0.0,670.07,263.5,UPI,0
TXN000370,2024-11-03,CUST0119,Sunita Mishra,Central,Raipur,Clothing,Men's T-Shirt,7,853.01,350.22,0.15,5971.07,895.66,5075.41,2623.87,Credit Card,0
TXN000371,2024-01-04,CUST0008,Pallavi Shah,North,Chandigarh,Electronics,Tablet,1,18166.89,13067.14,0.1,18166.89,1816.69,16350.2,3283.06,Cash,0
TXN000372,2024-07-16,CUST0494,Rohan Mehta,Central,Gwalior,Groceries,Whole Wheat Flour 5kg,1,273.62,187.45,0.1,273.62,27.36,246.26,58.81,UPI,1
TXN000373,2024-08-11,CUST0490,Sanjay Yadav,South,Kochi,Sports,Cricket Bat,1,3001.98,1758.64,0.1,3001.98,300.2,2701.78,943.14,Net Banking,0
TXN000374,2024-08-11,CUST0235,Rekha Srivastava,West,Surat,Sports,Running Shoes,1,5326.41,3249.43,0.2,5326.41,1065.28,4261.13,1011.7,UPI,0
TXN000375,2023-01-29,CUST0490,Divya Iyer,East,Kolkata,Furniture,Wardrobe,1,18993.18,12216.12,0.05,18993.18,949.66,18043.52,5827.4,Net Banking,0
TXN000376,2024-12-18,CUST0284,Nisha Trivedi,South,Hyderabad,Electronics,Smart TV,2,36786.91,27520.14,0.0,73573.82,0.0,73573.82,18533.54,Credit Card,0
TXN000377,2023-12-29,CUST0124,Swati Kapoor,Central,Raipur,Clothing,Saree,1,5123.22,2454.95,0.15,5123.22,768.48,4354.74,1899.79,Debit Card,0
TXN000378,2023-07-27,CUST0253,Sunita Mishra,Central,Raipur,Clothing,Men's T-Shirt,1,773.42,341.15,0.15,773.42,116.01,657.41,316.26,Cash,0
TXN000379,2024-07-08,CUST0094,Arun Patil,West,Ahmedabad,Sports,Dumbbells Set,1,3794.84,2248.68,0.05,3794.84,189.74,3605.1,1356.42,Net Banking,0
TXN000380,2023-08-16,CUST0178,Kiran Bose,South,Bangalore,Sports,Running Shoes,2,5107.72,3207.83,0.1,10215.44,1021.54,9193.9,2778.24,Credit Card,0
TXN000381,2023-05-04,CUST0442,Sanjay Yadav,West,Ahmedabad,Cosmetics,Face Wash 100ml,3,310.11,158.32,0.1,930.33,93.03,837.3,362.34,Credit Card,0
TXN000382,2023-08-31,CUST0386,Divya Iyer,Central,Raipur,Groceries,Cooking Oil 1L,2,184.47,127.74,0.15,368.94,55.34,313.6,58.12,Debit Card,0
TXN000383,2023-10-14,CUST0439,Kiran Bose,Central,Indore,Sports,Cycle Helmet,3,1286.65,787.32,0.05,3859.95,193.0,3666.95,1304.99,Credit Card,0
TXN000384,2023-06-03,CUST0265,Asha Pandey,North,Chandigarh,Furniture,Sofa Set,2,33955.98,24566.31,0.15,67911.96,10186.79,57725.17,8592.55,Debit Card,0
TXN000385,2023-11-04,CUST0050,Suresh Pillai,Central,Bhopal,Furniture,Office Chair,2,9112.62,5791.84,0.15,18225.24,2733.79,15491.45,3907.77,Debit Card,0
TXN000386,2024-01-04,CUST0102,Ravi Chandra,East,Patna,Electronics,Smart TV,1,33886.5,27595.14,0.1,33886.5,3388.65,30497.85,2902.71,Net Banking,0
TXN000387,2024-07-05,CUST0147,Suresh Pillai,East,Patna,Groceries,Tea Powder 500g,1,213.58,151.08,0.1,213.58,21.36,192.22,41.14,Credit Card,0
TXN000388,2024-10-17,CUST0041,Anita Verma,East,Guwahati,Cosmetics,Hair Serum 100ml,3,723.99,408.37,0.0,2171.97,0.0,2171.97,946.86,Debit Card,0
TXN000389,2023-11-21,CUST0267,Suresh Pillai,East,Ranchi,Cosmetics,Foundation,2,970.4,515.73,0.1,1940.8,194.08,1746.72,715.26,UPI,0
TXN000390,2023-01-24,CUST0053,Sneha Gupta,South,Hyderabad,Cosmetics,Sunscreen SPF50,2,478.11,265.31,0.05,956.22,47.81,908.41,377.79,Cash,1
TXN000391,2024-04-29,CUST0159,Kavita Joshi,North,Jaipur,Sports,Cricket Bat,3,2886.98,1846.61,0.05,8660.94,433.05,8227.89,2688.06,Credit Card,0
TXN000392,2024-03-29,CUST0443,Lakshmi Rao,South,Mysore,Clothing,Men's T-Shirt,3,763.26,346.99,0.0,2289.78,0.0,2289.78,1248.81,UPI,1
TXN000393,2024-07-07,CUST0223,Deepak Tiwari,Central,Varanasi,Clothing,Saree,1,5091.39,2537.34,0.1,5091.39,509.14,4582.25,2044.91,Net Banking,0
TXN000394,2023-12-22,CUST0006,Rahul Sharma,South,Bangalore,Furniture,Bookshelf,2,6531.64,4435.15,0.0,13063.28,0.0,13063.28,4192.98,Net Banking,0
TXN000395,2023-05-20,CUST0409,Pooja Nair,West,Nagpur,Electronics,Router,4,2860.37,1844.04,0.05,11441.48,572.07,10869.41,3493.25,Net Banking,0
TXN000396,2023-01-08,CUST0331,Kiran Bose,South,Kochi,Sports,Running Shoes,1,5045.05,3135.35,0.15,5045.05,756.76,4288.29,1152.94,UPI,0
TXN000397,2023-03-23,CUST0097,Swati Kapoor,South,Mysore,Sports,Cycle Helmet,1,1378.81,814.82,0.05,1378.81,68.94,1309.87,495.05,Cash,0
TXN000398,2023-10-24,CUST0010,Vijay Singh,West,Nagpur,Furniture,Bookshelf,1,6857.96,4497.84,0.0,6857.96,0.0,6857.96,2360.12,Cash,1
TXN000399,2023-01-23,CUST0112,Arjun Reddy,North,Lucknow,Groceries,Cooking Oil 1L,1,177.29,127.28,0.05,177.29,8.86,168.43,41.15,UPI,0
TXN000400,2024-05-25,CUST0137,Arun Patil,West,Mumbai,Groceries,Basmati Rice 5kg,1,484.44,318.4,0.0,484.44,0.0,484.44,166.04,UPI,0
TXN000401,2024-04-26,CUST0378,Priya Patel,East,Guwahati,Electronics,Laptop,4,45347.39,39082.94,0.0,181389.56,0.0,181389.56,25057.8,Credit Card,0
TXN000402,2023-04-07,CUST0323,Pallavi Shah,South,Kochi,Furniture,Wardrobe,2,19695.28,12314.07,0.0,39390.56,0.0,39390.56,14762.42,Cash,0
TXN000403,2024-07-16,CUST0121,Harish Agarwal,East,Guwahati,Cosmetics,Lipstick,2,646.65,304.75,0.0,1293.3,0.0,1293.3,683.8,UPI,0
TXN000404,2023-06-21,CUST0354,Lakshmi Rao,Central,Bhopal,Furniture,Wooden Desk,4,11416.07,8266.42,0.2,45664.28,9132.86,36531.42,3465.74,Net Banking,0
TXN000405,2023-04-02,CUST0331,Vijay Singh,West,Mumbai,Cosmetics,Hair Serum 100ml,1,743.69,389.44,0.0,743.69,0.0,743.69,354.25,Net Banking,0
TXN000406,2023-05-09,CUST0011,Nikhil Dubey,East,Ranchi,Cosmetics,Lipstick,5,641.43,308.86,0.0,3207.15,0.0,3207.15,1662.85,UPI,0
TXN000407,2023-05-18,CUST0179,Arjun Reddy,North,Jaipur,Cosmetics,Foundation,1,920.14,522.08,0.1,920.14,92.01,828.13,306.05,UPI,0
TXN000408,2024-09-05,CUST0278,Divya Iyer,Central,Indore,Electronics,Wireless Earbuds,1,3406.39,2173.03,0.0,3406.39,0.0,3406.39,1233.36,UPI,0
TXN000409,2024-10-15,CUST0420,Kiran Bose,South,Bangalore,Sports,Dumbbells Set,3,3702.47,2220.89,0.1,11107.41,1110.74,9996.67,3334.0,Credit Card,0
TXN000410,2024-05-24,CUST0268,Rekha Srivastava,South,Mysore,Groceries,Whole Wheat Flour 5kg,1,252.87,187.97,0.0,252.87,0.0,252.87,64.9,Cash,0
TXN000411,2023-05-13,CUST0270,Sunita Mishra,North,Chandigarh,Electronics,Smart TV,2,36619.2,26819.53,0.05,73238.4,3661.92,69576.48,15937.42,Net Banking,0
TXN000412,2024-01-11,CUST0240,Geeta Bhatt,North,Delhi,Clothing,Saree,1,5117.53,2558.47,0.0,5117.53,0.0,5117.53,2559.06,Cash,0
TXN000413,2024-03-01,CUST0050,Sneha Gupta,North,Amritsar,Groceries,Pulses 1kg,2,139.38,102.67,0.1,278.76,27.88,250.88,45.54,Credit Card,0
TXN000414,2023-07-14,CUST0055,Arun Patil,South,Mysore,Cosmetics,Moisturiser 50g,2,515.85,280.98,0.15,1031.7,154.75,876.95,314.99,Net Banking,0
TXN000415,2024-04-14,CUST0227,Nisha Trivedi,West,Mumbai,Clothing,Women's Kurti,1,1362.17,601.22,0.1,1362.17,136.22,1225.95,624.73,Debit Card,0
TXN000416,2024-07-17,CUST0124,Ravi Chandra,East,Patna,Furniture,Wardrobe,1,18262.59,12162.62,0.1,18262.59,1826.26,16436.33,4273.71,Net Banking,0
TXN000417,2024-07-17,CUST0266,Vijay Singh,East,Patna,Furniture,Sofa Set,2,33431.98,23689.65,0.0,66863.96,0.0,66863.96,19484.66,Debit Card,0
TXN000418,2023-08-16,CUST0475,Ravi Chandra,East,Kolkata,Cosmetics,Lipstick,1,651.63,310.21,0.1,651.63,65.16,586.47,276.26,Credit Card,0
TXN000419,2024-04-16,CUST0470,Rohan Mehta,South,Hyderabad,Groceries,Pulses 1kg,2,139.31,100.42,0.1,278.62,27.86,250.76,49.92,Cash,0
TXN000420,2024-05-09,CUST0196,Amit Kumar,Central,Bhopal,Sports,Cycle Helmet,3,1292.58,811.08,0.1,3877.74,387.77,3489.97,1056.73,Cash,1
TXN000421,2023-12-09,CUST0196,Priya Patel,West,Surat,Electronics,Smartphone,2,23964.56,17136.56,0.15,47929.12,7189.37,40739.75,6466.63,Debit Card,0
TXN000422,2023-11-23,CUST0202,Suresh Pillai,South,Hyderabad,Sports,Cycle Helmet,1,1277.07,778.42,0.15,1277.07,191.56,1085.51,307.09,Net Banking,0
TXN000423,2023-04-03,CUST0044,Kiran Bose,East,Guwahati,Clothing,Women's Kurti,1,1379.27,601.73,0.0,1379.27,0.0,1379.27,777.54,Net Banking,0
TXN000424,2024-12-15,CUST0288,Sunita Mishra,South,Kochi,Sports,Yoga Mat,4,919.84,555.02,0.0,3679.36,0.0,3679.36,1459.28,Net Banking,0
TXN000425,2023-03-15,CUST0177,Sunita Mishra,West,Ahmedabad,Cosmetics,Hair Serum 100ml,3,708.46,396.36,0.0,2125.38,0.0,2125.38,936.3,Cash,0
TXN000426,2023-06-23,CUST0103,Rekha Srivastava,Central,Varanasi,Sports,Yoga Mat,3,913.45,564.0,0.0,2740.35,0.0,2740.35,1048.35,Debit Card,0
TXN000427,2023-03-29,CUST0157,Suresh Pillai,North,Chandigarh,Sports,Yoga Mat,3,855.9,556.4,0.0,2567.7,0.0,2567.7,898.5,UPI,0
TXN000428,2023-08-03,CUST0374,Vijay Singh,South,Chennai,Sports,Badminton Racket,1,1592.77,902.64,0.1,1592.77,159.28,1433.49,530.85,Cash,0
TXN000429,2024-11-10,CUST0035,Kiran Bose,East,Bhubaneswar,Electronics,Tablet,3,17832.46,12972.67,0.0,53497.38,0.0,53497.38,14579.37,Debit Card,0
TXN000430,2024-11-06,CUST0364,Sneha Gupta,North,Delhi,Groceries,Tea Powder 500g,5,211.68,159.46,0.1,1058.4,105.84,952.56,155.26,Debit Card,0
TXN000431,2024-09-03,CUST0171,Lakshmi Rao,South,Chennai,Sports,Running Shoes,1,4778.86,3281.08,0.0,4778.86,0.0,4778.86,1497.78,UPI,0
TXN000432,2023-01-19,CUST0142,Geeta Bhatt,East,Patna,Cosmetics,Lipstick,1,590.27,318.9,0.1,590.27,59.03,531.24,212.34,Cash,0
TXN000433,2024-02-01,CUST0267,Rekha Srivastava,North,Amritsar,Groceries,Cooking Oil 1L,2,188.74,126.78,0.05,377.48,18.87,358.61,105.05,Net Banking,0
TXN000434,2024-12-03,CUST0230,Asha Pandey,South,Mysore,Clothing,Winter Jacket,5,4381.23,2254.09,0.0,21906.15,0.0,21906.15,10635.7,Credit Card,0
TXN000435,2023-05-22,CUST0075,Harish Agarwal,South,Chennai,Groceries,Tea Powder 500g,2,203.76,159.61,0.2,407.52,81.5,326.02,6.8,Net Banking,0
TXN000436,2023-11-22,CUST0392,Arjun Reddy,Central,Bhopal,Clothing,Denim Jeans,1,2688.75,1174.48,0.0,2688.75,0.0,2688.75,1514.27,UPI,1
TXN000437,2023-11-07,CUST0291,Sunita Mishra,East,Bhubaneswar,Clothing,Men's T-Shirt,3,877.22,352.46,0.1,2631.66,263.17,2368.49,1311.11,Credit Card,0
TXN000438,2023-08-25,CUST0365,Harish Agarwal,East,Kolkata,Cosmetics,Foundation,2,872.13,530.8,0.05,1744.26,87.21,1657.05,595.45,Debit Card,0
TXN000439,2024-02-01,CUST0114,Pallavi Shah,South,Chennai,Clothing,Women's Kurti,2,1236.98,591.71,0.05,2473.96,123.7,2350.26,1166.84,Credit Card,0
TXN000440,2023-03-09,CUST0219,Kiran Bose,West,Nagpur,Furniture,Wardrobe,2,17977.22,11969.43,0.0,35954.44,0.0,35954.44,12015.58,Cash,0
TXN000441,2024-01-25,CUST0056,Suresh Pillai,West,Nagpur,Cosmetics,Hair Serum 100ml,1,755.88,406.89,0.1,755.88,75.59,680.29,273.4,UPI,0
TXN000442,2023-02-13,CUST0265,Arun Patil,South,Mysore,Sports,Running Shoes,1,5486.78,3111.54,0.05,5486.78,274.34,5212.44,2100.9,Cash,0
TXN000443,2024-03-26,CUST0238,Mohit Saxena,East,Patna,Furniture,Wooden Desk,1,11498.18,8508.65,0.0,11498.18,0.0,11498.18,2989.53,UPI,0
TXN000444,2024-05-27,CUST0233,Ravi Chandra,Central,Gwalior,Clothing,Winter Jacket,2,4047.12,2193.52,0.0,8094.24,0.0,8094.24,3707.2,Credit Card,0
TXN000445,2023-04-03,CUST0406,Deepak Tiwari,South,Bangalore,Electronics,Laptop,1,43325.82,38472.6,0.15,43325.82,6498.87,36826.95,-1645.65,Net Banking,1
TXN000446,2024-01-23,CUST0445,Vijay Singh,North,Chandigarh,Groceries,Pulses 1kg,1,151.3,102.18,0.0,151.3,0.0,151.3,49.12,Credit Card,0
TXN000447,2023-02-22,CUST0130,Rahul Sharma,East,Guwahati,Groceries,Tea Powder 500g,2,229.75,150.38,0.2,459.5,91.9,367.6,66.84,UPI,0
TXN000448,2024-05-25,CUST0210,Suresh Pillai,North,Amritsar,Furniture,Wooden Desk,4,11790.37,8581.33,0.05,47161.48,2358.07,44803.41,10478.09,Cash,0
TXN000449,2023-01-07,CUST0179,Priya Patel,Central,Raipur,Sports,Cycle Helmet,1,1243.58,783.12,0.15,1243.58,186.54,1057.04,273.92,Credit Card,0
TXN000450,2024-11-14,CUST0083,Rekha Srivastava,Central,Raipur,Groceries,Basmati Rice 5kg,2,430.81,308.46,0.0,861.62,0.0,861.62,244.7,Debit Card,0
TXN000451,2024-12-09,CUST0189,Rajesh Malhotra,Central,Gwalior,Clothing,Winter Jacket,3,3820.55,2235.44,0.0,11461.65,0.0,11461.65,4755.33,UPI,0
TXN000452,2024-03-13,CUST0270,Meera Das,North,Lucknow,Furniture,Wooden Desk,1,11619.64,8683.3,0.0,11619.64,0.0,11619.64,2936.34,Net Banking,0
TXN000453,2023-08-03,CUST0362,Pooja Nair,North,Amritsar,Cosmetics,Sunscreen SPF50,1,476.38,271.7,0.2,476.38,95.28,381.1,109.4,UPI,0
TXN000454,2023-11-21,CUST0324,Lakshmi Rao,Central,Gwalior,Groceries,Cooking Oil 1L,2,187.59,129.97,0.15,375.18,56.28,318.9,58.96,UPI,0
TXN000455,2024-09-16,CUST0316,Meera Das,East,Bhubaneswar,Electronics,Laptop,3,43546.0,38793.6,0.2,130638.0,26127.6,104510.4,-11870.4,UPI,0
TXN000456,2023-12-25,CUST0158,Pooja Nair,South,Bangalore,Cosmetics,Moisturiser 50g,3,525.7,275.87,0.0,1577.1,0.0,1577.1,749.49,Net Banking,0
TXN000457,2023-01-07,CUST0174,Nisha Trivedi,East,Patna,Furniture,Wardrobe,1,19346.52,11779.69,0.2,19346.52,3869.3,15477.22,3697.53,UPI,0
TXN000458,2023-02-06,CUST0237,Geeta Bhatt,West,Pune,Cosmetics,Foundation,1,974.34,521.15,0.0,974.34,0.0,974.34,453.19,UPI,1
TXN000459,2023-02-27,CUST0470,Rajesh Malhotra,East,Ranchi,Cosmetics,Sunscreen SPF50,1,441.56,273.0,0.2,441.56,88.31,353.25,80.25,Debit Card,0
TXN000460,2023-06-02,CUST0200,Anita Verma,North,Lucknow,Furniture,Wardrobe,3,18542.54,11759.5,0.1,55627.62,5562.76,50064.86,14786.36,Net Banking,0
TXN000461,2023-11-12,CUST0111,Deepak Tiwari,East,Kolkata,Groceries,Sugar 1kg,5,55.32,42.83,0.0,276.6,0.0,276.6,62.45,Debit Card,0
TXN000462,2024-01-19,CUST0079,Rohan Mehta,South,Bangalore,Furniture,Dining Table,2,20982.28,14984.4,0.1,41964.56,4196.46,37768.1,7799.3,Debit Card,1
TXN000463,2024-06-20,CUST0443,Deepak Tiwari,East,Bhubaneswar,Electronics,Wireless Earbuds,1,3705.4,2194.64,0.15,3705.4,555.81,3149.59,954.95,Cash,0
TXN000464,2023-02-15,CUST0338,Pallavi Shah,Central,Bhopal,Groceries,Sugar 1kg,1,59.59,41.0,0.2,59.59,11.92,47.67,6.67,Debit Card,0
TXN000465,2023-11-16,CUST0077,Anita Verma,South,Hyderabad,Clothing,Women's Kurti,2,1384.63,606.16,0.0,2769.26,0.0,2769.26,1556.94,Debit Card,0
TXN000466,2024-09-29,CUST0412,Pooja Nair,North,Chandigarh,Sports,Dumbbells Set,3,3612.38,2169.78,0.15,10837.14,1625.57,9211.57,2702.23,Net Banking,0
TXN000467,2023-03-14,CUST0045,Meera Das,East,Ranchi,Furniture,Office Chair,2,8936.26,5662.86,0.0,17872.52,0.0,17872.52,6546.8,UPI,0
TXN000468,2024-09-02,CUST0344,Geeta Bhatt,West,Nagpur,Groceries,Whole Wheat Flour 5kg,3,249.96,186.56,0.2,749.88,149.98,599.9,40.22,Net Banking,0
TXN000469,2024-04-21,CUST0074,Swati Kapoor,North,Jaipur,Electronics,Smart TV,1,37274.09,26952.28,0.0,37274.09,0.0,37274.09,10321.81,Net Banking,0
TXN000470,2024-01-08,CUST0246,Suresh Pillai,East,Patna,Furniture,Sofa Set,2,33408.89,23964.48,0.0,66817.78,0.0,66817.78,18888.82,Credit Card,0
TXN000471,2023-12-23,CUST0155,Asha Pandey,South,Mysore,Electronics,Smart TV,4,34960.82,27242.11,0.2,139843.28,27968.66,111874.62,2906.18,UPI,0
TXN000472,2024-02-28,CUST0356,Ravi Chandra,South,Mysore,Clothing,Winter Jacket,1,4029.28,2178.97,0.2,4029.28,805.86,3223.42,1044.45,UPI,0
TXN000473,2024-03-21,CUST0250,Sneha Gupta,East,Ranchi,Cosmetics,Moisturiser 50g,2,529.39,283.56,0.2,1058.78,211.76,847.02,279.9,Net Banking,0
TXN000474,2023-11-30,CUST0306,Arun Patil,West,Pune,Groceries,Sugar 1kg,5,52.82,41.01,0.2,264.1,52.82,211.28,6.23,UPI,0
TXN000475,2024-10-22,CUST0232,Asha Pandey,North,Chandigarh,Clothing,Formal Shirt,4,1709.1,880.92,0.0,6836.4,0.0,6836.4,3312.72,Debit Card,0
TXN000476,2024-08-14,CUST0368,Nisha Trivedi,South,Hyderabad,Groceries,Pulses 1kg,1,149.68,101.08,0.05,149.68,7.48,142.2,41.12,Debit Card,1
TXN000477,2024-08-19,CUST0421,Divya Iyer,Central,Varanasi,Clothing,Denim Jeans,3,2736.87,1164.06,0.1,8210.61,821.06,7389.55,3897.37,Cash,0
TXN000478,2023-02-01,CUST0280,Rohan Mehta,Central,Varanasi,Cosmetics,Lipstick,2,633.0,308.25,0.05,1266.0,63.3,1202.7,586.2,Credit Card,0
TXN000479,2023-07-12,CUST0074,Pallavi Shah,East,Guwahati,Clothing,Denim Jeans,3,2424.38,1169.17,0.0,7273.14,0.0,7273.14,3765.63,UPI,0
TXN000480,2023-05-20,CUST0261,Meera Das,West,Surat,Cosmetics,Hair Serum 100ml,2,761.59,402.96,0.05,1523.18,76.16,1447.02,641.1,Net Banking,0
TXN000481,2024-01-29,CUST0475,Asha Pandey,South,Kochi,Sports,Cricket Bat,1,2955.55,1800.19,0.05,2955.55,147.78,2807.77,1007.58,Net Banking,0
TXN000482,2023-02-08,CUST0375,Deepak Tiwari,East,Kolkata,Sports,Running Shoes,1,5470.21,3119.37,0.15,5470.21,820.53,4649.68,1530.31,Debit Card,0
TXN000483,2023-03-22,CUST0409,Ravi Chandra,Central,Bhopal,Clothing,Winter Jacket,1,4200.18,2224.3,0.1,4200.18,420.02,3780.16,1555.86,Debit Card,0
TXN000484,2023-12-18,CUST0216,Divya Iyer,North,Jaipur,Furniture,Dining Table,1,23889.98,15066.57,0.0,23889.98,0.0,23889.98,8823.41,Debit Card,0
TXN000485,2023-02-06,CUST0150,Geeta Bhatt,Central,Raipur,Cosmetics,Hair Serum 100ml,1,724.67,401.75,0.15,724.67,108.7,615.97,214.22,Net Banking,0
TXN000486,2024-05-11,CUST0132,Rahul Sharma,Central,Bhopal,Groceries,Whole Wheat Flour 5kg,3,242.47,187.5,0.2,727.41,145.48,581.93,19.43,Cash,0
TXN000487,2024-08-28,CUST0176,Amit Kumar,West,Ahmedabad,Clothing,Denim Jeans,2,2441.83,1201.97,0.0,4883.66,0.0,4883.66,2479.72,Credit Card,0
TXN000488,2023-06-07,CUST0296,Pallavi Shah,West,Surat,Clothing,Saree,1,5079.12,2520.64,0.0,5079.12,0.0,5079.12,2558.48,Debit Card,0
TXN000489,2023-09-28,CUST0120,Kiran Bose,North,Delhi,Clothing,Winter Jacket,1,4246.63,2233.32,0.1,4246.63,424.66,3821.97,1588.65,UPI,0
TXN000490,2023-05-29,CUST0350,Priya Patel,West,Mumbai,Groceries,Sugar 1kg,3,55.4,41.54,0.1,166.2,16.62,149.58,24.96,Cash,0
TXN000491,2024-10-14,CUST0237,Arun Patil,West,Nagpur,Cosmetics,Lipstick,2,577.88,312.87,0.05,1155.76,57.79,1097.97,472.23,Credit Card,0
TXN000492,2024-08-25,CUST0345,Rahul Sharma,Central,Raipur,Cosmetics,Sunscreen SPF50,3,494.54,266.97,0.0,1483.62,0.0,1483.62,682.71,Cash,0
TXN000493,2023-04-11,CUST0337,Rajesh Malhotra,West,Ahmedabad,Clothing,Saree,2,4766.82,2438.79,0.1,9533.64,953.36,8580.28,3702.7,Credit Card,1
TXN000494,2024-10-15,CUST0290,Geeta Bhatt,North,Delhi,Sports,Yoga Mat,3,904.75,558.71,0.15,2714.25,407.14,2307.11,630.98,Credit Card,0
TXN000495,2024-12-13,CUST0395,Arun Patil,East,Guwahati,Cosmetics,Face Wash 100ml,1,296.45,159.3,0.15,296.45,44.47,251.98,92.68,Debit Card,0
TXN000496,2023-03-17,CUST0136,Anita Verma,North,Jaipur,Furniture,Bookshelf,1,7146.06,4434.72,0.2,7146.06,1429.21,5716.85,1282.13,UPI,0
TXN000497,2023-07-25,CUST0367,Sanjay Yadav,South,Kochi,Electronics,Smartphone,1,22926.09,16598.37,0.05,22926.09,1146.3,21779.79,5181.42,Cash,0
TXN000498,2023-03-14,CUST0341,Kiran Bose,East,Guwahati,Electronics,Smart TV,1,34031.48,27227.34,0.0,34031.48,0.0,34031.48,6804.14,Debit Card,0
TXN000499,2023-12-04,CUST0416,Geeta Bhatt,Central,Bhopal,Sports,Cycle Helmet,5,1319.02,816.51,0.2,6595.1,1319.02,5276.08,1193.53,Cash,0
TXN000500,2023-01-04,CUST0156,Kiran Bose,West,Mumbai,Sports,Badminton Racket,1,1634.29,892.38,0.15,1634.29,245.14,1389.15,496.77,Cash,0
TXN000501,2024-10-24,CUST0339,Rohan Mehta,Central,Raipur,Electronics,Smart TV,2,34316.38,27088.25,0.05,68632.76,3431.64,65201.12,11024.62,Debit Card,0
TXN000502,2023-04-20,CUST0099,Rahul Sharma,East,Guwahati,Electronics,Router,1,2843.95,1864.6,0.0,2843.95,0.0,2843.95,979.35,Net Banking,0
TXN000503,2024-02-03,CUST0029,Arjun Reddy,Central,Raipur,Furniture,Dining Table,2,24089.69,14564.78,0.0,48179.38,0.0,48179.38,19049.82,Cash,0
TXN000504,2023-08-05,CUST0019,Pallavi Shah,Central,Varanasi,Cosmetics,Hair Serum 100ml,1,679.67,401.9,0.0,679.67,0.0,679.67,277.77,Credit Card,0
TXN000505,2023-01-20,CUST0407,Sneha Gupta,Central,Bhopal,Clothing,Saree,1,5223.45,2560.7,0.2,5223.45,1044.69,4178.76,1618.06,UPI,0
TXN000506,2024-08-28,CUST0104,Meera Das,North,Delhi,Furniture,Dining Table,1,23537.28,14748.52,0.2,23537.28,4707.46,18829.82,4081.3,Debit Card,0
TXN000507,2024-11-25,CUST0172,Amit Kumar,North,Amritsar,Sports,Yoga Mat,1,882.8,535.0,0.0,882.8,0.0,882.8,347.8,Cash,0
TXN000508,2024-03-01,CUST0052,Geeta Bhatt,East,Ranchi,Clothing,Winter Jacket,4,3945.2,2210.82,0.0,15780.8,0.0,15780.8,6937.52,Net Banking,0
TXN000509,2023-06-11,CUST0356,Geeta Bhatt,West,Mumbai,Electronics,Laptop,1,47149.35,38882.17,0.05,47149.35,2357.47,44791.88,5909.71,UPI,0
TXN000510,2023-07-31,CUST0020,Sunita Mishra,East,Ranchi,Furniture,Sofa Set,2,34506.08,23531.35,0.15,69012.16,10351.82,58660.34,11597.64,Credit Card,0
TXN000511,2024-09-18,CUST0186,Swati Kapoor,East,Patna,Furniture,Office Chair,1,9332.92,5965.92,0.1,9332.92,933.29,8399.63,2433.71,Net Banking,0
TXN000512,2024-04-20,CUST0496,Nisha Trivedi,South,Hyderabad,Electronics,Smartphone,2,21271.84,16642.2,0.2,42543.68,8508.74,34034.94,750.54,UPI,0
TXN000513,2023-06-13,CUST0233,Priya Patel,North,Delhi,Cosmetics,Lipstick,1,599.09,315.68,0.2,599.09,119.82,479.27,163.59,Cash,0
TXN000514,2024-07-04,CUST0304,Ravi Chandra,North,Jaipur,Sports,Cricket Bat,2,2880.93,1771.41,0.05,5761.86,288.09,5473.77,1930.95,Debit Card,0
TXN000515,2024-11-24,CUST0038,Lakshmi Rao,South,Bangalore,Groceries,Cooking Oil 1L,5,194.49,129.03,0.0,972.45,0.0,972.45,327.3,Net Banking,0
TXN000516,2024-03-22,CUST0324,Divya Iyer,Central,Varanasi,Clothing,Winter Jacket,2,4023.09,2194.42,0.0,8046.18,0.0,8046.18,3657.34,Debit Card,0
TXN000517,2023-05-11,CUST0454,Pooja Nair,Central,Bhopal,Groceries,Cooking Oil 1L,3,182.29,132.03,0.0,546.87,0.0,546.87,150.78,Net Banking,0
TXN000518,2024-10-15,CUST0442,Rohan Mehta,South,Mysore,Sports,Yoga Mat,4,865.71,561.78,0.05,3462.84,173.14,3289.7,1042.58,Net Banking,0
TXN000519,2024-04-18,CUST0460,Rahul Sharma,West,Pune,Clothing,Denim Jeans,1,2721.72,1232.13,0.1,2721.72,272.17,2449.55,1217.42,UPI,1
TXN000520,2023-02-11,CUST0421,Sneha Gupta,Central,Bhopal,Furniture,Dining Table,2,22201.26,15278.74,0.15,44402.52,6660.38,37742.14,7184.66,UPI,0
TXN000521,2023-03-27,CUST0157,Anita Verma,North,Jaipur,Clothing,Women's Kurti,1,1428.7,582.57,0.15,1428.7,214.31,1214.39,631.82,UPI,0
TXN000522,2024-08-20,CUST0321,Suresh Pillai,West,Surat,Clothing,Saree,2,5053.01,2543.48,0.0,10106.02,0.0,10106.02,5019.06,Cash,0
TXN000523,2023-03-14,CUST0107,Geeta Bhatt,East,Ranchi,Electronics,Tablet,1,19654.46,13033.1,0.2,19654.46,3930.89,15723.57,2690.47,Cash,0
TXN000524,2023-12-10,CUST0239,Sunita Mishra,North,Amritsar,Cosmetics,Lipstick,3,648.83,302.76,0.0,1946.49,0.0,1946.49,1038.21,Cash,0
TXN000525,2023-06-29,CUST0481,Arun Patil,North,Amritsar,Cosmetics,Moisturiser 50g,2,514.44,282.5,0.15,1028.88,154.33,874.55,309.55,Net Banking,0
TXN000526,2024-12-20,CUST0033,Divya Iyer,South,Hyderabad,Groceries,Whole Wheat Flour 5kg,3,256.38,189.12,0.0,769.14,0.0,769.14,201.78,Debit Card,0
TXN000527,2024-05-28,CUST0345,Nikhil Dubey,North,Jaipur,Cosmetics,Hair Serum 100ml,1,694.69,402.9,0.2,694.69,138.94,555.75,152.85,Cash,0
TXN000528,2024-04-13,CUST0076,Lakshmi Rao,West,Pune,Groceries,Basmati Rice 5kg,1,434.88,305.83,0.15,434.88,65.23,369.65,63.82,Credit Card,0
TXN000529,2024-06-17,CUST0011,Pooja Nair,North,Lucknow,Furniture,Wardrobe,1,18036.09,11959.58,0.15,18036.09,2705.41,15330.68,3371.1,Credit Card,0
TXN000530,2023-08-26,CUST0249,Ravi Chandra,Central,Raipur,Furniture,Dining Table,2,22031.22,15131.45,0.0,44062.44,0.0,44062.44,13799.54,Net Banking,0
TXN000531,2024-03-31,CUST0025,Vijay Singh,Central,Indore,Groceries,Cooking Oil 1L,2,181.04,128.35,0.2,362.08,72.42,289.66,32.96,Debit Card,0
TXN000532,2023-06-20,CUST0464,Rekha Srivastava,South,Mysore,Groceries,Cooking Oil 1L,1,197.28,132.65,0.15,197.28,29.59,167.69,35.04,Credit Card,0
TXN000533,2023-04-30,CUST0177,Vijay Singh,East,Ranchi,Clothing,Winter Jacket,2,4136.46,2138.58,0.0,8272.92,0.0,8272.92,3995.76,Debit Card,0
TXN000534,2023-06-16,CUST0080,Rahul Sharma,North,Delhi,Furniture,Sofa Set,2,37284.72,24644.82,0.0,74569.44,0.0,74569.44,25279.8,Net Banking,1
TXN000535,2023-12-06,CUST0353,Sneha Gupta,East,Guwahati,Groceries,Pulses 1kg,1,148.3,102.53,0.0,148.3,0.0,148.3,45.77,UPI,0
TXN000536,2023-05-23,CUST0048,Arjun Reddy,North,Lucknow,Electronics,Smart TV,1,36491.99,26546.99,0.0,36491.99,0.0,36491.99,9945.0,Cash,0
TXN000537,2023-07-19,CUST0202,Rohan Mehta,South,Hyderabad,Clothing,Men's T-Shirt,3,840.2,359.61,0.1,2520.6,252.06,2268.54,1189.71,UPI,0
TXN000538,2024-09-11,CUST0191,Rahul Sharma,North,Lucknow,Furniture,Wooden Desk,3,12688.73,8463.1,0.05,38066.19,1903.31,36162.88,10773.58,Debit Card,0
TXN000539,2023-11-12,CUST0413,Pallavi Shah,Central,Bhopal,Clothing,Saree,5,5060.69,2491.38,0.0,25303.45,0.0,25303.45,12846.55,UPI,0
TXN000540,2024-02-29,CUST0269,Arjun Reddy,Central,Gwalior,Electronics,Smartphone,1,21585.69,16974.11,0.2,21585.69,4317.14,17268.55,294.44,Cash,1
TXN000541,2024-08-27,CUST0469,Vijay Singh,North,Delhi,Furniture,Wardrobe,3,18600.7,12151.38,0.2,55802.1,11160.42,44641.68,8187.54,Credit Card,0
TXN000542,2024-01-26,CUST0115,Rahul Sharma,West,Mumbai,Groceries,Pulses 1kg,1,139.38,100.36,0.05,139.38,6.97,132.41,32.05,Cash,0
TXN000543,2023-11-04,CUST0015,Sneha Gupta,West,Mumbai,Cosmetics,Sunscreen SPF50,4,460.7,273.04,0.0,1842.8,0.0,1842.8,750.64,Debit Card,0
TXN000544,2023-03-10,CUST0244,Nikhil Dubey,East,Ranchi,Furniture,Dining Table,1,22339.03,14782.12,0.15,22339.03,3350.85,18988.18,4206.06,Cash,0
TXN000545,2024-08-12,CUST0140,Divya Iyer,East,Bhubaneswar,Sports,Cricket Bat,2,3160.92,1784.6,0.0,6321.84,0.0,6321.84,2752.64,UPI,0
TXN000546,2023-12-31,CUST0392,Sneha Gupta,East,Ranchi,Cosmetics,Face Wash 100ml,3,307.1,162.56,0.0,921.3,0.0,921.3,433.62,Net Banking,0
TXN000547,2024-07-10,CUST0007,Vijay Singh,East,Patna,Groceries,Tea Powder 500g,1,216.33,153.62,0.0,216.33,0.0,216.33,62.71,Net Banking,0
TXN000548,2024-05-11,CUST0460,Asha Pandey,South,Bangalore,Clothing,Women's Kurti,1,1332.13,611.94,0.2,1332.13,266.43,1065.7,453.76,Net Banking,0
TXN000549,2024-06-22,CUST0160,Nikhil Dubey,Central,Bhopal,Furniture,Sofa Set,2,33938.97,23305.03,0.0,67877.94,0.0,67877.94,21267.88,Debit Card,0
TXN000550,2024-03-28,CUST0061,Kavita Joshi,Central,Gwalior,Groceries,Cooking Oil 1L,2,190.17,126.32,0.2,380.34,76.07,304.27,51.63,Credit Card,0
TXN000551,2023-05-26,CUST0397,Lakshmi Rao,East,Bhubaneswar,Clothing,Women's Kurti,3,1382.73,586.02,0.0,4148.19,0.0,4148.19,2390.13,UPI,0
TXN000552,2023-04-21,CUST0155,Rekha Srivastava,Central,Gwalior,Electronics,Smart TV,2,33874.34,26599.88,0.0,67748.68,0.0,67748.68,14548.92,Cash,0
TXN000553,2023-05-07,CUST0486,Ravi Chandra,South,Mysore,Clothing,Women's Kurti,2,1262.41,608.86,0.0,2524.82,0.0,2524.82,1307.1,Debit Card,0
TXN000554,2024-05-27,CUST0008,Deepak Tiwari,Central,Indore,Sports,Badminton Racket,2,1439.42,917.26,0.2,2878.84,575.77,2303.07,468.55,Credit Card,0
TXN000555,2023-10-16,CUST0302,Anita Verma,Central,Bhopal,Cosmetics,Face Wash 100ml,5,322.23,159.76,0.15,1611.15,241.67,1369.48,570.68,UPI,0
TXN000556,2023-04-20,CUST0161,Sneha Gupta,East,Guwahati,Furniture,Wooden Desk,1,12325.65,8452.86,0.2,12325.65,2465.13,9860.52,1407.66,UPI,0
TXN000557,2023-05-20,CUST0377,Pooja Nair,East,Patna,Sports,Cycle Helmet,3,1256.6,789.61,0.1,3769.8,376.98,3392.82,1023.99,UPI,0
TXN000558,2024-02-22,CUST0346,Lakshmi Rao,West,Pune,Electronics,Smart TV,1,38180.18,26785.26,0.0,38180.18,0.0,38180.18,11394.92,Cash,0
TXN000559,2024-06-19,CUST0034,Divya Iyer,North,Delhi,Clothing,Winter Jacket,1,3860.07,2256.14,0.0,3860.07,0.0,3860.07,1603.93,Credit Card,0
TXN000560,2024-09-01,CUST0393,Ravi Chandra,West,Mumbai,Clothing,Winter Jacket,3,4234.06,2170.76,0.15,12702.18,1905.33,10796.85,4284.57,Net Banking,0
TXN000561,2024-10-21,CUST0056,Sneha Gupta,East,Guwahati,Cosmetics,Hair Serum 100ml,8,717.67,391.54,0.05,5741.36,287.07,5454.29,2321.97,Debit Card,0
TXN000562,2023-08-25,CUST0014,Anita Verma,South,Bangalore,Electronics,Router,1,2682.2,1850.78,0.15,2682.2,402.33,2279.87,429.09,UPI,0
TXN000563,2023-12-01,CUST0339,Lakshmi Rao,Central,Gwalior,Electronics,Laptop,1,46072.27,37922.53,0.0,46072.27,0.0,46072.27,8149.74,UPI,0
TXN000564,2024-07-09,CUST0197,Suresh Pillai,Central,Gwalior,Electronics,Laptop,1,49437.3,38866.69,0.0,49437.3,0.0,49437.3,10570.61,Debit Card,0
TXN000565,2024-03-29,CUST0160,Nikhil Dubey,North,Chandigarh,Sports,Cycle Helmet,2,1371.63,799.59,0.0,2743.26,0.0,2743.26,1144.08,UPI,0
TXN000566,2023-04-23,CUST0081,Deepak Tiwari,West,Nagpur,Cosmetics,Hair Serum 100ml,1,724.05,399.42,0.2,724.05,144.81,579.24,179.82,Cash,0
TXN000567,2024-05-21,CUST0429,Divya Iyer,West,Nagpur,Cosmetics,Lipstick,2,574.57,311.68,0.0,1149.14,0.0,1149.14,525.78,Debit Card,0
TXN000568,2024-08-20,CUST0029,Rekha Srivastava,East,Guwahati,Electronics,Smart TV,1,35062.0,26768.93,0.0,35062.0,0.0,35062.0,8293.07,Credit Card,0
TXN000569,2024-10-25,CUST0217,Ravi Chandra,North,Delhi,Groceries,Basmati Rice 5kg,2,449.51,309.27,0.2,899.02,179.8,719.22,100.68,Net Banking,0
TXN000570,2023-10-01,CUST0051,Geeta Bhatt,West,Nagpur,Electronics,Tablet,2,18119.89,12914.43,0.1,36239.78,3623.98,32615.8,6786.94,UPI,0
TXN000571,2024-11-22,CUST0434,Geeta Bhatt,West,Nagpur,Cosmetics,Lipstick,3,656.15,304.45,0.15,1968.45,295.27,1673.18,759.83,Cash,0
TXN000572,2024-07-02,CUST0491,Amit Kumar,East,Kolkata,Groceries,Pulses 1kg,2,141.44,98.36,0.15,282.88,42.43,240.45,43.73,Net Banking,0
TXN000573,2023-12-11,CUST0154,Meera Das,Central,Gwalior,Furniture,Sofa Set,3,36670.57,23714.66,0.2,110011.71,22002.34,88009.37,16865.39,Net Banking,0
TXN000574,2024-02-29,CUST0322,Nikhil Dubey,Central,Gwalior,Furniture,Wardrobe,2,19161.29,11770.03,0.0,38322.58,0.0,38322.58,14782.52,Net Banking,0
TXN000575,2024-08-13,CUST0321,Priya Patel,West,Ahmedabad,Cosmetics,Hair Serum 100ml,2,759.13,410.43,0.15,1518.26,227.74,1290.52,469.66,Net Banking,0
TXN000576,2024-04-18,CUST0325,Rohan Mehta,South,Hyderabad,Furniture,Sofa Set,1,34922.93,24475.51,0.0,34922.93,0.0,34922.93,10447.42,UPI,0
TXN000577,2023-10-21,CUST0238,Lakshmi Rao,East,Ranchi,Clothing,Winter Jacket,3,3815.67,2239.21,0.0,11447.01,0.0,11447.01,4729.38,Net Banking,1
TXN000578,2024-03-08,CUST0143,Rekha Srivastava,North,Chandigarh,Clothing,Denim Jeans,2,2425.19,1182.6,0.2,4850.38,970.08,3880.3,1515.1,Net Banking,0
TXN000579,2023-02-13,CUST0344,Rekha Srivastava,West,Mumbai,Electronics,Laptop,1,43179.18,39037.6,0.0,43179.18,0.0,43179.18,4141.58,Cash,0
TXN000580,2023-05-24,CUST0477,Deepak Tiwari,Central,Gwalior,Electronics,Wireless Earbuds,3,3673.71,2210.62,0.2,11021.13,2204.23,8816.9,2185.04,Debit Card,0
TXN000581,2023-04-03,CUST0074,Sneha Gupta,North,Lucknow,Groceries,Pulses 1kg,2,148.62,102.61,0.0,297.24,0.0,297.24,92.02,Credit Card,0
TXN000582,2023-10-09,CUST0163,Asha Pandey,East,Ranchi,Electronics,Smart TV,1,36050.72,27323.38,0.0,36050.72,0.0,36050.72,8727.34,UPI,0
TXN000583,2023-09-10,CUST0431,Pallavi Shah,South,Hyderabad,Furniture,Wardrobe,1,18842.57,12291.77,0.0,18842.57,0.0,18842.57,6550.8,Cash,0
TXN000584,2024-11-18,CUST0351,Sneha Gupta,Central,Varanasi,Groceries,Tea Powder 500g,3,229.69,153.72,0.2,689.07,137.81,551.26,90.1,Net Banking,0
TXN000585,2024-03-29,CUST0469,Suresh Pillai,West,Ahmedabad,Groceries,Basmati Rice 5kg,3,447.58,316.69,0.0,1342.74,0.0,1342.74,392.67,Debit Card,0
TXN000586,2024-10-21,CUST0171,Nikhil Dubey,North,Lucknow,Electronics,Smart TV,1,35723.23,26859.0,0.2,35723.23,7144.65,28578.58,1719.58,UPI,0
TXN000587,2023-04-13,CUST0015,Arun Patil,East,Ranchi,Electronics,Tablet,1,18578.86,12864.88,0.15,18578.86,2786.83,15792.03,2927.15,Cash,0
TXN000588,2023-07-08,CUST0057,Anita Verma,South,Bangalore,Furniture,Wooden Desk,3,12530.93,8405.0,0.0,37592.79,0.0,37592.79,12377.79,Credit Card,0
TXN000589,2024-10-26,CUST0168,Geeta Bhatt,Central,Varanasi,Groceries,Sugar 1kg,1,54.4,42.47,0.2,54.4,10.88,43.52,1.05,Debit Card,0
TXN000590,2024-02-29,CUST0332,Sunita Mishra,West,Surat,Sports,Yoga Mat,1,856.85,534.26,0.1,856.85,85.69,771.16,236.9,Credit Card,0
TXN000591,2024-04-18,CUST0061,Rahul Sharma,South,Bangalore,Furniture,Dining Table,1,21193.9,14881.13,0.1,21193.9,2119.39,19074.51,4193.38,Net Banking,0
TXN000592,2024-04-09,CUST0401,Sanjay Yadav,West,Mumbai,Clothing,Saree,3,4901.38,2566.91,0.2,14704.14,2940.83,11763.31,4062.58,Debit Card,0
TXN000593,2024-01-27,CUST0149,Sanjay Yadav,South,Mysore,Clothing,Denim Jeans,1,2441.66,1221.06,0.0,2441.66,0.0,2441.66,1220.6,Credit Card,0
TXN000594,2023-09-12,CUST0204,Rekha Srivastava,West,Mumbai,Electronics,Smart TV,1,33949.33,26713.66,0.15,33949.33,5092.4,28856.93,2143.27,Credit Card,0
TXN000595,2024-12-26,CUST0311,Rekha Srivastava,Central,Raipur,Electronics,Laptop,2,49034.69,37933.73,0.0,98069.38,0.0,98069.38,22201.92,Net Banking,0
TXN000596,2023-02-16,CUST0496,Rajesh Malhotra,Central,Gwalior,Furniture,Bookshelf,1,7128.09,4546.24,0.0,7128.09,0.0,7128.09,2581.85,Net Banking,0
TXN000597,2023-07-03,CUST0161,Priya Patel,Central,Varanasi,Groceries,Sugar 1kg,2,56.63,41.1,0.0,113.26,0.0,113.26,31.06,Credit Card,0
TXN000598,2023-10-15,CUST0161,Meera Das,West,Ahmedabad,Groceries,Pulses 1kg,4,150.42,102.56,0.1,601.68,60.17,541.51,131.27,Credit Card,0
TXN000599,2024-05-18,CUST0241,Sanjay Yadav,South,Mysore,Cosmetics,Sunscreen SPF50,2,437.53,265.62,0.0,875.06,0.0,875.06,343.82,Credit Card,0
TXN000600,2024-03-22,CUST0253,Sneha Gupta,West,Mumbai,Furniture,Bookshelf,1,7139.1,4516.43,0.05,7139.1,356.96,6782.14,2265.71,Credit Card,0
TXN000601,2023-04-06,CUST0498,Rahul Sharma,East,Bhubaneswar,Clothing,Saree,1,5417.09,2512.85,0.1,5417.09,541.71,4875.38,2362.53,Net Banking,0
TXN000602,2023-07-04,CUST0349,Rekha Srivastava,North,Chandigarh,Furniture,Wardrobe,2,17354.62,11876.63,0.0,34709.24,0.0,34709.24,10955.98,Cash,0
TXN000603,2024-08-27,CUST0305,Rekha Srivastava,North,Lucknow,Clothing,Men's T-Shirt,4,838.1,349.04,0.0,3352.4,0.0,3352.4,1956.24,Cash,0
TXN000604,2023-02-14,CUST0109,Swati Kapoor,West,Ahmedabad,Cosmetics,Sunscreen SPF50,2,488.71,274.81,0.0,977.42,0.0,977.42,427.8,Cash,0
TXN000605,2023-10-17,CUST0205,Amit Kumar,North,Delhi,Sports,Badminton Racket,1,1464.08,925.11,0.2,1464.08,292.82,1171.26,246.15,Cash,0
TXN000606,2023-06-16,CUST0222,Pallavi Shah,West,Ahmedabad,Cosmetics,Sunscreen SPF50,2,437.9,266.74,0.2,875.8,175.16,700.64,167.16,Debit Card,0
TXN000607,2024-09-09,CUST0047,Arun Patil,North,Lucknow,Sports,Yoga Mat,1,918.3,552.08,0.05,918.3,45.91,872.39,320.31,UPI,0
TXN000608,2024-09-20,CUST0332,Rekha Srivastava,West,Mumbai,Electronics,Wireless Earbuds,2,3504.42,2195.19,0.0,7008.84,0.0,7008.84,2618.46,Credit Card,1
TXN000609,2024-06-23,CUST0351,Rajesh Malhotra,Central,Bhopal,Groceries,Sugar 1kg,1,56.19,41.11,0.0,56.19,0.0,56.19,15.08,Debit Card,0
TXN000610,2024-06-19,CUST0218,Meera Das,Central,Bhopal,Sports,Cricket Bat,2,3261.7,1801.45,0.1,6523.4,652.34,5871.06,2268.16,Cash,0
TXN000611,2024-08-05,CUST0094,Mohit Saxena,East,Patna,Sports,Cricket Bat,2,3182.17,1795.99,0.2,6364.34,1272.87,5091.47,1499.49,UPI,0
TXN000612,2024-03-02,CUST0414,Sanjay Yadav,East,Patna,Sports,Cycle Helmet,2,1322.71,808.17,0.1,2645.42,264.54,2380.88,764.54,Debit Card,1
TXN000613,2023-07-11,CUST0336,Lakshmi Rao,North,Amritsar,Groceries,Tea Powder 500g,2,199.68,151.44,0.0,399.36,0.0,399.36,96.48,UPI,0
TXN000614,2024-11-04,CUST0345,Nikhil Dubey,Central,Varanasi,Groceries,Pulses 1kg,4,150.08,100.7,0.15,600.32,90.05,510.27,107.47,UPI,0
TXN000615,2023-03-31,CUST0333,Kavita Joshi,North,Chandigarh,Electronics,Laptop,1,42931.0,37956.95,0.0,42931.0,0.0,42931.0,4974.05,UPI,0
TXN000616,2024-07-05,CUST0379,Nikhil Dubey,East,Guwahati,Clothing,Winter Jacket,1,4052.11,2149.37,0.0,4052.11,0.0,4052.11,1902.74,UPI,1
TXN000617,2024-04-27,CUST0323,Swati Kapoor,West,Nagpur,Clothing,Women's Kurti,1,1310.38,594.02,0.0,1310.38,0.0,1310.38,716.36,UPI,1
TXN000618,2024-05-22,CUST0372,Sunita Mishra,Central,Gwalior,Groceries,Basmati Rice 5kg,5,460.41,309.74,0.1,2302.05,230.21,2071.84,523.14,UPI,0
TXN000619,2023-03-04,CUST0319,Harish Agarwal,West,Nagpur,Groceries,Pulses 1kg,4,141.76,99.84,0.05,567.04,28.35,538.69,139.33,Debit Card,0
TXN000620,2024-03-22,CUST0466,Rekha Srivastava,East,Bhubaneswar,Furniture,Bookshelf,2,6602.16,4502.06,0.1,13204.32,1320.43,11883.89,2879.77,Debit Card,1
TXN000621,2024-11-03,CUST0319,Rohan Mehta,East,Guwahati,Furniture,Wardrobe,2,18375.28,12339.08,0.0,36750.56,0.0,36750.56,12072.4,Debit Card,0
TXN000622,2023-03-30,CUST0483,Lakshmi Rao,South,Chennai,Clothing,Women's Kurti,1,1352.08,585.63,0.05,1352.08,67.6,1284.48,698.85,Debit Card,0
TXN000623,2024-07-24,CUST0033,Arjun Reddy,North,Lucknow,Groceries,Whole Wheat Flour 5kg,1,269.73,190.04,0.2,269.73,53.95,215.78,25.74,UPI,0
TXN000624,2023-08-21,CUST0450,Asha Pandey,South,Kochi,Groceries,Whole Wheat Flour 5kg,1,266.93,193.07,0.2,266.93,53.39,213.54,20.47,Debit Card,0
TXN000625,2024-12-07,CUST0500,Sneha Gupta,Central,Bhopal,Cosmetics,Face Wash 100ml,4,304.55,163.28,0.0,1218.2,0.0,1218.2,565.08,Net Banking,0
TXN000626,2023-04-15,CUST0081,Pallavi Shah,North,Amritsar,Electronics,Smartphone,2,22978.76,17378.29,0.0,45957.52,0.0,45957.52,11200.94,Debit Card,0
TXN000627,2024-06-02,CUST0394,Arun Patil,North,Chandigarh,Cosmetics,Lipstick,1,645.3,308.87,0.05,645.3,32.27,613.03,304.16,Cash,0
TXN000628,2024-04-30,CUST0323,Rekha Srivastava,Central,Indore,Electronics,Tablet,2,18105.58,13198.78,0.0,36211.16,0.0,36211.16,9813.6,Credit Card,0
TXN000629,2024-06-26,CUST0186,Rahul Sharma,South,Chennai,Furniture,Sofa Set,3,38247.16,24023.26,0.15,114741.48,17211.22,97530.26,25460.48,UPI,0
TXN000630,2023-01-11,CUST0223,Priya Patel,Central,Bhopal,Electronics,Tablet,1,17949.97,13375.92,0.0,17949.97,0.0,17949.97,4574.05,UPI,0
TXN000631,2024-11-07,CUST0206,Rajesh Malhotra,South,Mysore,Electronics,Router,6,3027.84,1953.88,0.05,18167.04,908.35,17258.69,5535.41,Net Banking,0
TXN000632,2023-11-18,CUST0330,Rohan Mehta,North,Lucknow,Sports,Badminton Racket,2,1631.01,910.82,0.05,3262.02,163.1,3098.92,1277.28,Net Banking,0
TXN000633,2024-09-25,CUST0267,Asha Pandey,East,Guwahati,Clothing,Denim Jeans,3,2520.24,1215.76,0.0,7560.72,0.0,7560.72,3913.44,Debit Card,0
TXN000634,2024-06-07,CUST0304,Sanjay Yadav,Central,Raipur,Cosmetics,Moisturiser 50g,2,475.8,286.56,0.1,951.6,95.16,856.44,283.32,Credit Card,0
TXN000635,2023-11-08,CUST0334,Sneha Gupta,Central,Bhopal,Cosmetics,Face Wash 100ml,3,306.81,156.39,0.2,920.43,184.09,736.34,267.17,UPI,0
TXN000636,2023-01-06,CUST0433,Sunita Mishra,South,Mysore,Sports,Cycle Helmet,1,1408.31,806.13,0.1,1408.31,140.83,1267.48,461.35,Credit Card,0
TXN000637,2023-10-19,CUST0399,Divya Iyer,Central,Indore,Cosmetics,Foundation,1,898.26,522.57,0.2,898.26,179.65,718.61,196.04,UPI,0
TXN000638,2024-12-29,CUST0229,Amit Kumar,West,Mumbai,Electronics,Laptop,2,45617.99,37156.54,0.0,91235.98,0.0,91235.98,16922.9,Debit Card,0
TXN000639,2024-02-17,CUST0375,Meera Das,Central,Varanasi,Groceries,Pulses 1kg,1,142.24,102.59,0.05,142.24,7.11,135.13,32.54,Credit Card,0
TXN000640,2023-05-11,CUST0234,Lakshmi Rao,West,Pune,Cosmetics,Hair Serum 100ml,2,754.56,390.83,0.0,1509.12,0.0,1509.12,727.46,Cash,0
TXN000641,2024-07-26,CUST0157,Divya Iyer,North,Amritsar,Furniture,Office Chair,2,8126.36,5679.35,0.0,16252.72,0.0,16252.72,4894.02,Debit Card,0
TXN000642,2023-01-29,CUST0111,Anita Verma,South,Mysore,Furniture,Office Chair,2,9269.45,5732.2,0.0,18538.9,0.0,18538.9,7074.5,UPI,0
TXN000643,2024-07-14,CUST0369,Mohit Saxena,North,Jaipur,Furniture,Dining Table,1,22014.82,14889.58,0.2,22014.82,4402.96,17611.86,2722.28,Net Banking,0
TXN000644,2023-05-22,CUST0410,Sunita Mishra,West,Surat,Cosmetics,Foundation,3,874.14,527.11,0.0,2622.42,0.0,2622.42,1041.09,Net Banking,0
TXN000645,2023-08-27,CUST0013,Ravi Chandra,East,Ranchi,Electronics,Router,3,2931.28,1941.72,0.15,8793.84,1319.08,7474.76,1649.6,Debit Card,0
TXN000646,2023-05-07,CUST0268,Rohan Mehta,North,Chandigarh,Sports,Badminton Racket,1,1553.76,875.86,0.1,1553.76,155.38,1398.38,522.52,UPI,0
TXN000647,2023-01-20,CUST0044,Geeta Bhatt,Central,Indore,Electronics,Tablet,1,19005.17,13302.37,0.05,19005.17,950.26,18054.91,4752.54,Net Banking,0
TXN000648,2024-02-16,CUST0163,Kiran Bose,West,Mumbai,Groceries,Sugar 1kg,1,53.74,40.8,0.1,53.74,5.37,48.37,7.57,Debit Card,0
TXN000649,2023-04-12,CUST0315,Arjun Reddy,East,Bhubaneswar,Clothing,Denim Jeans,2,2730.97,1212.86,0.0,5461.94,0.0,5461.94,3036.22,Credit Card,0
TXN000650,2023-03-01,CUST0461,Sneha Gupta,North,Lucknow,Clothing,Winter Jacket,1,4334.72,2168.05,0.2,4334.72,866.94,3467.78,1299.73,Cash,0
TXN000651,2024-09-03,CUST0248,Rahul Sharma,West,Nagpur,Sports,Running Shoes,2,4987.75,3210.2,0.0,9975.5,0.0,9975.5,3555.1,UPI,0
TXN000652,2023-01-20,CUST0209,Suresh Pillai,Central,Bhopal,Clothing,Formal Shirt,1,1884.87,879.78,0.1,1884.87,188.49,1696.38,816.6,Cash,0
TXN000653,2024-05-27,CUST0022,Rahul Sharma,South,Hyderabad,Sports,Yoga Mat,2,911.19,563.58,0.05,1822.38,91.12,1731.26,604.1,UPI,1
TXN000654,2024-09-27,CUST0195,Divya Iyer,South,Bangalore,Electronics,Smart TV,1,34684.84,26596.44,0.15,34684.84,5202.73,29482.11,2885.67,Credit Card,0
TXN000655,2024-06-06,CUST0144,Rajesh Malhotra,South,Mysore,Sports,Cricket Bat,1,2904.37,1761.08,0.1,2904.37,290.44,2613.93,852.85,UPI,0
TXN000656,2024-05-31,CUST0126,Rekha Srivastava,East,Patna,Cosmetics,Lipstick,4,657.07,313.86,0.0,2628.28,0.0,2628.28,1372.84,Debit Card,0
TXN000657,2024-04-15,CUST0089,Meera Das,East,Kolkata,Cosmetics,Moisturiser 50g,2,509.72,286.74,0.15,1019.44,152.92,866.52,293.04,Net Banking,0
TXN000658,2024-12-21,CUST0418,Rekha Srivastava,West,Nagpur,Electronics,Router,2,2933.53,1904.41,0.2,5867.06,1173.41,4693.65,884.83,UPI,0
TXN000659,2023-12-28,CUST0190,Nisha Trivedi,West,Nagpur,Groceries,Sugar 1kg,4,58.0,40.76,0.05,232.0,11.6,220.4,57.36,Credit Card,0
TXN000660,2023-08-15,CUST0368,Kavita Joshi,East,Patna,Clothing,Men's T-Shirt,3,856.88,352.63,0.2,2570.64,514.13,2056.51,998.62,Credit Card,1
TXN000661,2024-01-07,CUST0257,Lakshmi Rao,West,Nagpur,Clothing,Men's T-Shirt,1,806.52,357.77,0.1,806.52,80.65,725.87,368.1,Credit Card,0
TXN000662,2024-11-06,CUST0133,Nisha Trivedi,Central,Gwalior,Clothing,Men's T-Shirt,5,829.54,355.17,0.0,4147.7,0.0,4147.7,2371.85,Net Banking,0
TXN000663,2024-06-19,CUST0453,Suresh Pillai,East,Bhubaneswar,Cosmetics,Face Wash 100ml,3,307.95,157.63,0.1,923.85,92.39,831.46,358.57,Cash,1
TXN000664,2024-10-18,CUST0254,Divya Iyer,North,Lucknow,Furniture,Sofa Set,3,34688.69,24259.45,0.05,104066.07,5203.3,98862.77,26084.42,Net Banking,0
TXN000665,2023-08-18,CUST0378,Kavita Joshi,West,Nagpur,Furniture,Bookshelf,2,6254.76,4519.39,0.0,12509.52,0.0,12509.52,3470.74,UPI,1
TXN000666,2023-09-13,CUST0414,Rahul Sharma,East,Patna,Electronics,Router,1,2922.62,1846.18,0.05,2922.62,146.13,2776.49,930.31,Net Banking,0
TXN000667,2023-12-09,CUST0484,Amit Kumar,South,Bangalore,Furniture,Wooden Desk,6,12878.94,8510.03,0.0,77273.64,0.0,77273.64,26213.46,Net Banking,0
TXN000668,2023-04-08,CUST0356,Amit Kumar,Central,Bhopal,Electronics,Laptop,1,48937.82,37720.46,0.2,48937.82,9787.56,39150.26,1429.8,Credit Card,0
TXN000669,2024-03-28,CUST0317,Arun Patil,Central,Varanasi,Electronics,Laptop,1,44740.69,37729.72,0.0,44740.69,0.0,44740.69,7010.97,UPI,0
TXN000670,2024-09-05,CUST0318,Sneha Gupta,Central,Bhopal,Furniture,Sofa Set,1,35687.1,23896.47,0.1,35687.1,3568.71,32118.39,8221.92,Debit Card,0
TXN000671,2024-11-22,CUST0431,Rohan Mehta,West,Nagpur,Groceries,Pulses 1kg,3,145.5,97.41,0.2,436.5,87.3,349.2,56.97,Net Banking,0
TXN000672,2024-06-05,CUST0023,Priya Patel,West,Surat,Cosmetics,Hair Serum 100ml,2,710.67,393.84,0.2,1421.34,284.27,1137.07,349.39,Credit Card,0
TXN000673,2024-03-22,CUST0497,Rahul Sharma,East,Patna,Sports,Badminton Racket,2,1493.46,891.52,0.0,2986.92,0.0,2986.92,1203.88,Net Banking,0
TXN000674,2024-11-25,CUST0328,Nisha Trivedi,South,Mysore,Sports,Cricket Bat,1,3038.91,1767.1,0.0,3038.91,0.0,3038.91,1271.81,Credit Card,0
TXN000675,2023-12-16,CUST0169,Anita Verma,West,Surat,Sports,Cycle Helmet,1,1421.7,805.57,0.05,1421.7,71.09,1350.61,545.04,Cash,0
TXN000676,2023-02-13,CUST0377,Arun Patil,North,Chandigarh,Cosmetics,Moisturiser 50g,2,508.97,275.18,0.05,1017.94,50.9,967.04,416.68,Debit Card,0
TXN000677,2024-01-20,CUST0324,Ravi Chandra,South,Bangalore,Groceries,Basmati Rice 5kg,1,435.28,306.1,0.0,435.28,0.0,435.28,129.18,Debit Card,0
TXN000678,2023-01-31,CUST0126,Anita Verma,East,Bhubaneswar,Clothing,Denim Jeans,1,2643.51,1188.47,0.1,2643.51,264.35,2379.16,1190.69,Credit Card,0
TXN000679,2023-09-26,CUST0190,Geeta Bhatt,North,Chandigarh,Furniture,Wardrobe,2,19627.51,11859.65,0.0,39255.02,0.0,39255.02,15535.72,Debit Card,0
TXN000680,2024-06-23,CUST0407,Rohan Mehta,Central,Varanasi,Cosmetics,Face Wash 100ml,1,289.36,163.67,0.0,289.36,0.0,289.36,125.69,Credit Card,0
TXN000681,2024-12-12,CUST0405,Vijay Singh,Central,Varanasi,Cosmetics,Moisturiser 50g,5,518.01,285.95,0.0,2590.05,0.0,2590.05,1160.3,Debit Card,0
TXN000682,2024-10-06,CUST0405,Rekha Srivastava,South,Mysore,Sports,Running Shoes,1,4905.95,3119.63,0.05,4905.95,245.3,4660.65,1541.02,Net Banking,0
TXN000683,2024-06-04,CUST0490,Lakshmi Rao,Central,Raipur,Furniture,Dining Table,1,22133.8,15175.06,0.15,22133.8,3320.07,18813.73,3638.67,UPI,0
TXN000684,2024-02-15,CUST0203,Rohan Mehta,Central,Bhopal,Clothing,Women's Kurti,1,1408.42,598.27,0.0,1408.42,0.0,1408.42,810.15,Debit Card,0
TXN000685,2024-01-22,CUST0022,Suresh Pillai,East,Patna,Sports,Cricket Bat,1,3049.01,1783.97,0.1,3049.01,304.9,2744.11,960.14,Net Banking,0
TXN000686,2024-03-12,CUST0227,Kavita Joshi,West,Surat,Groceries,Sugar 1kg,2,54.87,41.7,0.0,109.74,0.0,109.74,26.34,Debit Card,0
TXN000687,2024-01-03,CUST0185,Priya Patel,East,Ranchi,Sports,Badminton Racket,1,1632.4,878.31,0.0,1632.4,0.0,1632.4,754.09,Net Banking,0
TXN000688,2023-07-21,CUST0071,Swati Kapoor,East,Patna,Cosmetics,Sunscreen SPF50,1,484.57,264.99,0.1,484.57,48.46,436.11,171.12,Net Banking,0
TXN000689,2023-01-09,CUST0488,Vijay Singh,East,Patna,Furniture,Sofa Set,2,33312.43,24221.89,0.2,66624.86,13324.97,53299.89,4856.11,UPI,0
TXN000690,2023-08-03,CUST0044,Arjun Reddy,Central,Gwalior,Sports,Running Shoes,1,5290.82,3192.59,0.2,5290.82,1058.16,4232.66,1040.07,Credit Card,0
TXN000691,2024-12-15,CUST0256,Geeta Bhatt,West,Surat,Sports,Cricket Bat,1,2906.79,1847.88,0.0,2906.79,0.0,2906.79,1058.91,Debit Card,0
TXN000692,2024-03-05,CUST0473,Vijay Singh,West,Nagpur,Groceries,Whole Wheat Flour 5kg,3,259.51,190.77,0.0,778.53,0.0,778.53,206.22,Credit Card,1
TXN000693,2023-12-05,CUST0244,Sneha Gupta,Central,Gwalior,Sports,Running Shoes,4,5041.97,3206.62,0.0,20167.88,0.0,20167.88,7341.4,Debit Card,0
TXN000694,2024-04-07,CUST0353,Sunita Mishra,East,Kolkata,Clothing,Men's T-Shirt,2,839.94,343.23,0.2,1679.88,335.98,1343.9,657.44,UPI,0
TXN000695,2023-07-23,CUST0088,Arjun Reddy,West,Ahmedabad,Clothing,Women's Kurti,1,1322.64,595.27,0.0,1322.64,0.0,1322.64,727.37,UPI,0
TXN000696,2023-04-24,CUST0067,Swati Kapoor,West,Surat,Cosmetics,Face Wash 100ml,3,301.5,163.87,0.0,904.5,0.0,904.5,412.89,Credit Card,0
TXN000697,2024-12-27,CUST0074,Suresh Pillai,South,Mysore,Sports,Dumbbells Set,1,3683.49,2170.36,0.0,3683.49,0.0,3683.49,1513.13,Cash,0
TXN000698,2024-09-11,CUST0047,Pooja Nair,Central,Raipur,Sports,Running Shoes,1,5094.13,3214.62,0.15,5094.13,764.12,4330.01,1115.39,UPI,0
TXN000699,2024-12-29,CUST0094,Nikhil Dubey,West,Nagpur,Clothing,Winter Jacket,3,4238.89,2194.43,0.15,12716.67,1907.5,10809.17,4225.88,Net Banking,0
TXN000700,2024-12-16,CUST0358,Pallavi Shah,South,Chennai,Groceries,Tea Powder 500g,6,216.44,156.55,0.0,1298.64,0.0,1298.64,359.34,Credit Card,0
TXN000701,2024-02-26,CUST0130,Rohan Mehta,Central,Bhopal,Groceries,Basmati Rice 5kg,1,480.12,308.33,0.0,480.12,0.0,480.12,171.79,Net Banking,0
TXN000702,2023-01-28,CUST0006,Sanjay Yadav,West,Surat,Groceries,Tea Powder 500g,1,212.08,152.16,0.0,212.08,0.0,212.08,59.92,Cash,0
TXN000703,2023-05-20,CUST0421,Sanjay Yadav,West,Surat,Furniture,Office Chair,3,8984.82,5778.33,0.05,26954.46,1347.72,25606.74,8271.75,Credit Card,0
TXN000704,2023-01-19,CUST0391,Rahul Sharma,South,Hyderabad,Electronics,Wireless Earbuds,2,3714.26,2156.24,0.15,7428.52,1114.28,6314.24,2001.76,Debit Card,0
TXN000705,2024-01-02,CUST0338,Rajesh Malhotra,North,Amritsar,Clothing,Winter Jacket,1,4285.84,2218.61,0.15,4285.84,642.88,3642.96,1424.35,Cash,0
TXN000706,2023-11-12,CUST0466,Kavita Joshi,Central,Bhopal,Electronics,Smart TV,1,37277.35,27694.69,0.0,37277.35,0.0,37277.35,9582.66,Credit Card,0
TXN000707,2024-03-07,CUST0341,Anita Verma,North,Lucknow,Clothing,Saree,1,5410.63,2544.54,0.2,5410.63,1082.13,4328.5,1783.96,Credit Card,0
TXN000708,2024-06-08,CUST0203,Meera Das,East,Patna,Sports,Cycle Helmet,1,1270.98,785.94,0.1,1270.98,127.1,1143.88,357.94,Cash,0
TXN000709,2023-04-19,CUST0143,Harish Agarwal,South,Bangalore,Furniture,Wardrobe,1,18338.7,11687.53,0.2,18338.7,3667.74,14670.96,2983.43,Net Banking,0
TXN000710,2023-03-10,CUST0406,Nisha Trivedi,West,Ahmedabad,Sports,Running Shoes,3,5486.23,3123.55,0.1,16458.69,1645.87,14812.82,5442.17,Net Banking,0
TXN000711,2023-04-08,CUST0035,Arjun Reddy,West,Pune,Groceries,Cooking Oil 1L,1,179.59,132.74,0.05,179.59,8.98,170.61,37.87,Cash,0
TXN000712,2024-08-22,CUST0316,Arun Patil,Central,Indore,Sports,Badminton Racket,1,1582.49,873.72,0.0,1582.49,0.0,1582.49,708.77,Cash,0
TXN000713,2024-03-14,CUST0122,Nisha Trivedi,Central,Bhopal,Electronics,Smartphone,1,21400.51,16698.47,0.0,21400.51,0.0,21400.51,4702.04,Net Banking,1
TXN000714,2024-03-30,CUST0406,Meera Das,East,Bhubaneswar,Groceries,Whole Wheat Flour 5kg,2,261.64,192.97,0.1,523.28,52.33,470.95,85.01,Debit Card,0
TXN000715,2023-08-23,CUST0357,Pallavi Shah,East,Patna,Clothing,Women's Kurti,1,1363.63,590.94,0.15,1363.63,204.54,1159.09,568.15,Credit Card,0
TXN000716,2024-01-26,CUST0027,Harish Agarwal,South,Kochi,Cosmetics,Face Wash 100ml,1,286.95,159.92,0.0,286.95,0.0,286.95,127.03,Credit Card,1
TXN000717,2023-05-09,CUST0126,Meera Das,Central,Gwalior,Clothing,Women's Kurti,1,1325.06,587.91,0.0,1325.06,0.0,1325.06,737.15,Credit Card,0
TXN000718,2023-11-07,CUST0194,Anita Verma,West,Pune,Groceries,Sugar 1kg,2,52.91,43.19,0.05,105.82,5.29,100.53,14.15,UPI,0
TXN000719,2024-06-01,CUST0305,Asha Pandey,West,Pune,Furniture,Office Chair,2,8181.12,5941.45,0.0,16362.24,0.0,16362.24,4479.34,Credit Card,0
TXN000720,2023-06-29,CUST0171,Vijay Singh,West,Ahmedabad,Furniture,Bookshelf,1,6540.77,4528.63,0.0,6540.77,0.0,6540.77,2012.14,UPI,0
TXN000721,2023-07-14,CUST0158,Harish Agarwal,Central,Raipur,Furniture,Sofa Set,3,38345.09,23817.33,0.05,115035.27,5751.76,109283.51,37831.52,Net Banking,0
TXN000722,2023-02-09,CUST0395,Nisha Trivedi,North,Jaipur,Sports,Yoga Mat,1,880.24,547.9,0.0,880.24,0.0,880.24,332.34,Debit Card,0
TXN000723,2024-05-15,CUST0186,Harish Agarwal,East,Kolkata,Cosmetics,Foundation,4,886.73,505.48,0.2,3546.92,709.38,2837.54,815.62,Cash,0
TXN000724,2024-10-22,CUST0431,Anita Verma,Central,Varanasi,Cosmetics,Moisturiser 50g,1,493.08,281.72,0.15,493.08,73.96,419.12,137.4,Cash,0
TXN000725,2023-04-05,CUST0425,Meera Das,West,Surat,Cosmetics,Hair Serum 100ml,3,759.46,409.02,0.0,2278.38,0.0,2278.38,1051.32,Debit Card,0
TXN000726,2024-05-27,CUST0446,Amit Kumar,West,Nagpur,Groceries,Tea Powder 500g,2,212.47,158.5,0.15,424.94,63.74,361.2,44.2,Cash,0
TXN000727,2023-12-19,CUST0036,Arun Patil,East,Bhubaneswar,Cosmetics,Foundation,3,876.76,519.74,0.0,2630.28,0.0,2630.28,1071.06,UPI,0
TXN000728,2024-11-01,CUST0094,Deepak Tiwari,West,Pune,Clothing,Denim Jeans,2,2443.92,1173.67,0.05,4887.84,244.39,4643.45,2296.11,Cash,0
TXN000729,2023-08-06,CUST0445,Harish Agarwal,North,Chandigarh,Clothing,Denim Jeans,3,2539.26,1229.73,0.0,7617.78,0.0,7617.78,3928.59,Credit Card,0
TXN000730,2023-03-29,CUST0390,Sneha Gupta,East,Kolkata,Groceries,Basmati Rice 5kg,1,467.03,309.59,0.15,467.03,70.05,396.98,87.39,Cash,0
TXN000731,2023-01-08,CUST0478,Lakshmi Rao,North,Delhi,Clothing,Formal Shirt,1,1849.39,924.95,0.0,1849.39,0.0,1849.39,924.44,UPI,0
TXN000732,2024-09-10,CUST0313,Priya Patel,East,Patna,Groceries,Cooking Oil 1L,1,196.41,131.29,0.05,196.41,9.82,186.59,55.3,Debit Card,0
TXN000733,2023-04-13,CUST0189,Suresh Pillai,West,Pune,Electronics,Wireless Earbuds,3,3824.31,2233.19,0.0,11472.93,0.0,11472.93,4773.36,Net Banking,0
TXN000734,2024-05-01,CUST0497,Geeta Bhatt,South,Bangalore,Cosmetics,Lipstick,3,570.54,307.4,0.0,1711.62,0.0,1711.62,789.42,Debit Card,0
TXN000735,2023-08-28,CUST0359,Rajesh Malhotra,West,Nagpur,Electronics,Tablet,1,19613.28,13379.76,0.2,19613.28,3922.66,15690.62,2310.86,Cash,0
TXN000736,2023-10-28,CUST0045,Pooja Nair,South,Mysore,Sports,Cycle Helmet,4,1332.38,782.14,0.2,5329.52,1065.9,4263.62,1135.06,Net Banking,1
TXN000737,2024-04-23,CUST0046,Sneha Gupta,West,Mumbai,Furniture,Wardrobe,1,17560.17,12319.83,0.15,17560.17,2634.03,14926.14,2606.31,UPI,1
TXN000738,2023-01-30,CUST0064,Rekha Srivastava,East,Guwahati,Groceries,Cooking Oil 1L,1,190.42,131.29,0.15,190.42,28.56,161.86,30.57,Credit Card,1
TXN000739,2024-10-10,CUST0381,Pallavi Shah,North,Lucknow,Clothing,Formal Shirt,3,1882.83,893.36,0.15,5648.49,847.27,4801.22,2121.14,UPI,0
TXN000740,2024-07-29,CUST0175,Pallavi Shah,West,Pune,Clothing,Denim Jeans,1,2417.42,1170.31,0.0,2417.42,0.0,2417.42,1247.11,Net Banking,1
TXN000741,2023-04-29,CUST0217,Arjun Reddy,South,Hyderabad,Furniture,Dining Table,2,22847.2,14720.87,0.05,45694.4,2284.72,43409.68,13967.94,Debit Card,0
TXN000742,2023-05-10,CUST0162,Vijay Singh,Central,Gwalior,Clothing,Men's T-Shirt,1,806.43,350.8,0.05,806.43,40.32,766.11,415.31,Debit Card,0
TXN000743,2024-05-26,CUST0159,Deepak Tiwari,South,Mysore,Groceries,Cooking Oil 1L,2,193.35,126.37,0.0,386.7,0.0,386.7,133.96,Cash,0
TXN000744,2024-12-24,CUST0171,Vijay Singh,South,Kochi,Groceries,Tea Powder 500g,1,229.94,150.9,0.2,229.94,45.99,183.95,33.05,Credit Card,0
TXN000745,2023-08-19,CUST0281,Kiran Bose,North,Chandigarh,Furniture,Wardrobe,1,18879.98,12250.93,0.0,18879.98,0.0,18879.98,6629.05,Debit Card,0
TXN000746,2024-04-29,CUST0359,Swati Kapoor,West,Surat,Electronics,Wireless Earbuds,5,3706.55,2171.27,0.0,18532.75,0.0,18532.75,7676.4,Net Banking,0
TXN000747,2023-05-15,CUST0460,Vijay Singh,Central,Bhopal,Cosmetics,Lipstick,1,581.41,313.64,0.0,581.41,0.0,581.41,267.77,Credit Card,0
TXN000748,2023-07-20,CUST0076,Kiran Bose,North,Lucknow,Cosmetics,Hair Serum 100ml,2,674.74,406.85,0.2,1349.48,269.9,1079.58,265.88,UPI,0
TXN000749,2023-06-22,CUST0497,Vijay Singh,North,Lucknow,Furniture,Wooden Desk,2,12327.78,8417.63,0.05,24655.56,1232.78,23422.78,6587.52,UPI,0
TXN000750,2023-05-02,CUST0398,Nikhil Dubey,West,Ahmedabad,Cosmetics,Hair Serum 100ml,2,764.14,403.67,0.05,1528.28,76.41,1451.87,644.53,Cash,0
TXN000751,2024-10-27,CUST0012,Ravi Chandra,West,Ahmedabad,Electronics,Laptop,3,47079.51,38931.33,0.0,141238.53,0.0,141238.53,24444.54,Net Banking,1
TXN000752,2024-05-06,CUST0153,Ravi Chandra,North,Amritsar,Clothing,Winter Jacket,2,4089.49,2219.09,0.05,8178.98,408.95,7770.03,3331.85,Credit Card,0
TXN000753,2023-03-07,CUST0033,Deepak Tiwari,Central,Indore,Furniture,Wardrobe,3,18548.33,12224.78,0.05,55644.99,2782.25,52862.74,16188.4,Net Banking,0
TXN000754,2024-10-29,CUST0410,Arjun Reddy,South,Bangalore,Clothing,Formal Shirt,2,1896.65,873.29,0.05,3793.3,189.67,3603.63,1857.05,Cash,0
TXN000755,2024-08-11,CUST0495,Asha Pandey,South,Bangalore,Sports,Dumbbells Set,2,3838.37,2200.81,0.0,7676.74,0.0,7676.74,3275.12,Credit Card,0
TXN000756,2024-11-04,CUST0252,Nikhil Dubey,East,Kolkata,Sports,Dumbbells Set,2,3670.01,2192.73,0.1,7340.02,734.0,6606.02,2220.56,Debit Card,0
TXN000757,2023-12-27,CUST0427,Rohan Mehta,Central,Indore,Cosmetics,Face Wash 100ml,2,285.7,156.56,0.2,571.4,114.28,457.12,144.0,Credit Card,0
TXN000758,2023-08-10,CUST0196,Harish Agarwal,East,Bhubaneswar,Cosmetics,Hair Serum 100ml,1,708.3,401.2,0.0,708.3,0.0,708.3,307.1,Credit Card,0
TXN000759,2023-03-27,CUST0366,Divya Iyer,West,Pune,Sports,Yoga Mat,4,988.27,556.49,0.0,3953.08,0.0,3953.08,1727.12,Net Banking,0
TXN000760,2024-06-07,CUST0040,Sanjay Yadav,West,Pune,Groceries,Sugar 1kg,2,55.38,43.17,0.0,110.76,0.0,110.76,24.42,Cash,0
TXN000761,2024-12-01,CUST0141,Rahul Sharma,North,Lucknow,Cosmetics,Face Wash 100ml,2,296.31,163.54,0.0,592.62,0.0,592.62,265.54,Cash,0
TXN000762,2023-08-16,CUST0414,Lakshmi Rao,North,Delhi,Clothing,Formal Shirt,2,1905.59,889.55,0.2,3811.18,762.24,3048.94,1269.84,Cash,0
TXN000763,2024-12-18,CUST0177,Geeta Bhatt,East,Ranchi,Groceries,Pulses 1kg,3,139.68,101.51,0.0,419.04,0.0,419.04,114.51,Net Banking,0
TXN000764,2024-02-17,CUST0074,Kiran Bose,South,Hyderabad,Electronics,Router,1,2875.7,1860.73,0.0,2875.7,0.0,2875.7,1014.97,Net Banking,0
TXN000765,2023-02-24,CUST0258,Pooja Nair,East,Bhubaneswar,Cosmetics,Hair Serum 100ml,1,710.07,396.5,0.05,710.07,35.5,674.57,278.07,Debit Card,1
TXN000766,2024-06-17,CUST0433,Amit Kumar,South,Hyderabad,Cosmetics,Face Wash 100ml,3,326.54,159.1,0.0,979.62,0.0,979.62,502.32,Cash,0
TXN000767,2023-09-03,CUST0347,Deepak Tiwari,South,Mysore,Electronics,Laptop,2,46076.74,38853.52,0.05,92153.48,4607.67,87545.81,9838.77,Credit Card,0
TXN000768,2024-06-11,CUST0004,Nikhil Dubey,Central,Bhopal,Furniture,Office Chair,1,8860.77,5942.99,0.15,8860.77,1329.12,7531.65,1588.66,UPI,0
TXN000769,2023-12-20,CUST0090,Amit Kumar,Central,Gwalior,Electronics,Wireless Earbuds,1,3813.35,2234.81,0.0,3813.35,0.0,3813.35,1578.54,Debit Card,0
TXN000770,2024-06-10,CUST0468,Rekha Srivastava,North,Jaipur,Furniture,Sofa Set,2,34145.04,24676.41,0.0,68290.08,0.0,68290.08,18937.26,Credit Card,0
TXN000771,2023-05-01,CUST0264,Mohit Saxena,West,Ahmedabad,Groceries,Cooking Oil 1L,4,181.63,133.3,0.15,726.52,108.98,617.54,84.34,Cash,1
TXN000772,2024-09-24,CUST0003,Divya Iyer,North,Lucknow,Electronics,Wireless Earbuds,2,3566.69,2173.38,0.0,7133.38,0.0,7133.38,2786.62,Credit Card,0
TXN000773,2023-01-10,CUST0394,Rekha Srivastava,West,Pune,Electronics,Wireless Earbuds,1,3390.02,2198.34,0.0,3390.02,0.0,3390.02,1191.68,Debit Card,0
TXN000774,2024-02-09,CUST0337,Mohit Saxena,East,Guwahati,Clothing,Formal Shirt,1,1928.05,878.87,0.05,1928.05,96.4,1831.65,952.78,UPI,0
TXN000775,2023-12-29,CUST0462,Priya Patel,North,Lucknow,Cosmetics,Moisturiser 50g,4,484.06,278.67,0.0,1936.24,0.0,1936.24,821.56,Credit Card,0
TXN000776,2024-05-05,CUST0066,Arjun Reddy,East,Kolkata,Furniture,Sofa Set,3,36138.15,24431.74,0.15,108414.45,16262.17,92152.28,18857.06,UPI,0
TXN000777,2024-02-03,CUST0176,Meera Das,North,Delhi,Clothing,Women's Kurti,1,1367.41,583.87,0.2,1367.41,273.48,1093.93,510.06,Net Banking,0
TXN000778,2024-03-20,CUST0096,Kavita Joshi,East,Guwahati,Electronics,Smart TV,2,34550.67,26437.04,0.1,69101.34,6910.13,62191.21,9317.13,Debit Card,0
TXN000779,2023-09-27,CUST0097,Swati Kapoor,South,Kochi,Clothing,Winter Jacket,1,4219.63,2200.31,0.0,4219.63,0.0,4219.63,2019.32,Net Banking,0
TXN000780,2023-06-02,CUST0010,Sunita Mishra,South,Kochi,Electronics,Tablet,1,19774.08,13334.7,0.05,19774.08,988.7,18785.38,5450.68,Credit Card,0
TXN000781,2023-02-22,CUST0330,Priya Patel,Central,Raipur,Cosmetics,Sunscreen SPF50,2,456.26,262.89,0.05,912.52,45.63,866.89,341.11,Debit Card,0
TXN000782,2024-01-08,CUST0027,Rekha Srivastava,East,Guwahati,Clothing,Denim Jeans,1,2709.58,1177.09,0.0,2709.58,0.0,2709.58,1532.49,Debit Card,0
TXN000783,2024-04-28,CUST0007,Rekha Srivastava,Central,Bhopal,Furniture,Wooden Desk,2,12001.71,8301.88,0.15,24003.42,3600.51,20402.91,3799.15,Net Banking,0
TXN000784,2023-05-14,CUST0300,Kiran Bose,East,Ranchi,Sports,Badminton Racket,3,1507.6,908.11,0.0,4522.8,0.0,4522.8,1798.47,Cash,0
TXN000785,2023-05-14,CUST0474,Sneha Gupta,Central,Bhopal,Electronics,Wireless Earbuds,5,3754.14,2159.47,0.05,18770.7,938.54,17832.16,7034.81,Cash,1
TXN000786,2024-09-25,CUST0282,Nikhil Dubey,West,Pune,Sports,Cycle Helmet,1,1263.99,782.14,0.05,1263.99,63.2,1200.79,418.65,Debit Card,0
TXN000787,2024-07-27,CUST0405,Rahul Sharma,East,Guwahati,Cosmetics,Sunscreen SPF50,3,460.09,270.38,0.1,1380.27,138.03,1242.24,431.1,Credit Card,0
TXN000788,2024-12-14,CUST0418,Kiran Bose,East,Kolkata,Sports,Cricket Bat,4,3206.41,1820.93,0.15,12825.64,1923.85,10901.79,3618.07,UPI,0
TXN000789,2024-06-09,CUST0082,Ravi Chandra,South,Kochi,Sports,Running Shoes,1,5204.37,3143.73,0.0,5204.37,0.0,5204.37,2060.64,Credit Card,0
TXN000790,2023-01-10,CUST0113,Pooja Nair,Central,Varanasi,Sports,Cycle Helmet,1,1374.45,788.42,0.2,1374.45,274.89,1099.56,311.14,Debit Card,0
TXN000791,2023-06-25,CUST0405,Priya Patel,Central,Indore,Groceries,Basmati Rice 5kg,1,446.25,303.17,0.2,446.25,89.25,357.0,53.83,Credit Card,1
TXN000792,2023-08-04,CUST0453,Asha Pandey,North,Lucknow,Cosmetics,Hair Serum 100ml,1,765.99,395.79,0.15,765.99,114.9,651.09,255.3,Debit Card,0
TXN000793,2024-02-23,CUST0132,Rahul Sharma,East,Patna,Electronics,Router,2,2752.1,1953.04,0.0,5504.2,0.0,5504.2,1598.12,Net Banking,0
TXN000794,2024-08-20,CUST0113,Arjun Reddy,West,Ahmedabad,Cosmetics,Sunscreen SPF50,1,468.29,265.24,0.05,468.29,23.41,444.88,179.64,Debit Card,0
TXN000795,2024-10-06,CUST0093,Suresh Pillai,West,Pune,Furniture,Wooden Desk,3,11667.0,8489.29,0.05,35001.0,1750.05,33250.95,7783.08,Credit Card,0
TXN000796,2023-06-30,CUST0419,Kiran Bose,West,Pune,Cosmetics,Lipstick,1,570.94,303.73,0.0,570.94,0.0,570.94,267.21,Net Banking,0
TXN000797,2023-05-27,CUST0052,Kiran Bose,South,Kochi,Cosmetics,Foundation,3,952.05,529.61,0.1,2856.15,285.62,2570.53,981.7,UPI,0
TXN000798,2023-01-14,CUST0007,Geeta Bhatt,North,Chandigarh,Clothing,Men's T-Shirt,2,791.13,359.21,0.1,1582.26,158.23,1424.03,705.61,Cash,1
TXN000799,2023-04-19,CUST0246,Vijay Singh,East,Kolkata,Clothing,Women's Kurti,1,1320.63,587.87,0.0,1320.63,0.0,1320.63,732.76,Credit Card,0
TXN000800,2024-12-09,CUST0454,Mohit Saxena,Central,Bhopal,Electronics,Laptop,3,43444.0,37536.56,0.1,130332.0,13033.2,117298.8,4689.12,UPI,0
TXN000801,2023-08-18,CUST0422,Rajesh Malhotra,West,Surat,Clothing,Denim Jeans,1,2703.54,1191.7,0.15,2703.54,405.53,2298.01,1106.31,Cash,0
TXN000802,2023-04-23,CUST0459,Priya Patel,East,Patna,Electronics,Wireless Earbuds,1,3500.21,2181.59,0.0,3500.21,0.0,3500.21,1318.62,Net Banking,0
TXN000803,2024-03-14,CUST0449,Sneha Gupta,Central,Indore,Cosmetics,Foundation,3,894.72,529.91,0.0,2684.16,0.0,2684.16,1094.43,Debit Card,0
TXN000804,2024-11-08,CUST0200,Suresh Pillai,East,Kolkata,Electronics,Smartphone,4,23466.69,16639.52,0.0,93866.76,0.0,93866.76,27308.68,UPI,0
TXN000805,2023-04-26,CUST0247,Nikhil Dubey,East,Bhubaneswar,Electronics,Tablet,3,18139.55,12859.07,0.05,54418.65,2720.93,51697.72,13120.51,UPI,0
TXN000806,2024-10-13,CUST0275,Mohit Saxena,South,Kochi,Furniture,Dining Table,2,22540.44,15030.39,0.1,45080.88,4508.09,40572.79,10512.01,Credit Card,0
TXN000807,2024-08-17,CUST0009,Divya Iyer,Central,Gwalior,Cosmetics,Sunscreen SPF50,2,451.92,265.19,0.2,903.84,180.77,723.07,192.69,Net Banking,0
TXN000808,2023-05-17,CUST0283,Nisha Trivedi,North,Lucknow,Groceries,Cooking Oil 1L,3,178.96,127.22,0.2,536.88,107.38,429.5,47.84,UPI,0
TXN000809,2023-08-18,CUST0360,Sneha Gupta,South,Bangalore,Cosmetics,Sunscreen SPF50,2,474.49,268.78,0.0,948.98,0.0,948.98,411.42,Net Banking,0
TXN000810,2024-08-31,CUST0426,Mohit Saxena,North,Chandigarh,Groceries,Cooking Oil 1L,3,173.13,126.7,0.1,519.39,51.94,467.45,87.35,UPI,0
TXN000811,2023-07-06,CUST0147,Sneha Gupta,South,Mysore,Cosmetics,Lipstick,1,608.94,312.69,0.0,608.94,0.0,608.94,296.25,Credit Card,0
TXN000812,2024-10-19,CUST0284,Nikhil Dubey,South,Mysore,Clothing,Men's T-Shirt,3,806.56,348.4,0.05,2419.68,120.98,2298.7,1253.5,Debit Card,0
TXN000813,2024-05-28,CUST0206,Sunita Mishra,South,Kochi,Clothing,Denim Jeans,3,2740.63,1173.01,0.0,8221.89,0.0,8221.89,4702.86,Cash,0
TXN000814,2023-07-08,CUST0208,Mohit Saxena,Central,Gwalior,Electronics,Router,2,2856.74,1878.7,0.15,5713.48,857.02,4856.46,1099.06,UPI,0
TXN000815,2024-01-16,CUST0084,Asha Pandey,South,Hyderabad,Electronics,Laptop,2,48464.61,36923.95,0.0,96929.22,0.0,96929.22,23081.32,Cash,0
TXN000816,2024-09-03,CUST0044,Ravi Chandra,East,Bhubaneswar,Sports,Yoga Mat,2,940.14,534.57,0.0,1880.28,0.0,1880.28,811.14,Net Banking,0
TXN000817,2024-05-10,CUST0385,Kiran Bose,East,Kolkata,Groceries,Basmati Rice 5kg,4,492.21,310.0,0.0,1968.84,0.0,1968.84,728.84,Debit Card,1
TXN000818,2024-12-20,CUST0013,Ravi Chandra,East,Guwahati,Cosmetics,Hair Serum 100ml,2,674.64,407.38,0.0,1349.28,0.0,1349.28,534.52,UPI,0
TXN000819,2023-02-08,CUST0073,Arun Patil,South,Kochi,Electronics,Router,2,3031.45,1935.05,0.15,6062.9,909.43,5153.47,1283.37,Credit Card,1
TXN000820,2024-05-28,CUST0320,Swati Kapoor,Central,Gwalior,Groceries,Sugar 1kg,3,58.73,41.59,0.0,176.19,0.0,176.19,51.42,UPI,0
TXN000821,2024-12-30,CUST0413,Rahul Sharma,West,Pune,Clothing,Formal Shirt,1,1862.03,926.7,0.0,1862.03,0.0,1862.03,935.33,Credit Card,0
TXN000822,2023-11-13,CUST0035,Sanjay Yadav,North,Jaipur,Electronics,Smart TV,1,34897.02,27703.17,0.0,34897.02,0.0,34897.02,7193.85,Net Banking,0
TXN000823,2023-04-02,CUST0250,Priya Patel,West,Ahmedabad,Furniture,Bookshelf,2,7076.06,4618.75,0.1,14152.12,1415.21,12736.91,3499.41,Debit Card,0
TXN000824,2024-02-15,CUST0192,Amit Kumar,Central,Indore,Furniture,Bookshelf,1,6674.67,4533.65,0.0,6674.67,0.0,6674.67,2141.02,UPI,0
TXN000825,2023-09-27,CUST0054,Pooja Nair,North,Amritsar,Cosmetics,Face Wash 100ml,2,320.88,155.28,0.2,641.76,128.35,513.41,202.85,UPI,0
TXN000826,2024-02-13,CUST0274,Rajesh Malhotra,South,Kochi,Furniture,Wardrobe,1,17352.46,11975.43,0.15,17352.46,2602.87,14749.59,2774.16,UPI,0
TXN000827,2023-07-04,CUST0380,Lakshmi Rao,West,Surat,Clothing,Winter Jacket,1,4396.76,2198.19,0.15,4396.76,659.51,3737.25,1539.06,Cash,0
TXN000828,2023-02-09,CUST0397,Kiran Bose,West,Pune,Cosmetics,Moisturiser 50g,2,498.02,272.13,0.1,996.04,99.6,896.44,352.18,Cash,1
TXN000829,2024-01-06,CUST0091,Amit Kumar,West,Pune,Electronics,Smartphone,3,23156.12,16765.25,0.15,69468.36,10420.25,59048.11,8752.36,Credit Card,0
TXN000830,2024-02-19,CUST0028,Amit Kumar,West,Surat,Sports,Yoga Mat,1,944.35,542.06,0.2,944.35,188.87,755.48,213.42,UPI,0
TXN000831,2023-11-01,CUST0293,Kiran Bose,East,Guwahati,Furniture,Sofa Set,1,38319.35,23908.97,0.15,38319.35,5747.9,32571.45,8662.48,Cash,0
TXN000832,2024-09-03,CUST0381,Mohit Saxena,Central,Gwalior,Clothing,Denim Jeans,1,2622.97,1223.29,0.15,2622.97,393.45,2229.52,1006.23,Debit Card,0
TXN000833,2024-04-14,CUST0439,Vijay Singh,West,Ahmedabad,Electronics,Router,1,2661.54,1894.36,0.2,2661.54,532.31,2129.23,234.87,UPI,0
TXN000834,2024-08-15,CUST0111,Divya Iyer,South,Chennai,Furniture,Wardrobe,2,18574.43,11759.59,0.05,37148.86,1857.44,35291.42,11772.24,Credit Card,1
TXN000835,2024-11-26,CUST0333,Suresh Pillai,North,Lucknow,Groceries,Basmati Rice 5kg,2,482.79,303.02,0.05,965.58,48.28,917.3,311.26,UPI,0
TXN000836,2023-12-27,CUST0091,Asha Pandey,West,Nagpur,Groceries,Basmati Rice 5kg,4,490.03,309.23,0.0,1960.12,0.0,1960.12,723.2,Net Banking,0
TXN000837,2024-03-22,CUST0054,Amit Kumar,West,Ahmedabad,Cosmetics,Hair Serum 100ml,4,674.45,390.1,0.2,2697.8,539.56,2158.24,597.84,Cash,0
TXN000838,2024-02-26,CUST0342,Pooja Nair,Central,Gwalior,Electronics,Router,1,2846.52,1909.26,0.0,2846.52,0.0,2846.52,937.26,UPI,0
TXN000839,2024-04-10,CUST0361,Geeta Bhatt,North,Chandigarh,Furniture,Office Chair,1,8666.53,5941.98,0.15,8666.53,1299.98,7366.55,1424.57,UPI,0
TXN000840,2024-01-19,CUST0466,Meera Das,Central,Raipur,Groceries,Tea Powder 500g,2,207.83,158.15,0.2,415.66,83.13,332.53,16.23,Credit Card,0
TXN000841,2024-02-29,CUST0124,Asha Pandey,North,Chandigarh,Groceries,Pulses 1kg,1,140.04,102.75,0.05,140.04,7.0,133.04,30.29,UPI,0
TXN000842,2024-10-21,CUST0089,Kiran Bose,North,Amritsar,Furniture,Wooden Desk,1,13090.91,8444.11,0.15,13090.91,1963.64,11127.27,2683.16,Debit Card,0
TXN000843,2024-03-23,CUST0284,Anita Verma,South,Mysore,Electronics,Router,1,2980.11,1947.5,0.2,2980.11,596.02,2384.09,436.59,Debit Card,0
TXN000844,2023-04-06,CUST0293,Kiran Bose,North,Amritsar,Clothing,Men's T-Shirt,1,833.13,350.92,0.0,833.13,0.0,833.13,482.21,Cash,0
TXN000845,2023-05-14,CUST0414,Geeta Bhatt,East,Bhubaneswar,Clothing,Saree,3,5150.53,2461.79,0.2,15451.59,3090.32,12361.27,4975.9,UPI,0
TXN000846,2024-11-06,CUST0057,Suresh Pillai,North,Chandigarh,Cosmetics,Face Wash 100ml,1,312.68,160.76,0.0,312.68,0.0,312.68,151.92,Net Banking,0
TXN000847,2023-05-26,CUST0012,Meera Das,South,Bangalore,Electronics,Smart TV,3,34341.86,26353.09,0.2,103025.58,20605.12,82420.46,3361.19,Cash,0
TXN000848,2024-10-02,CUST0153,Rahul Sharma,West,Surat,Groceries,Tea Powder 500g,1,228.11,157.87,0.0,228.11,0.0,228.11,70.24,Credit Card,0
TXN000849,2024-10-08,CUST0131,Nisha Trivedi,North,Delhi,Groceries,Whole Wheat Flour 5kg,1,257.99,186.11,0.15,257.99,38.7,219.29,33.18,Cash,0
TXN000850,2023-01-31,CUST0016,Arjun Reddy,Central,Gwalior,Clothing,Women's Kurti,1,1402.96,586.13,0.0,1402.96,0.0,1402.96,816.83,Credit Card,0
TXN000851,2024-12-09,CUST0415,Lakshmi Rao,East,Patna,Furniture,Wooden Desk,4,12392.69,8395.1,0.15,49570.76,7435.61,42135.15,8554.75,UPI,0
TXN000852,2024-02-14,CUST0053,Ravi Chandra,East,Bhubaneswar,Clothing,Saree,1,5383.45,2532.61,0.05,5383.45,269.17,5114.28,2581.67,Net Banking,0
TXN000853,2023-07-30,CUST0220,Rohan Mehta,West,Surat,Furniture,Sofa Set,1,34923.43,23434.89,0.05,34923.43,1746.17,33177.26,9742.37,Net Banking,0
TXN000854,2024-10-09,CUST0424,Rajesh Malhotra,West,Pune,Electronics,Wireless Earbuds,2,3457.86,2188.09,0.1,6915.72,691.57,6224.15,1847.97,Net Banking,0
TXN000855,2023-01-31,CUST0063,Rahul Sharma,East,Guwahati,Clothing,Denim Jeans,1,2513.37,1174.44,0.0,2513.37,0.0,2513.37,1338.93,Debit Card,0
TXN000856,2023-12-03,CUST0270,Rohan Mehta,Central,Raipur,Clothing,Formal Shirt,3,1726.92,888.32,0.0,5180.76,0.0,5180.76,2515.8,Cash,0
TXN000857,2024-09-14,CUST0411,Lakshmi Rao,North,Amritsar,Cosmetics,Foundation,1,963.74,510.58,0.0,963.74,0.0,963.74,453.16,UPI,0
TXN000858,2023-10-09,CUST0011,Pooja Nair,North,Jaipur,Clothing,Formal Shirt,1,1797.26,893.67,0.1,1797.26,179.73,1617.53,723.86,Cash,0
TXN000859,2024-08-12,CUST0036,Lakshmi Rao,West,Ahmedabad,Clothing,Winter Jacket,3,4115.48,2178.54,0.0,12346.44,0.0,12346.44,5810.82,Cash,0
TXN000860,2024-03-01,CUST0314,Priya Patel,East,Patna,Groceries,Sugar 1kg,2,52.91,42.69,0.05,105.82,5.29,100.53,15.15,UPI,0
TXN000861,2024-04-10,CUST0442,Nikhil Dubey,North,Lucknow,Sports,Cricket Bat,2,2853.73,1757.35,0.0,5707.46,0.0,5707.46,2192.76,UPI,0
TXN000862,2023-04-01,CUST0023,Sneha Gupta,East,Ranchi,Electronics,Router,2,3024.57,1872.6,0.2,6049.14,1209.83,4839.31,1094.11,Cash,1
TXN000863,2023-03-18,CUST0076,Arun Patil,Central,Varanasi,Groceries,Tea Powder 500g,2,214.01,151.52,0.2,428.02,85.6,342.42,39.38,Net Banking,0
TXN000864,2024-02-28,CUST0165,Arun Patil,North,Amritsar,Sports,Yoga Mat,2,931.98,555.32,0.0,1863.96,0.0,1863.96,753.32,UPI,0
TXN000865,2023-09-28,CUST0031,Rohan Mehta,North,Lucknow,Sports,Yoga Mat,1,881.81,536.07,0.05,881.81,44.09,837.72,301.65,Cash,0
TXN000866,2024-04-24,CUST0264,Swati Kapoor,South,Kochi,Electronics,Tablet,1,17663.39,13070.61,0.1,17663.39,1766.34,15897.05,2826.44,Debit Card,0
TXN000867,2023-11-16,CUST0104,Arun Patil,South,Mysore,Electronics,Smartphone,3,24117.71,17375.22,0.1,72353.13,7235.31,65117.82,12992.16,UPI,0
TXN000868,2023-10-12,CUST0057,Kavita Joshi,East,Ranchi,Cosmetics,Face Wash 100ml,4,290.66,163.61,0.15,1162.64,174.4,988.24,333.8,Cash,0
TXN000869,2023-07-11,CUST0204,Deepak Tiwari,West,Nagpur,Furniture,Bookshelf,1,6256.97,4481.5,0.0,6256.97,0.0,6256.97,1775.47,UPI,0
TXN000870,2023-02-24,CUST0151,Rohan Mehta,East,Kolkata,Electronics,Router,3,2820.66,1948.79,0.0,8461.98,0.0,8461.98,2615.61,UPI,0
TXN000871,2023-10-10,CUST0459,Priya Patel,West,Nagpur,Furniture,Office Chair,2,9297.69,5702.41,0.0,18595.38,0.0,18595.38,7190.56,Net Banking,0
TXN000872,2023-03-09,CUST0113,Pallavi Shah,East,Bhubaneswar,Sports,Cycle Helmet,1,1373.53,794.81,0.0,1373.53,0.0,1373.53,578.72,Debit Card,0
TXN000873,2023-06-25,CUST0245,Pallavi Shah,East,Patna,Cosmetics,Hair Serum 100ml,2,683.46,409.79,0.1,1366.92,136.69,1230.23,410.65,Debit Card,0
TXN000874,2024-12-05,CUST0342,Lakshmi Rao,East,Kolkata,Clothing,Women's Kurti,2,1298.77,598.39,0.0,2597.54,0.0,2597.54,1400.76,UPI,0
TXN000875,2023-07-01,CUST0242,Sneha Gupta,North,Chandigarh,Cosmetics,Face Wash 100ml,1,310.2,159.89,0.0,310.2,0.0,310.2,150.31,Cash,0
TXN000876,2024-08-03,CUST0052,Pooja Nair,East,Bhubaneswar,Sports,Badminton Racket,1,1461.67,880.92,0.0,1461.67,0.0,1461.67,580.75,Debit Card,0
TXN000877,2023-12-26,CUST0397,Rekha Srivastava,East,Guwahati,Groceries,Whole Wheat Flour 5kg,1,248.79,188.1,0.1,248.79,24.88,223.91,35.81,Net Banking,0
TXN000878,2023-10-04,CUST0016,Kavita Joshi,North,Chandigarh,Furniture,Wooden Desk,3,12586.86,8317.23,0.05,37760.58,1888.03,35872.55,10920.86,Net Banking,0
TXN000879,2024-03-17,CUST0491,Rajesh Malhotra,North,Chandigarh,Furniture,Wardrobe,2,18792.61,12032.34,0.05,37585.22,1879.26,35705.96,11641.28,Net Banking,0
TXN000880,2024-11-26,CUST0022,Ravi Chandra,East,Guwahati,Sports,Running Shoes,3,5457.86,3157.04,0.0,16373.58,0.0,16373.58,6902.46,Net Banking,0
TXN000881,2024-09-19,CUST0077,Deepak Tiwari,West,Nagpur,Groceries,Whole Wheat Flour 5kg,1,272.27,185.98,0.15,272.27,40.84,231.43,45.45,Debit Card,0
TXN000882,2024-11-11,CUST0423,Ravi Chandra,West,Ahmedabad,Electronics,Tablet,2,17142.1,12641.94,0.0,34284.2,0.0,34284.2,9000.32,Cash,0
TXN000883,2023-11-10,CUST0288,Vijay Singh,East,Kolkata,Electronics,Tablet,4,19220.21,13001.55,0.2,76880.84,15376.17,61504.67,9498.47,Cash,0
TXN000884,2023-05-27,CUST0128,Geeta Bhatt,South,Kochi,Sports,Cricket Bat,4,2979.87,1749.47,0.0,11919.48,0.0,11919.48,4921.6,UPI,0
TXN000885,2023-04-11,CUST0394,Rohan Mehta,East,Ranchi,Groceries,Cooking Oil 1L,1,179.71,130.61,0.15,179.71,26.96,152.75,22.14,Debit Card,0
TXN000886,2024-07-21,CUST0193,Geeta Bhatt,East,Kolkata,Groceries,Pulses 1kg,1,152.47,99.77,0.0,152.47,0.0,152.47,52.7,UPI,0
TXN000887,2024-06-23,CUST0015,Nisha Trivedi,East,Ranchi,Cosmetics,Sunscreen SPF50,1,458.99,277.48,0.05,458.99,22.95,436.04,158.56,Net Banking,0
TXN000888,2024-03-07,CUST0279,Rajesh Malhotra,South,Mysore,Groceries,Cooking Oil 1L,2,186.67,129.01,0.1,373.34,37.33,336.01,77.99,Net Banking,0
TXN000889,2023-02-24,CUST0044,Priya Patel,West,Pune,Furniture,Wardrobe,3,19462.26,11971.36,0.0,58386.78,0.0,58386.78,22472.7,Debit Card,0
TXN000890,2024-10-27,CUST0063,Pallavi Shah,Central,Bhopal,Groceries,Pulses 1kg,2,143.11,98.99,0.0,286.22,0.0,286.22,88.24,Net Banking,0
TXN000891,2023-02-24,CUST0155,Harish Agarwal,Central,Indore,Sports,Cycle Helmet,2,1408.45,806.7,0.0,2816.9,0.0,2816.9,1203.5,Debit Card,0
TXN000892,2023-01-07,CUST0267,Sneha Gupta,Central,Indore,Electronics,Laptop,1,42750.24,38236.64,0.0,42750.24,0.0,42750.24,4513.6,Credit Card,0
TXN000893,2024-04-30,CUST0431,Swati Kapoor,Central,Varanasi,Furniture,Office Chair,3,8691.74,5690.05,0.0,26075.22,0.0,26075.22,9005.07,Net Banking,0
TXN000894,2024-09-19,CUST0382,Rekha Srivastava,Central,Bhopal,Furniture,Wooden Desk,1,12545.15,8339.25,0.2,12545.15,2509.03,10036.12,1696.87,Credit Card,0
TXN000895,2024-12-17,CUST0198,Nikhil Dubey,West,Surat,Groceries,Whole Wheat Flour 5kg,1,255.99,191.91,0.05,255.99,12.8,243.19,51.28,Cash,0
TXN000896,2024-03-11,CUST0331,Harish Agarwal,East,Guwahati,Electronics,Wireless Earbuds,1,3529.45,2210.63,0.0,3529.45,0.0,3529.45,1318.82,Net Banking,0
TXN000897,2023-12-30,CUST0463,Nikhil Dubey,West,Surat,Groceries,Basmati Rice 5kg,4,485.27,310.06,0.0,1941.08,0.0,1941.08,700.84,Net Banking,0
TXN000898,2023-03-06,CUST0403,Vijay Singh,South,Hyderabad,Cosmetics,Sunscreen SPF50,1,465.51,269.34,0.2,465.51,93.1,372.41,103.07,Debit Card,0
TXN000899,2024-11-05,CUST0398,Rekha Srivastava,West,Mumbai,Cosmetics,Foundation,1,942.91,522.37,0.1,942.91,94.29,848.62,326.25,Net Banking,0
TXN000900,2024-12-15,CUST0437,Pallavi Shah,Central,Raipur,Sports,Badminton Racket,3,1610.65,876.65,0.0,4831.95,0.0,4831.95,2202.0,Credit Card,0
TXN000901,2024-11-12,CUST0387,Meera Das,West,Ahmedabad,Clothing,Saree,2,5409.48,2534.22,0.05,10818.96,540.95,10278.01,5209.57,Cash,0
TXN000902,2023-09-14,CUST0165,Sneha Gupta,North,Jaipur,Groceries,Pulses 1kg,1,146.26,97.18,0.0,146.26,0.0,146.26,49.08,UPI,0
TXN000903,2024-10-14,CUST0271,Geeta Bhatt,South,Chennai,Groceries,Sugar 1kg,1,53.91,41.15,0.2,53.91,10.78,43.13,1.98,Credit Card,0
TXN000904,2023-01-25,CUST0291,Asha Pandey,North,Chandigarh,Electronics,Smartphone,1,23847.86,16856.75,0.05,23847.86,1192.39,22655.47,5798.72,Cash,0
TXN000905,2024-11-29,CUST0437,Vijay Singh,Central,Varanasi,Clothing,Women's Kurti,1,1302.66,604.27,0.1,1302.66,130.27,1172.39,568.12,Cash,0
TXN000906,2024-10-02,CUST0256,Kavita Joshi,North,Amritsar,Electronics,Smartphone,2,23481.88,16794.19,0.0,46963.76,0.0,46963.76,13375.38,Cash,0
TXN000907,2023-12-05,CUST0295,Kavita Joshi,East,Patna,Furniture,Wardrobe,1,17526.23,11847.41,0.1,17526.23,1752.62,15773.61,3926.2,Net Banking,1
TXN000908,2024-05-27,CUST0335,Rahul Sharma,Central,Bhopal,Sports,Cycle Helmet,4,1407.82,803.97,0.0,5631.28,0.0,5631.28,2415.4,Cash,0
TXN000909,2023-09-25,CUST0121,Lakshmi Rao,North,Chandigarh,Clothing,Formal Shirt,2,1913.42,922.27,0.0,3826.84,0.0,3826.84,1982.3,Cash,0
TXN000910,2024-07-31,CUST0455,Asha Pandey,North,Lucknow,Electronics,Smart TV,1,36390.28,27182.14,0.0,36390.28,0.0,36390.28,9208.14,UPI,1
TXN000911,2023-10-05,CUST0011,Nisha Trivedi,North,Delhi,Furniture,Dining Table,3,22476.06,15253.39,0.0,67428.18,0.0,67428.18,21668.01,Cash,0
TXN000912,2023-07-20,CUST0065,Meera Das,West,Mumbai,Sports,Running Shoes,3,4788.15,3251.01,0.15,14364.45,2154.67,12209.78,2456.75,UPI,0
TXN000913,2023-04-29,CUST0117,Meera Das,Central,Raipur,Groceries,Cooking Oil 1L,1,177.43,126.82,0.0,177.43,0.0,177.43,50.61,Net Banking,0
TXN000914,2023-01-16,CUST0161,Divya Iyer,South,Bangalore,Electronics,Laptop,3,43605.33,37271.75,0.0,130815.99,0.0,130815.99,19000.74,Net Banking,0
TXN000915,2023-09-08,CUST0254,Nikhil Dubey,South,Mysore,Furniture,Sofa Set,1,33650.98,24631.25,0.0,33650.98,0.0,33650.98,9019.73,Debit Card,0
TXN000916,2023-08-14,CUST0164,Nikhil Dubey,East,Patna,Sports,Dumbbells Set,1,3780.13,2166.24,0.0,3780.13,0.0,3780.13,1613.89,Net Banking,0
TXN000917,2023-02-25,CUST0380,Asha Pandey,West,Nagpur,Furniture,Bookshelf,3,6995.39,4505.67,0.0,20986.17,0.0,20986.17,7469.16,Credit Card,0
TXN000918,2023-05-26,CUST0018,Sanjay Yadav,South,Kochi,Cosmetics,Foundation,3,982.57,505.06,0.2,2947.71,589.54,2358.17,842.99,Debit Card,0
TXN000919,2023-11-04,CUST0106,Kiran Bose,North,Delhi,Groceries,Pulses 1kg,3,141.03,99.66,0.0,423.09,0.0,423.09,124.11,Credit Card,0
TXN000920,2024-06-29,CUST0458,Arjun Reddy,East,Kolkata,Sports,Dumbbells Set,1,3815.95,2254.13,0.2,3815.95,763.19,3052.76,798.63,Debit Card,0
TXN000921,2024-08-28,CUST0414,Sneha Gupta,North,Lucknow,Cosmetics,Hair Serum 100ml,1,740.51,405.65,0.0,740.51,0.0,740.51,334.86,Net Banking,0
TXN000922,2024-11-25,CUST0084,Kiran Bose,Central,Varanasi,Furniture,Dining Table,3,23273.43,15242.11,0.0,69820.29,0.0,69820.29,24093.96,UPI,0
TXN000923,2023-09-01,CUST0020,Sunita Mishra,North,Lucknow,Cosmetics,Lipstick,2,617.82,306.98,0.05,1235.64,61.78,1173.86,559.9,Debit Card,0
TXN000924,2024-11-06,CUST0434,Anita Verma,Central,Bhopal,Electronics,Tablet,3,18634.79,12860.37,0.0,55904.37,0.0,55904.37,17323.26,UPI,0
TXN000925,2024-03-26,CUST0460,Sunita Mishra,North,Lucknow,Furniture,Wardrobe,2,17258.18,12315.96,0.0,34516.36,0.0,34516.36,9884.44,Net Banking,0
TXN000926,2023-03-07,CUST0447,Sunita Mishra,East,Patna,Groceries,Sugar 1kg,1,53.3,42.33,0.0,53.3,0.0,53.3,10.97,Cash,0
TXN000927,2024-11-01,CUST0500,Sanjay Yadav,Central,Varanasi,Sports,Dumbbells Set,4,3355.97,2228.32,0.0,13423.88,0.0,13423.88,4510.6,Cash,0
TXN000928,2023-12-28,CUST0262,Amit Kumar,North,Amritsar,Clothing,Denim Jeans,3,2414.97,1200.5,0.0,7244.91,0.0,7244.91,3643.41,Credit Card,0
TXN000929,2024-08-07,CUST0500,Meera Das,West,Mumbai,Cosmetics,Foundation,2,898.08,528.99,0.0,1796.16,0.0,1796.16,738.18,Debit Card,0
TXN000930,2023-10-29,CUST0055,Sunita Mishra,South,Hyderabad,Electronics,Tablet,2,19611.83,13321.26,0.0,39223.66,0.0,39223.66,12581.14,Credit Card,0
TXN000931,2024-06-07,CUST0196,Arun Patil,Central,Gwalior,Cosmetics,Lipstick,3,621.4,312.92,0.0,1864.2,0.0,1864.2,925.44,Cash,1
TXN000932,2023-08-18,CUST0409,Priya Patel,Central,Gwalior,Cosmetics,Foundation,1,926.73,508.18,0.1,926.73,92.67,834.06,325.88,Net Banking,0
TXN000933,2024-06-21,CUST0119,Suresh Pillai,East,Patna,Clothing,Formal Shirt,1,1774.64,914.45,0.0,1774.64,0.0,1774.64,860.19,Debit Card,0
TXN000934,2023-04-29,CUST0335,Lakshmi Rao,West,Surat,Groceries,Basmati Rice 5kg,3,451.26,310.1,0.0,1353.78,0.0,1353.78,423.48,Net Banking,0
TXN000935,2024-03-04,CUST0161,Sneha Gupta,South,Mysore,Clothing,Winter Jacket,1,4162.29,2239.05,0.0,4162.29,0.0,4162.29,1923.24,Cash,0
TXN000936,2024-06-01,CUST0086,Sneha Gupta,Central,Varanasi,Cosmetics,Moisturiser 50g,1,541.41,286.32,0.0,541.41,0.0,541.41,255.09,UPI,0
TXN000937,2024-07-21,CUST0444,Deepak Tiwari,West,Mumbai,Clothing,Men's T-Shirt,2,779.06,341.03,0.1,1558.12,155.81,1402.31,720.25,UPI,0
TXN000938,2023-12-29,CUST0303,Sunita Mishra,Central,Indore,Cosmetics,Lipstick,2,579.74,317.39,0.0,1159.48,0.0,1159.48,524.7,Net Banking,0
TXN000939,2023-02-16,CUST0376,Anita Verma,East,Guwahati,Furniture,Wardrobe,1,17881.09,11983.52,0.0,17881.09,0.0,17881.09,5897.57,Net Banking,0
TXN000940,2024-06-05,CUST0225,Anita Verma,North,Amritsar,Sports,Dumbbells Set,2,3677.75,2193.87,0.0,7355.5,0.0,7355.5,2967.76,Net Banking,0
TXN000941,2023-10-14,CUST0476,Meera Das,North,Chandigarh,Groceries,Sugar 1kg,2,59.65,42.2,0.2,119.3,23.86,95.44,11.04,Debit Card,0
TXN000942,2023-11-23,CUST0451,Sunita Mishra,South,Bangalore,Cosmetics,Sunscreen SPF50,4,441.72,270.31,0.1,1766.88,176.69,1590.19,508.95,Debit Card,0
TXN000943,2023-10-19,CUST0386,Sneha Gupta,East,Patna,Furniture,Sofa Set,2,38180.83,23653.58,0.1,76361.66,7636.17,68725.49,21418.33,Credit Card,0
TXN000944,2023-05-25,CUST0276,Geeta Bhatt,Central,Gwalior,Clothing,Men's T-Shirt,2,830.77,340.33,0.1,1661.54,166.15,1495.39,814.73,Credit Card,0
TXN000945,2023-01-27,CUST0362,Nisha Trivedi,East,Ranchi,Furniture,Wardrobe,1,18325.39,12300.96,0.15,18325.39,2748.81,15576.58,3275.62,Cash,0
TXN000946,2024-03-18,CUST0041,Pallavi Shah,North,Chandigarh,Groceries,Tea Powder 500g,2,220.56,159.36,0.2,441.12,88.22,352.9,34.18,Credit Card,0
TXN000947,2023-12-01,CUST0222,Sneha Gupta,East,Patna,Furniture,Wardrobe,2,17300.04,12135.32,0.0,34600.08,0.0,34600.08,10329.44,Net Banking,0
TXN000948,2024-07-25,CUST0345,Rohan Mehta,North,Delhi,Clothing,Women's Kurti,1,1348.3,613.4,0.0,1348.3,0.0,1348.3,734.9,Debit Card,0
TXN000949,2024-05-11,CUST0002,Meera Das,West,Ahmedabad,Clothing,Women's Kurti,2,1334.65,608.04,0.0,2669.3,0.0,2669.3,1453.22,Cash,0
TXN000950,2024-09-17,CUST0121,Harish Agarwal,South,Bangalore,Furniture,Wardrobe,1,17810.3,11913.81,0.1,17810.3,1781.03,16029.27,4115.46,Debit Card,0
TXN000951,2024-11-03,CUST0152,Sneha Gupta,East,Bhubaneswar,Groceries,Tea Powder 500g,1,211.85,153.67,0.05,211.85,10.59,201.26,47.59,Credit Card,0
TXN000952,2023-10-22,CUST0339,Sneha Gupta,West,Ahmedabad,Clothing,Saree,3,5067.64,2451.43,0.0,15202.92,0.0,15202.92,7848.63,Debit Card,0
TXN000953,2024-12-22,CUST0401,Meera Das,West,Surat,Sports,Running Shoes,2,4949.95,3145.3,0.2,9899.9,1979.98,7919.92,1629.32,Cash,0
TXN000954,2023-11-27,CUST0138,Lakshmi Rao,East,Guwahati,Furniture,Sofa Set,2,35482.3,23655.41,0.0,70964.6,0.0,70964.6,23653.78,Credit Card,0
TXN000955,2023-02-16,CUST0169,Vijay Singh,West,Pune,Sports,Yoga Mat,1,868.93,565.45,0.1,868.93,86.89,782.04,216.59,Net Banking,0
TXN000956,2023-01-22,CUST0186,Asha Pandey,North,Lucknow,Groceries,Pulses 1kg,1,134.33,97.3,0.0,134.33,0.0,134.33,37.03,Credit Card,1
TXN000957,2024-07-02,CUST0433,Rahul Sharma,South,Hyderabad,Clothing,Denim Jeans,1,2648.94,1231.68,0.0,2648.94,0.0,2648.94,1417.26,Net Banking,0
TXN000958,2024-02-12,CUST0127,Priya Patel,North,Chandigarh,Groceries,Whole Wheat Flour 5kg,2,238.41,191.5,0.15,476.82,71.52,405.3,22.3,Debit Card,0
TXN000959,2024-01-22,CUST0381,Mohit Saxena,South,Hyderabad,Electronics,Laptop,2,47896.11,37807.07,0.0,95792.22,0.0,95792.22,20178.08,Net Banking,0
TXN000960,2023-06-05,CUST0263,Pallavi Shah,Central,Varanasi,Clothing,Formal Shirt,2,1940.93,915.38,0.05,3881.86,194.09,3687.77,1857.01,Cash,0
TXN000961,2024-04-14,CUST0146,Nisha Trivedi,East,Ranchi,Furniture,Sofa Set,2,38326.15,24087.83,0.05,76652.3,3832.62,72819.68,24644.02,Net Banking,0
TXN000962,2024-01-27,CUST0500,Rahul Sharma,West,Surat,Groceries,Pulses 1kg,1,148.01,99.71,0.1,148.01,14.8,133.21,33.5,UPI,0
TXN000963,2024-04-02,CUST0107,Swati Kapoor,Central,Bhopal,Cosmetics,Lipstick,1,656.73,302.47,0.0,656.73,0.0,656.73,354.26,UPI,0
TXN000964,2023-03-27,CUST0393,Lakshmi Rao,Central,Varanasi,Sports,Cycle Helmet,3,1397.66,812.51,0.0,4192.98,0.0,4192.98,1755.45,Debit Card,0
TXN000965,2023-12-12,CUST0407,Lakshmi Rao,North,Lucknow,Cosmetics,Hair Serum 100ml,1,692.16,393.02,0.1,692.16,69.22,622.94,229.92,Net Banking,0
TXN000966,2024-10-29,CUST0472,Sneha Gupta,West,Surat,Sports,Badminton Racket,1,1617.12,926.61,0.0,1617.12,0.0,1617.12,690.51,UPI,0
TXN000967,2024-01-20,CUST0254,Anita Verma,North,Chandigarh,Sports,Cycle Helmet,1,1403.52,781.46,0.05,1403.52,70.18,1333.34,551.88,Net Banking,0
TXN000968,2024-07-14,CUST0139,Deepak Tiwari,North,Lucknow,Electronics,Smart TV,2,38477.66,27356.31,0.15,76955.32,11543.3,65412.02,10699.4,Debit Card,0
TXN000969,2024-01-16,CUST0129,Lakshmi Rao,South,Chennai,Groceries,Pulses 1kg,1,152.99,99.23,0.1,152.99,15.3,137.69,38.46,UPI,0
TXN000970,2023-12-05,CUST0092,Vijay Singh,South,Chennai,Sports,Cycle Helmet,1,1395.66,776.47,0.05,1395.66,69.78,1325.88,549.41,UPI,0
TXN000971,2023-01-06,CUST0035,Divya Iyer,South,Chennai,Cosmetics,Face Wash 100ml,1,286.79,159.7,0.0,286.79,0.0,286.79,127.09,Net Banking,0
TXN000972,2023-12-20,CUST0393,Kiran Bose,South,Hyderabad,Groceries,Sugar 1kg,2,57.07,41.51,0.1,114.14,11.41,102.73,19.71,Debit Card,0
TXN000973,2024-10-18,CUST0268,Ravi Chandra,North,Amritsar,Clothing,Men's T-Shirt,2,790.56,341.65,0.2,1581.12,316.22,1264.9,581.6,UPI,0
TXN000974,2024-08-29,CUST0047,Nisha Trivedi,Central,Varanasi,Clothing,Women's Kurti,1,1234.57,590.35,0.0,1234.57,0.0,1234.57,644.22,Net Banking,0
TXN000975,2023-06-18,CUST0257,Arun Patil,North,Lucknow,Electronics,Laptop,3,45621.49,37935.45,0.0,136864.47,0.0,136864.47,23058.12,Cash,0
TXN000976,2024-02-07,CUST0453,Sunita Mishra,West,Surat,Groceries,Whole Wheat Flour 5kg,2,268.95,187.91,0.0,537.9,0.0,537.9,162.08,Credit Card,1
TXN000977,2024-10-10,CUST0334,Divya Iyer,South,Kochi,Sports,Running Shoes,1,5262.97,3211.12,0.05,5262.97,263.15,4999.82,1788.7,Credit Card,0
TXN000978,2024-01-10,CUST0196,Divya Iyer,East,Guwahati,Clothing,Formal Shirt,1,1860.11,926.89,0.0,1860.11,0.0,1860.11,933.22,Credit Card,1
TXN000979,2023-01-11,CUST0472,Rahul Sharma,East,Ranchi,Clothing,Men's T-Shirt,1,868.24,358.73,0.1,868.24,86.82,781.42,422.69,Net Banking,0
TXN000980,2024-10-24,CUST0498,Ravi Chandra,West,Surat,Electronics,Router,2,2955.79,1874.26,0.0,5911.58,0.0,5911.58,2163.06,Cash,0
TXN000981,2024-04-27,CUST0015,Sunita Mishra,West,Surat,Clothing,Winter Jacket,2,4126.32,2147.71,0.0,8252.64,0.0,8252.64,3957.22,Credit Card,0
TXN000982,2023-07-01,CUST0161,Sneha Gupta,South,Bangalore,Furniture,Office Chair,1,8146.46,5847.84,0.0,8146.46,0.0,8146.46,2298.62,Net Banking,0
TXN000983,2023-07-18,CUST0265,Rahul Sharma,North,Lucknow,Cosmetics,Lipstick,2,657.67,314.13,0.0,1315.34,0.0,1315.34,687.08,UPI,0
TXN000984,2024-11-14,CUST0023,Sanjay Yadav,North,Chandigarh,Sports,Yoga Mat,2,952.35,536.27,0.05,1904.7,95.24,1809.46,736.92,Net Banking,0
TXN000985,2024-06-01,CUST0477,Suresh Pillai,North,Lucknow,Groceries,Pulses 1kg,1,144.93,101.18,0.1,144.93,14.49,130.44,29.26,Cash,0
TXN000986,2023-04-03,CUST0404,Rahul Sharma,North,Chandigarh,Groceries,Pulses 1kg,3,146.16,97.12,0.0,438.48,0.0,438.48,147.12,Credit Card,0
TXN000987,2024-04-16,CUST0028,Kiran Bose,South,Hyderabad,Cosmetics,Sunscreen SPF50,4,477.95,273.86,0.0,1911.8,0.0,1911.8,816.36,Debit Card,0
TXN000988,2023-05-24,CUST0133,Nikhil Dubey,West,Pune,Clothing,Denim Jeans,1,2705.26,1176.75,0.0,2705.26,0.0,2705.26,1528.51,UPI,0
TXN000989,2024-05-16,CUST0300,Kiran Bose,East,Patna,Cosmetics,Hair Serum 100ml,1,751.26,388.88,0.2,751.26,150.25,601.01,212.13,Credit Card,0
TXN000990,2023-08-04,CUST0496,Deepak Tiwari,West,Ahmedabad,Cosmetics,Sunscreen SPF50,2,481.25,265.26,0.15,962.5,144.38,818.12,287.6,Net Banking,0
TXN000991,2023-10-03,CUST0072,Suresh Pillai,South,Hyderabad,Clothing,Winter Jacket,2,4109.19,2217.31,0.05,8218.38,410.92,7807.46,3372.84,Net Banking,0
TXN000992,2024-07-31,CUST0082,Meera Das,Central,Bhopal,Groceries,Tea Powder 500g,4,202.8,153.69,0.0,811.2,0.0,811.2,196.44,UPI,0
TXN000993,2024-10-25,CUST0304,Ravi Chandra,South,Hyderabad,Groceries,Cooking Oil 1L,2,171.59,132.41,0.05,343.18,17.16,326.02,61.2,UPI,0
TXN000994,2024-04-29,CUST0498,Nisha Trivedi,East,Patna,Sports,Dumbbells Set,2,3577.32,2186.95,0.0,7154.64,0.0,7154.64,2780.74,Credit Card,0
TXN000995,2024-06-03,CUST0495,Nikhil Dubey,West,Ahmedabad,Sports,Running Shoes,1,4873.81,3161.71,0.1,4873.81,487.38,4386.43,1224.72,Net Banking,0
TXN000996,2024-08-04,CUST0178,Suresh Pillai,South,Hyderabad,Electronics,Laptop,1,44837.6,38606.08,0.2,44837.6,8967.52,35870.08,-2736.0,UPI,0
TXN000997,2023-01-01,CUST0079,Rekha Srivastava,South,Chennai,Groceries,Whole Wheat Flour 5kg,2,245.12,185.33,0.0,490.24,0.0,490.24,119.58,Net Banking,0
TXN000998,2024-01-19,CUST0468,Lakshmi Rao,South,Hyderabad,Electronics,Smart TV,1,36136.6,26828.36,0.0,36136.6,0.0,36136.6,9308.24,UPI,0
TXN000999,2024-12-24,CUST0346,Pallavi Shah,North,Jaipur,Clothing,Denim Jeans,2,2663.91,1228.66,0.2,5327.82,1065.56,4262.26,1804.94,UPI,0
TXN001000,2024-06-30,CUST0189,Divya Iyer,West,Nagpur,Electronics,Smartphone,1,23822.44,16671.72,0.0,23822.44,0.0,23822.44,7150.72,Debit Card,0
TXN001001,2023-01-02,CUST0197,Harish Agarwal,West,Mumbai,Cosmetics,Moisturiser 50g,1,489.86,278.91,0.0,489.86,0.0,489.86,210.95,Credit Card,0
TXN001002,2023-10-19,CUST0428,Sneha Gupta,West,Mumbai,Groceries,Sugar 1kg,3,53.73,41.74,0.1,161.19,16.12,145.07,19.85,UPI,0
TXN001003,2023-12-21,CUST0335,Rekha Srivastava,North,Jaipur,Electronics,Smartphone,2,22167.17,16953.79,0.05,44334.34,2216.72,42117.62,8210.04,UPI,0
TXN001004,2023-02-25,CUST0172,Swati Kapoor,East,Kolkata,Sports,Running Shoes,2,5125.52,3253.95,0.15,10251.04,1537.66,8713.38,2205.48,Net Banking,1
TXN001005,2023-04-25,CUST0102,Deepak Tiwari,West,Nagpur,Furniture,Wardrobe,2,19660.14,12149.45,0.0,39320.28,0.0,39320.28,15021.38,Net Banking,0
TXN001006,2024-04-10,CUST0456,Sunita Mishra,West,Ahmedabad,Electronics,Laptop,2,48608.3,37909.37,0.0,97216.6,0.0,97216.6,21397.86,Debit Card,0
TXN001007,2023-12-12,CUST0306,Sneha Gupta,North,Amritsar,Groceries,Cooking Oil 1L,2,183.06,128.42,0.0,366.12,0.0,366.12,109.28,Debit Card,0
TXN001008,2024-06-28,CUST0253,Meera Das,South,Chennai,Electronics,Wireless Earbuds,3,3374.65,2229.94,0.15,10123.95,1518.59,8605.36,1915.54,Debit Card,0
TXN001009,2024-04-14,CUST0327,Geeta Bhatt,South,Mysore,Sports,Running Shoes,3,4777.76,3221.0,0.15,14333.28,2149.99,12183.29,2520.29,Cash,0
TXN001010,2023-03-22,CUST0335,Pallavi Shah,East,Guwahati,Furniture,Office Chair,2,8309.51,5885.87,0.15,16619.02,2492.85,14126.17,2354.43,Cash,0
TXN001011,2024-03-19,CUST0192,Ravi Chandra,South,Mysore,Groceries,Whole Wheat Flour 5kg,1,267.26,192.21,0.0,267.26,0.0,267.26,75.05,UPI,0
TXN001012,2024-03-23,CUST0348,Pooja Nair,South,Hyderabad,Sports,Cycle Helmet,1,1242.96,795.14,0.0,1242.96,0.0,1242.96,447.82,Debit Card,0
TXN001013,2023-08-01,CUST0010,Nikhil Dubey,West,Pune,Groceries,Whole Wheat Flour 5kg,1,261.31,185.41,0.0,261.31,0.0,261.31,75.9,Debit Card,0
TXN001014,2024-09-18,CUST0244,Nisha Trivedi,Central,Varanasi,Sports,Running Shoes,2,5225.03,3167.12,0.05,10450.06,522.5,9927.56,3593.32,Net Banking,0
TXN001015,2023-12-15,CUST0017,Rekha Srivastava,West,Pune,Furniture,Wardrobe,1,17559.04,11920.84,0.05,17559.04,877.95,16681.09,4760.25,Net Banking,1
TXN001016,2024-10-08,CUST0385,Arjun Reddy,East,Kolkata,Clothing,Saree,3,5487.55,2480.38,0.0,16462.65,0.0,16462.65,9021.51,UPI,0
TXN001017,2023-01-31,CUST0285,Pallavi Shah,Central,Indore,Sports,Dumbbells Set,1,3725.53,2233.18,0.0,3725.53,0.0,3725.53,1492.35,UPI,1
TXN001018,2024-01-20,CUST0293,Pooja Nair,South,Kochi,Sports,Cricket Bat,1,2892.68,1769.58,0.0,2892.68,0.0,2892.68,1123.1,Credit Card,0
TXN001019,2024-02-15,CUST0492,Harish Agarwal,East,Bhubaneswar,Furniture,Dining Table,1,22979.91,15147.81,0.15,22979.91,3446.99,19532.92,4385.11,Debit Card,0
TXN001020,2024-06-29,CUST0091,Kiran Bose,West,Surat,Furniture,Bookshelf,3,6980.48,4486.35,0.2,20941.44,4188.29,16753.15,3294.1,Debit Card,0
TXN001021,2023-12-09,CUST0115,Vijay Singh,South,Bangalore,Furniture,Dining Table,1,22253.97,15122.78,0.1,22253.97,2225.4,20028.57,4905.79,Net Banking,0
TXN001022,2023-03-24,CUST0351,Amit Kumar,West,Mumbai,Groceries,Pulses 1kg,1,138.25,100.42,0.05,138.25,6.91,131.34,30.92,Debit Card,0
TXN001023,2024-09-07,CUST0242,Nisha Trivedi,West,Nagpur,Sports,Yoga Mat,2,903.82,562.36,0.0,1807.64,0.0,1807.64,682.92,Credit Card,0
TXN001024,2023-10-28,CUST0124,Geeta Bhatt,North,Chandigarh,Sports,Running Shoes,2,5093.38,3235.26,0.05,10186.76,509.34,9677.42,3206.9,Credit Card,1
TXN001025,2024-05-27,CUST0209,Swati Kapoor,Central,Raipur,Clothing,Women's Kurti,1,1235.39,583.16,0.15,1235.39,185.31,1050.08,466.92,Net Banking,1
TXN001026,2024-01-30,CUST0274,Nikhil Dubey,West,Ahmedabad,Cosmetics,Hair Serum 100ml,1,676.73,406.64,0.15,676.73,101.51,575.22,168.58,Cash,0
TXN001027,2023-03-03,CUST0054,Vijay Singh,West,Mumbai,Groceries,Sugar 1kg,1,57.61,41.82,0.0,57.61,0.0,57.61,15.79,Debit Card,0
TXN001028,2024-08-16,CUST0408,Lakshmi Rao,North,Chandigarh,Groceries,Sugar 1kg,1,57.67,41.1,0.0,57.67,0.0,57.67,16.57,Credit Card,0
TXN001029,2023-12-04,CUST0404,Suresh Pillai,North,Jaipur,Cosmetics,Foundation,3,900.23,525.9,0.0,2700.69,0.0,2700.69,1122.99,Debit Card,0
TXN001030,2024-08-31,CUST0186,Nikhil Dubey,South,Chennai,Sports,Dumbbells Set,1,3337.66,2250.18,0.1,3337.66,333.77,3003.89,753.71,Debit Card,0
TXN001031,2023-06-12,CUST0150,Swati Kapoor,East,Guwahati,Cosmetics,Foundation,1,962.63,508.41,0.1,962.63,96.26,866.37,357.96,UPI,0
TXN001032,2023-08-22,CUST0261,Pallavi Shah,South,Mysore,Groceries,Cooking Oil 1L,1,186.77,128.12,0.15,186.77,28.02,158.75,30.63,Net Banking,0
TXN001033,2024-09-25,CUST0446,Deepak Tiwari,East,Bhubaneswar,Sports,Badminton Racket,1,1618.64,899.2,0.0,1618.64,0.0,1618.64,719.44,UPI,0
TXN001034,2024-01-24,CUST0399,Pallavi Shah,North,Lucknow,Clothing,Denim Jeans,2,2451.43,1174.81,0.1,4902.86,490.29,4412.57,2062.95,Cash,0
TXN001035,2024-01-01,CUST0051,Arjun Reddy,Central,Bhopal,Cosmetics,Hair Serum 100ml,2,702.17,388.79,0.15,1404.34,210.65,1193.69,416.11,Net Banking,0
TXN001036,2024-07-20,CUST0409,Pallavi Shah,Central,Bhopal,Electronics,Smart TV,1,36225.19,26591.71,0.0,36225.19,0.0,36225.19,9633.48,Credit Card,0
TXN001037,2024-10-28,CUST0426,Nisha Trivedi,South,Kochi,Clothing,Men's T-Shirt,4,792.31,355.11,0.15,3169.24,475.39,2693.85,1273.41,Cash,0
TXN001038,2023-05-16,CUST0051,Asha Pandey,North,Chandigarh,Clothing,Women's Kurti,2,1348.17,602.93,0.05,2696.34,134.82,2561.52,1355.66,Cash,0
TXN001039,2024-10-11,CUST0292,Rahul Sharma,West,Mumbai,Furniture,Office Chair,2,8826.45,5834.21,0.0,17652.9,0.0,17652.9,5984.48,Net Banking,0
TXN001040,2023-04-25,CUST0129,Arun Patil,West,Pune,Sports,Cycle Helmet,2,1353.77,797.9,0.0,2707.54,0.0,2707.54,1111.74,UPI,0
TXN001041,2024-05-19,CUST0141,Rekha Srivastava,East,Ranchi,Furniture,Dining Table,2,21771.86,15028.97,0.0,43543.72,0.0,43543.72,13485.78,Net Banking,0
TXN001042,2024-10-02,CUST0084,Anita Verma,South,Kochi,Electronics,Tablet,5,19512.09,13007.45,0.05,97560.45,4878.02,92682.43,27645.18,Cash,0
TXN001043,2024-11-20,CUST0158,Deepak Tiwari,West,Ahmedabad,Cosmetics,Sunscreen SPF50,1,480.07,274.26,0.0,480.07,0.0,480.07,205.81,Debit Card,0
TXN001044,2024-06-27,CUST0393,Kiran Bose,East,Ranchi,Clothing,Formal Shirt,1,1890.36,890.48,0.0,1890.36,0.0,1890.36,999.88,Credit Card,0
TXN001045,2024-09-16,CUST0242,Nisha Trivedi,East,Ranchi,Furniture,Wardrobe,1,19061.46,11804.68,0.0,19061.46,0.0,19061.46,7256.78,Debit Card,0
TXN001046,2023-11-10,CUST0003,Arun Patil,East,Patna,Furniture,Bookshelf,2,6589.67,4471.26,0.05,13179.34,658.97,12520.37,3577.85,UPI,0
TXN001047,2024-02-23,CUST0192,Rahul Sharma,South,Kochi,Groceries,Basmati Rice 5kg,1,472.19,305.46,0.2,472.19,94.44,377.75,72.29,Debit Card,0
TXN001048,2024-01-27,CUST0039,Kavita Joshi,Central,Indore,Clothing,Formal Shirt,1,1844.77,919.25,0.0,1844.77,0.0,1844.77,925.52,Credit Card,0
TXN001049,2024-05-06,CUST0301,Kiran Bose,Central,Varanasi,Electronics,Router,1,2956.73,1871.48,0.1,2956.73,295.67,2661.06,789.58,Cash,0
TXN001050,2024-10-16,CUST0038,Arjun Reddy,Central,Raipur,Furniture,Bookshelf,5,6283.26,4401.26,0.15,31416.3,4712.44,26703.86,4697.56,UPI,0
TXN001051,2023-06-04,CUST0272,Mohit Saxena,Central,Indore,Sports,Cricket Bat,1,3094.93,1817.35,0.1,3094.93,309.49,2785.44,968.09,Debit Card,0
TXN001052,2023-05-24,CUST0240,Kavita Joshi,North,Lucknow,Groceries,Sugar 1kg,3,58.42,41.28,0.0,175.26,0.0,175.26,51.42,UPI,0
TXN001053,2023-07-23,CUST0250,Geeta Bhatt,East,Patna,Sports,Cycle Helmet,2,1359.19,796.51,0.2,2718.38,543.68,2174.7,581.68,Cash,0
TXN001054,2023-03-03,CUST0448,Geeta Bhatt,Central,Raipur,Electronics,Wireless Earbuds,2,3554.53,2138.24,0.1,7109.06,710.91,6398.15,2121.67,Debit Card,0
TXN001055,2024-05-18,CUST0263,Swati Kapoor,East,Kolkata,Cosmetics,Face Wash 100ml,1,319.06,160.3,0.2,319.06,63.81,255.25,94.95,Cash,0
TXN001056,2024-04-24,CUST0078,Harish Agarwal,South,Bangalore,Cosmetics,Foundation,1,964.32,518.93,0.15,964.32,144.65,819.67,300.74,Debit Card,0
TXN001057,2024-10-25,CUST0320,Mohit Saxena,West,Nagpur,Cosmetics,Sunscreen SPF50,3,428.95,271.21,0.0,1286.85,0.0,1286.85,473.22,UPI,0
TXN001058,2023-08-19,CUST0335,Rekha Srivastava,South,Hyderabad,Clothing,Formal Shirt,1,1891.07,890.64,0.05,1891.07,94.55,1796.52,905.88,Credit Card,0
TXN001059,2024-08-11,CUST0021,Arun Patil,Central,Indore,Clothing,Women's Kurti,2,1239.16,603.67,0.2,2478.32,495.66,1982.66,775.32,Credit Card,0
TXN001060,2023-03-12,CUST0120,Nisha Trivedi,East,Bhubaneswar,Cosmetics,Moisturiser 50g,2,489.15,274.34,0.0,978.3,0.0,978.3,429.62,Credit Card,0
TXN001061,2023-01-28,CUST0225,Kiran Bose,West,Mumbai,Furniture,Office Chair,1,9018.39,5758.38,0.05,9018.39,450.92,8567.47,2809.09,Credit Card,0
TXN001062,2024-01-25,CUST0084,Arun Patil,North,Delhi,Clothing,Formal Shirt,2,1955.5,912.12,0.0,3911.0,0.0,3911.0,2086.76,Credit Card,0
TXN001063,2024-05-15,CUST0058,Suresh Pillai,East,Patna,Furniture,Wooden Desk,2,12312.44,8488.77,0.1,24624.88,2462.49,22162.39,5184.85,Cash,0
TXN001064,2024-03-06,CUST0334,Pooja Nair,North,Lucknow,Groceries,Whole Wheat Flour 5kg,2,268.87,189.25,0.2,537.74,107.55,430.19,51.69,Credit Card,1
TXN001065,2023-03-28,CUST0290,Rahul Sharma,West,Surat,Electronics,Tablet,1,17222.5,13270.98,0.0,17222.5,0.0,17222.5,3951.52,Credit Card,0
TXN001066,2023-05-24,CUST0317,Meera Das,North,Delhi,Sports,Yoga Mat,1,970.88,555.31,0.0,970.88,0.0,970.88,415.57,Credit Card,0
TXN001067,2023-06-28,CUST0466,Mohit Saxena,South,Chennai,Groceries,Basmati Rice 5kg,2,441.28,308.21,0.0,882.56,0.0,882.56,266.14,Debit Card,0
TXN001068,2023-01-30,CUST0024,Asha Pandey,East,Kolkata,Furniture,Office Chair,1,9012.06,5676.23,0.05,9012.06,450.6,8561.46,2885.23,UPI,0
TXN001069,2024-06-21,CUST0439,Rajesh Malhotra,North,Delhi,Groceries,Cooking Oil 1L,4,174.04,129.81,0.05,696.16,34.81,661.35,142.11,Net Banking,0
TXN001070,2024-09-09,CUST0337,Asha Pandey,North,Lucknow,Furniture,Sofa Set,4,37972.63,23649.88,0.0,151890.52,0.0,151890.52,57291.0,Debit Card,1
TXN001071,2024-11-15,CUST0338,Amit Kumar,West,Surat,Cosmetics,Hair Serum 100ml,3,677.66,410.61,0.0,2032.98,0.0,2032.98,801.15,Cash,0
TXN001072,2023-10-17,CUST0364,Suresh Pillai,North,Chandigarh,Clothing,Denim Jeans,4,2443.26,1211.47,0.0,9773.04,0.0,9773.04,4927.16,Net Banking,0
TXN001073,2024-08-14,CUST0464,Geeta Bhatt,East,Bhubaneswar,Groceries,Sugar 1kg,1,58.33,42.88,0.15,58.33,8.75,49.58,6.7,UPI,0
TXN001074,2023-07-22,CUST0166,Rahul Sharma,North,Chandigarh,Cosmetics,Face Wash 100ml,2,321.52,157.48,0.05,643.04,32.15,610.89,295.93,Net Banking,0
TXN001075,2023-12-19,CUST0394,Deepak Tiwari,Central,Varanasi,Furniture,Wooden Desk,1,12191.75,8624.93,0.15,12191.75,1828.76,10362.99,1738.06,Debit Card,0
TXN001076,2023-07-10,CUST0266,Sanjay Yadav,West,Nagpur,Furniture,Wardrobe,2,17360.56,12256.47,0.2,34721.12,6944.22,27776.9,3263.96,Cash,0
TXN001077,2024-03-12,CUST0448,Divya Iyer,Central,Indore,Electronics,Smartphone,4,21296.92,17216.95,0.0,85187.68,0.0,85187.68,16319.88,Debit Card,0
TXN001078,2024-07-20,CUST0100,Vijay Singh,North,Amritsar,Clothing,Winter Jacket,2,4290.94,2250.9,0.1,8581.88,858.19,7723.69,3221.89,Credit Card,0
TXN001079,2023-07-23,CUST0118,Nikhil Dubey,East,Ranchi,Sports,Yoga Mat,1,860.39,551.09,0.1,860.39,86.04,774.35,223.26,Net Banking,0
TXN001080,2023-06-12,CUST0218,Swati Kapoor,South,Mysore,Clothing,Saree,1,4863.07,2566.33,0.1,4863.07,486.31,4376.76,1810.43,Credit Card,0
TXN001081,2024-02-15,CUST0285,Rekha Srivastava,Central,Varanasi,Furniture,Sofa Set,1,34824.96,23387.81,0.15,34824.96,5223.74,29601.22,6213.41,Debit Card,0
TXN001082,2024-09-19,CUST0498,Geeta Bhatt,North,Delhi,Furniture,Wooden Desk,3,11658.82,8664.45,0.2,34976.46,6995.29,27981.17,1987.82,Credit Card,0
TXN001083,2023-06-13,CUST0064,Pallavi Shah,West,Nagpur,Clothing,Women's Kurti,2,1421.76,591.94,0.05,2843.52,142.18,2701.34,1517.46,Net Banking,1
TXN001084,2023-06-05,CUST0053,Arun Patil,South,Hyderabad,Groceries,Basmati Rice 5kg,1,470.48,310.38,0.1,470.48,47.05,423.43,113.05,Net Banking,0
TXN001085,2024-11-07,CUST0449,Sanjay Yadav,North,Amritsar,Cosmetics,Hair Serum 100ml,2,766.7,409.85,0.0,1533.4,0.0,1533.4,713.7,Cash,0
TXN001086,2023-09-19,CUST0250,Arun Patil,West,Surat,Sports,Yoga Mat,1,972.21,556.32,0.2,972.21,194.44,777.77,221.45,Debit Card,0
TXN001087,2023-04-16,CUST0030,Harish Agarwal,Central,Gwalior,Groceries,Cooking Oil 1L,3,193.59,133.61,0.05,580.77,29.04,551.73,150.9,Cash,0
TXN001088,2023-10-14,CUST0183,Amit Kumar,East,Patna,Cosmetics,Hair Serum 100ml,1,698.53,404.01,0.0,698.53,0.0,698.53,294.52,Cash,0
TXN001089,2024-05-12,CUST0311,Mohit Saxena,West,Pune,Sports,Running Shoes,2,5334.62,3240.04,0.1,10669.24,1066.92,9602.32,3122.24,Net Banking,0
TXN001090,2024-06-15,CUST0295,Sneha Gupta,West,Mumbai,Sports,Cricket Bat,1,3114.62,1831.71,0.0,3114.62,0.0,3114.62,1282.91,Cash,1
TXN001091,2023-09-02,CUST0443,Deepak Tiwari,Central,Varanasi,Furniture,Wardrobe,1,19227.97,12253.61,0.1,19227.97,1922.8,17305.17,5051.56,Cash,1
TXN001092,2024-10-05,CUST0051,Pooja Nair,West,Mumbai,Clothing,Formal Shirt,1,1757.82,907.05,0.0,1757.82,0.0,1757.82,850.77,UPI,0
TXN001093,2024-04-12,CUST0235,Nikhil Dubey,East,Patna,Cosmetics,Lipstick,1,593.91,315.28,0.0,593.91,0.0,593.91,278.63,Debit Card,0
TXN001094,2023-06-14,CUST0433,Lakshmi Rao,Central,Raipur,Cosmetics,Foundation,3,955.64,528.77,0.0,2866.92,0.0,2866.92,1280.61,Cash,0
TXN001095,2024-09-23,CUST0096,Arun Patil,South,Hyderabad,Groceries,Basmati Rice 5kg,2,454.91,312.27,0.15,909.82,136.47,773.35,148.81,UPI,0
TXN001096,2024-12-25,CUST0098,Ravi Chandra,East,Guwahati,Groceries,Cooking Oil 1L,2,196.9,128.62,0.0,393.8,0.0,393.8,136.56,Debit Card,0
TXN001097,2024-12-18,CUST0469,Rajesh Malhotra,East,Ranchi,Sports,Yoga Mat,1,880.83,536.49,0.1,880.83,88.08,792.75,256.26,UPI,0
TXN001098,2023-05-30,CUST0418,Rajesh Malhotra,Central,Raipur,Furniture,Wooden Desk,3,13058.26,8297.85,0.15,39174.78,5876.22,33298.56,8405.01,Debit Card,0
TXN001099,2023-03-26,CUST0356,Kavita Joshi,South,Kochi,Electronics,Smartphone,1,21803.5,16994.38,0.2,21803.5,4360.7,17442.8,448.42,Credit Card,0
TXN001100,2024-03-26,CUST0248,Mohit Saxena,South,Chennai,Electronics,Tablet,1,17757.94,12626.2,0.1,17757.94,1775.79,15982.15,3355.95,UPI,0
TXN001101,2024-07-18,CUST0134,Nikhil Dubey,South,Kochi,Clothing,Formal Shirt,1,1948.84,925.87,0.15,1948.84,292.33,1656.51,730.64,Debit Card,0
TXN001102,2023-09-27,CUST0165,Swati Kapoor,East,Bhubaneswar,Groceries,Pulses 1kg,1,140.5,102.75,0.0,140.5,0.0,140.5,37.75,Credit Card,0
TXN001103,2024-08-15,CUST0331,Asha Pandey,Central,Varanasi,Sports,Dumbbells Set,3,3443.62,2179.98,0.15,10330.86,1549.63,8781.23,2241.29,Credit Card,0
TXN001104,2024-08-11,CUST0012,Asha Pandey,West,Nagpur,Furniture,Sofa Set,3,36353.08,23373.11,0.0,109059.24,0.0,109059.24,38939.91,UPI,0
TXN001105,2023-02-28,CUST0015,Nikhil Dubey,West,Pune,Electronics,Router,1,2775.96,1871.73,0.15,2775.96,416.39,2359.57,487.84,Net Banking,0
TXN001106,2024-12-22,CUST0156,Arjun Reddy,South,Kochi,Clothing,Saree,6,5088.07,2505.76,0.15,30528.42,4579.26,25949.16,10914.6,Credit Card,0
TXN001107,2024-06-04,CUST0301,Sneha Gupta,South,Mysore,Cosmetics,Hair Serum 100ml,2,727.97,405.09,0.0,1455.94,0.0,1455.94,645.76,Cash,0
TXN001108,2024-06-26,CUST0093,Rahul Sharma,South,Chennai,Clothing,Formal Shirt,2,1917.84,926.44,0.2,3835.68,767.14,3068.54,1215.66,UPI,0
TXN001109,2023-12-06,CUST0094,Sneha Gupta,West,Nagpur,Cosmetics,Sunscreen SPF50,1,474.51,264.14,0.0,474.51,0.0,474.51,210.37,Debit Card,0
TXN001110,2024-12-25,CUST0332,Harish Agarwal,East,Guwahati,Electronics,Smartphone,3,21759.67,16694.62,0.0,65279.01,0.0,65279.01,15195.15,Cash,0
TXN001111,2023-04-07,CUST0007,Rahul Sharma,North,Amritsar,Electronics,Wireless Earbuds,3,3413.47,2261.2,0.1,10240.41,1024.04,9216.37,2432.77,Debit Card,0
TXN001112,2023-01-29,CUST0256,Anita Verma,Central,Gwalior,Groceries,Basmati Rice 5kg,2,492.01,304.21,0.1,984.02,98.4,885.62,277.2,Net Banking,0
TXN001113,2023-12-20,CUST0077,Mohit Saxena,South,Mysore,Groceries,Pulses 1kg,3,150.77,101.63,0.1,452.31,45.23,407.08,102.19,UPI,0
TXN001114,2023-02-09,CUST0086,Rajesh Malhotra,North,Lucknow,Groceries,Basmati Rice 5kg,2,451.06,304.06,0.1,902.12,90.21,811.91,203.79,Cash,0
TXN001115,2024-09-09,CUST0034,Arjun Reddy,Central,Raipur,Furniture,Wardrobe,1,18309.43,11723.79,0.1,18309.43,1830.94,16478.49,4754.7,Credit Card,0
TXN001116,2023-09-03,CUST0416,Mohit Saxena,West,Pune,Furniture,Office Chair,2,8531.86,5944.98,0.05,17063.72,853.19,16210.53,4320.57,Net Banking,0
TXN001117,2024-06-16,CUST0165,Vijay Singh,East,Ranchi,Sports,Badminton Racket,1,1594.24,907.73,0.0,1594.24,0.0,1594.24,686.51,UPI,0
TXN001118,2023-10-27,CUST0165,Asha Pandey,West,Surat,Furniture,Sofa Set,1,33682.54,23314.32,0.0,33682.54,0.0,33682.54,10368.22,UPI,0
TXN001119,2023-11-10,CUST0278,Anita Verma,East,Kolkata,Sports,Cricket Bat,3,3250.36,1826.77,0.1,9751.08,975.11,8775.97,3295.66,Debit Card,0
TXN001120,2024-07-01,CUST0351,Swati Kapoor,East,Guwahati,Clothing,Denim Jeans,2,2735.48,1167.78,0.2,5470.96,1094.19,4376.77,2041.21,UPI,0
TXN001121,2024-06-20,CUST0365,Arjun Reddy,Central,Raipur,Cosmetics,Sunscreen SPF50,3,458.36,264.91,0.0,1375.08,0.0,1375.08,580.35,Cash,0
TXN001122,2024-05-22,CUST0003,Rajesh Malhotra,Central,Bhopal,Electronics,Smart TV,2,34331.66,27306.81,0.0,68663.32,0.0,68663.32,14049.7,Credit Card,0
TXN001123,2023-12-05,CUST0349,Ravi Chandra,West,Pune,Groceries,Sugar 1kg,4,54.28,42.42,0.05,217.12,10.86,206.26,36.58,Debit Card,0
TXN001124,2024-10-31,CUST0432,Rajesh Malhotra,East,Guwahati,Cosmetics,Face Wash 100ml,3,302.7,159.17,0.0,908.1,0.0,908.1,430.59,Credit Card,0
TXN001125,2024-05-14,CUST0060,Anita Verma,North,Jaipur,Electronics,Router,2,2949.59,1851.04,0.0,5899.18,0.0,5899.18,2197.1,UPI,0
TXN001126,2024-07-03,CUST0056,Arun Patil,East,Guwahati,Groceries,Pulses 1kg,1,139.02,102.13,0.0,139.02,0.0,139.02,36.89,Cash,0
TXN001127,2023-07-26,CUST0427,Kiran Bose,Central,Varanasi,Clothing,Women's Kurti,2,1327.35,586.01,0.0,2654.7,0.0,2654.7,1482.68,Credit Card,0
TXN001128,2024-12-11,CUST0394,Priya Patel,South,Kochi,Sports,Dumbbells Set,3,3553.99,2152.84,0.1,10661.97,1066.2,9595.77,3137.25,Net Banking,0
TXN001129,2023-07-13,CUST0237,Rohan Mehta,East,Kolkata,Sports,Cricket Bat,3,3276.59,1845.56,0.0,9829.77,0.0,9829.77,4293.09,Cash,0
TXN001130,2023-06-06,CUST0225,Rahul Sharma,Central,Bhopal,Clothing,Women's Kurti,2,1356.26,594.09,0.15,2712.52,406.88,2305.64,1117.46,UPI,0
TXN001131,2023-09-09,CUST0274,Rahul Sharma,East,Ranchi,Clothing,Women's Kurti,1,1255.75,584.34,0.1,1255.75,125.58,1130.17,545.83,Net Banking,0
TXN001132,2023-11-26,CUST0417,Kiran Bose,South,Bangalore,Cosmetics,Moisturiser 50g,2,474.49,271.66,0.0,948.98,0.0,948.98,405.66,Net Banking,0
TXN001133,2023-08-18,CUST0145,Rekha Srivastava,North,Amritsar,Sports,Cricket Bat,4,3063.37,1807.72,0.05,12253.48,612.67,11640.81,4409.93,Net Banking,0
TXN001134,2023-09-01,CUST0233,Asha Pandey,Central,Raipur,Groceries,Tea Powder 500g,2,213.83,158.9,0.0,427.66,0.0,427.66,109.86,Debit Card,0
TXN001135,2023-10-21,CUST0211,Nikhil Dubey,South,Kochi,Groceries,Cooking Oil 1L,2,192.75,127.22,0.05,385.5,19.28,366.22,111.78,Net Banking,0
TXN001136,2024-02-16,CUST0228,Kiran Bose,East,Bhubaneswar,Furniture,Sofa Set,1,37889.01,23943.24,0.05,37889.01,1894.45,35994.56,12051.32,UPI,0
TXN001137,2023-11-30,CUST0402,Sunita Mishra,South,Mysore,Clothing,Women's Kurti,3,1271.97,613.45,0.15,3815.91,572.39,3243.52,1403.17,Debit Card,0
TXN001138,2024-07-15,CUST0278,Harish Agarwal,West,Ahmedabad,Cosmetics,Lipstick,3,588.23,303.33,0.0,1764.69,0.0,1764.69,854.7,UPI,0
TXN001139,2024-09-30,CUST0013,Nikhil Dubey,South,Chennai,Groceries,Pulses 1kg,3,152.68,99.59,0.05,458.04,22.9,435.14,136.37,Credit Card,0
TXN001140,2024-11-14,CUST0211,Arjun Reddy,Central,Indore,Cosmetics,Foundation,1,931.6,529.39,0.0,931.6,0.0,931.6,402.21,UPI,0
TXN001141,2023-05-14,CUST0044,Rahul Sharma,West,Ahmedabad,Sports,Badminton Racket,1,1431.99,878.24,0.0,1431.99,0.0,1431.99,553.75,Cash,1
TXN001142,2023-02-24,CUST0431,Amit Kumar,North,Lucknow,Groceries,Cooking Oil 1L,1,191.08,133.57,0.0,191.08,0.0,191.08,57.51,Debit Card,0
TXN001143,2023-11-20,CUST0084,Meera Das,West,Surat,Groceries,Tea Powder 500g,3,224.77,151.84,0.0,674.31,0.0,674.31,218.79,Cash,0
TXN001144,2024-09-25,CUST0463,Kavita Joshi,Central,Gwalior,Cosmetics,Foundation,2,948.43,513.17,0.2,1896.86,379.37,1517.49,491.15,Cash,0
TXN001145,2023-05-31,CUST0186,Nisha Trivedi,North,Delhi,Clothing,Winter Jacket,1,4259.22,2211.38,0.2,4259.22,851.84,3407.38,1196.0,UPI,0
TXN001146,2023-07-06,CUST0454,Divya Iyer,North,Jaipur,Cosmetics,Hair Serum 100ml,2,700.1,396.15,0.0,1400.2,0.0,1400.2,607.9,Cash,0
TXN001147,2024-10-01,CUST0043,Divya Iyer,West,Pune,Electronics,Router,3,2782.79,1933.38,0.2,8348.37,1669.67,6678.7,878.56,Net Banking,1
TXN001148,2024-05-21,CUST0267,Rajesh Malhotra,Central,Varanasi,Clothing,Denim Jeans,3,2693.14,1177.83,0.0,8079.42,0.0,8079.42,4545.93,Cash,0
TXN001149,2023-06-20,CUST0235,Rekha Srivastava,South,Hyderabad,Groceries,Sugar 1kg,2,54.5,43.25,0.15,109.0,16.35,92.65,6.15,Cash,0
TXN001150,2023-02-02,CUST0195,Kiran Bose,Central,Bhopal,Cosmetics,Hair Serum 100ml,1,666.06,397.14,0.05,666.06,33.3,632.76,235.62,Cash,0
TXN001151,2023-10-04,CUST0099,Lakshmi Rao,East,Patna,Sports,Running Shoes,1,5456.09,3242.07,0.1,5456.09,545.61,4910.48,1668.41,Debit Card,0
TXN001152,2024-04-05,CUST0055,Kavita Joshi,North,Lucknow,Sports,Cricket Bat,3,2859.4,1759.88,0.2,8578.2,1715.64,6862.56,1582.92,Cash,0
TXN001153,2023-03-08,CUST0080,Ravi Chandra,South,Bangalore,Electronics,Laptop,1,45052.66,38932.32,0.0,45052.66,0.0,45052.66,6120.34,UPI,0
TXN001154,2023-12-05,CUST0475,Amit Kumar,North,Amritsar,Electronics,Laptop,1,47503.0,37314.91,0.15,47503.0,7125.45,40377.55,3062.64,Credit Card,0
TXN001155,2023-04-04,CUST0363,Lakshmi Rao,South,Chennai,Electronics,Router,3,2882.32,1897.27,0.0,8646.96,0.0,8646.96,2955.15,Net Banking,0
TXN001156,2024-04-25,CUST0135,Vijay Singh,Central,Bhopal,Furniture,Wooden Desk,2,12313.65,8285.57,0.0,24627.3,0.0,24627.3,8056.16,Net Banking,0
TXN001157,2023-07-13,CUST0308,Meera Das,North,Chandigarh,Clothing,Denim Jeans,2,2521.99,1224.19,0.0,5043.98,0.0,5043.98,2595.6,Net Banking,0
TXN001158,2023-08-12,CUST0145,Arun Patil,East,Bhubaneswar,Sports,Cricket Bat,1,3143.63,1850.56,0.0,3143.63,0.0,3143.63,1293.07,Credit Card,0
TXN001159,2023-03-06,CUST0046,Arjun Reddy,North,Amritsar,Furniture,Office Chair,1,8643.56,5966.05,0.15,8643.56,1296.53,7347.03,1380.98,Net Banking,0
TXN001160,2024-01-06,CUST0381,Geeta Bhatt,Central,Bhopal,Sports,Dumbbells Set,1,3705.69,2176.12,0.0,3705.69,0.0,3705.69,1529.57,UPI,0
TXN001161,2023-11-04,CUST0167,Nisha Trivedi,East,Ranchi,Cosmetics,Moisturiser 50g,3,525.76,278.48,0.05,1577.28,78.86,1498.42,662.98,UPI,0
TXN001162,2024-04-20,CUST0446,Harish Agarwal,South,Kochi,Furniture,Office Chair,3,9188.54,5900.32,0.05,27565.62,1378.28,26187.34,8486.38,Credit Card,0
TXN001163,2023-01-15,CUST0012,Lakshmi Rao,South,Chennai,Sports,Yoga Mat,1,917.74,542.44,0.0,917.74,0.0,917.74,375.3,UPI,0
TXN001164,2024-07-16,CUST0082,Lakshmi Rao,South,Kochi,Sports,Cycle Helmet,2,1331.31,796.89,0.2,2662.62,532.52,2130.1,536.32,Cash,0
TXN001165,2023-04-19,CUST0007,Pooja Nair,East,Guwahati,Sports,Dumbbells Set,3,3583.45,2162.57,0.05,10750.35,537.52,10212.83,3725.12,Credit Card,0
TXN001166,2023-11-15,CUST0192,Geeta Bhatt,West,Nagpur,Electronics,Wireless Earbuds,4,3392.95,2171.21,0.15,13571.8,2035.77,11536.03,2851.19,Credit Card,0
TXN001167,2024-04-29,CUST0325,Nisha Trivedi,West,Ahmedabad,Furniture,Wooden Desk,2,11820.19,8689.66,0.0,23640.38,0.0,23640.38,6261.06,UPI,0
TXN001168,2024-07-22,CUST0363,Ravi Chandra,East,Bhubaneswar,Clothing,Denim Jeans,2,2667.03,1205.2,0.0,5334.06,0.0,5334.06,2923.66,Net Banking,0
TXN001169,2023-09-13,CUST0252,Suresh Pillai,West,Mumbai,Groceries,Pulses 1kg,2,136.12,98.93,0.1,272.24,27.22,245.02,47.16,Net Banking,0
TXN001170,2023-09-30,CUST0243,Kavita Joshi,West,Pune,Groceries,Tea Powder 500g,1,204.01,158.23,0.0,204.01,0.0,204.01,45.78,Credit Card,0
TXN001171,2023-12-02,CUST0103,Mohit Saxena,Central,Varanasi,Sports,Yoga Mat,3,919.41,543.87,0.1,2758.23,275.82,2482.41,850.8,Credit Card,1
TXN001172,2024-09-03,CUST0405,Kiran Bose,East,Kolkata,Cosmetics,Moisturiser 50g,1,513.23,280.07,0.0,513.23,0.0,513.23,233.16,UPI,0
TXN001173,2023-01-12,CUST0466,Vijay Singh,South,Chennai,Groceries,Basmati Rice 5kg,2,455.95,307.56,0.2,911.9,182.38,729.52,114.4,UPI,0
TXN001174,2024-07-22,CUST0233,Pooja Nair,West,Ahmedabad,Electronics,Tablet,2,18331.05,12764.27,0.1,36662.1,3666.21,32995.89,7467.35,Credit Card,0
TXN001175,2023-11-27,CUST0322,Meera Das,North,Delhi,Groceries,Pulses 1kg,2,150.47,99.25,0.0,300.94,0.0,300.94,102.44,Debit Card,0
TXN001176,2023-12-01,CUST0029,Pallavi Shah,North,Lucknow,Groceries,Pulses 1kg,3,148.89,97.24,0.1,446.67,44.67,402.0,110.28,Credit Card,0
TXN001177,2023-03-11,CUST0176,Arun Patil,North,Amritsar,Clothing,Saree,2,5478.14,2475.72,0.05,10956.28,547.81,10408.47,5457.03,Cash,0
TXN001178,2024-07-12,CUST0230,Anita Verma,West,Surat,Cosmetics,Moisturiser 50g,3,515.08,273.1,0.0,1545.24,0.0,1545.24,725.94,Cash,0
TXN001179,2023-09-25,CUST0120,Vijay Singh,North,Amritsar,Electronics,Laptop,1,45981.18,36956.16,0.2,45981.18,9196.24,36784.94,-171.22,Credit Card,0
TXN001180,2023-11-27,CUST0213,Asha Pandey,West,Mumbai,Sports,Dumbbells Set,1,3582.4,2222.39,0.15,3582.4,537.36,3045.04,822.65,Cash,0
TXN001181,2024-08-26,CUST0085,Kiran Bose,South,Mysore,Furniture,Office Chair,1,9199.1,5803.18,0.2,9199.1,1839.82,7359.28,1556.1,Credit Card,0
TXN001182,2023-01-08,CUST0104,Arun Patil,Central,Raipur,Groceries,Pulses 1kg,2,140.86,99.33,0.2,281.72,56.34,225.38,26.72,Net Banking,0
TXN001183,2023-07-20,CUST0395,Kiran Bose,East,Guwahati,Electronics,Router,1,2913.41,1917.26,0.1,2913.41,291.34,2622.07,704.81,Credit Card,0
TXN001184,2023-02-12,CUST0346,Rohan Mehta,North,Chandigarh,Clothing,Formal Shirt,1,1907.58,889.12,0.15,1907.58,286.14,1621.44,732.32,Net Banking,0
TXN001185,2024-01-05,CUST0106,Lakshmi Rao,South,Mysore,Groceries,Cooking Oil 1L,1,176.84,127.51,0.0,176.84,0.0,176.84,49.33,UPI,0
TXN001186,2024-04-13,CUST0439,Kavita Joshi,Central,Indore,Furniture,Sofa Set,2,36194.36,23690.89,0.15,72388.72,10858.31,61530.41,14148.63,Cash,0
TXN001187,2023-01-01,CUST0050,Priya Patel,Central,Bhopal,Electronics,Tablet,2,18129.84,13053.13,0.0,36259.68,0.0,36259.68,10153.42,Debit Card,0
TXN001188,2023-07-15,CUST0461,Sneha Gupta,East,Kolkata,Groceries,Sugar 1kg,1,57.64,41.49,0.0,57.64,0.0,57.64,16.15,Debit Card,0
TXN001189,2024-04-12,CUST0008,Sneha Gupta,South,Bangalore,Cosmetics,Sunscreen SPF50,5,486.92,277.0,0.0,2434.6,0.0,2434.6,1049.6,Cash,0
TXN001190,2024-04-11,CUST0375,Nikhil Dubey,Central,Gwalior,Groceries,Whole Wheat Flour 5kg,2,238.35,190.72,0.0,476.7,0.0,476.7,95.26,Credit Card,0
TXN001191,2024-02-12,CUST0337,Amit Kumar,North,Delhi,Furniture,Sofa Set,2,38357.76,24110.54,0.0,76715.52,0.0,76715.52,28494.44,Debit Card,0
TXN001192,2024-05-05,CUST0230,Geeta Bhatt,East,Kolkata,Cosmetics,Lipstick,1,655.59,304.2,0.15,655.59,98.34,557.25,253.05,Cash,1
TXN001193,2023-02-15,CUST0307,Divya Iyer,West,Nagpur,Cosmetics,Foundation,2,954.18,513.34,0.0,1908.36,0.0,1908.36,881.68,UPI,0
TXN001194,2024-07-11,CUST0090,Ravi Chandra,East,Ranchi,Sports,Yoga Mat,1,897.3,554.6,0.05,897.3,44.87,852.43,297.83,UPI,0
TXN001195,2023-12-22,CUST0171,Nisha Trivedi,South,Kochi,Cosmetics,Hair Serum 100ml,1,673.11,394.08,0.0,673.11,0.0,673.11,279.03,Debit Card,0
TXN001196,2024-04-06,CUST0307,Arjun Reddy,South,Bangalore,Groceries,Pulses 1kg,4,152.28,102.9,0.0,609.12,0.0,609.12,197.52,Net Banking,0
TXN001197,2023-06-13,CUST0022,Deepak Tiwari,Central,Indore,Clothing,Saree,1,5409.46,2573.58,0.1,5409.46,540.95,4868.51,2294.93,Cash,0
TXN001198,2023-09-18,CUST0375,Mohit Saxena,South,Chennai,Cosmetics,Sunscreen SPF50,3,480.67,269.82,0.0,1442.01,0.0,1442.01,632.55,Debit Card,0
TXN001199,2024-02-09,CUST0233,Vijay Singh,West,Pune,Sports,Dumbbells Set,1,3842.58,2163.81,0.15,3842.58,576.39,3266.19,1102.38,Credit Card,0
TXN001200,2024-05-31,CUST0156,Mohit Saxena,West,Pune,Electronics,Router,1,3059.05,1870.57,0.05,3059.05,152.95,2906.1,1035.53,Credit Card,0
TXN001201,2023-04-09,CUST0130,Suresh Pillai,South,Bangalore,Electronics,Laptop,2,48336.68,38411.5,0.0,96673.36,0.0,96673.36,19850.36,Cash,0
TXN001202,2024-01-02,CUST0318,Ravi Chandra,North,Amritsar,Groceries,Whole Wheat Flour 5kg,2,252.04,186.68,0.05,504.08,25.2,478.88,105.52,UPI,0
TXN001203,2024-08-30,CUST0276,Arun Patil,West,Mumbai,Furniture,Bookshelf,1,6636.76,4580.41,0.2,6636.76,1327.35,5309.41,729.0,Cash,0
TXN001204,2024-08-24,CUST0244,Sanjay Yadav,East,Guwahati,Electronics,Smart TV,2,33453.03,26979.67,0.0,66906.06,0.0,66906.06,12946.72,Net Banking,0
TXN001205,2023-09-09,CUST0398,Nikhil Dubey,North,Jaipur,Furniture,Wardrobe,1,18367.05,11872.47,0.1,18367.05,1836.7,16530.35,4657.88,UPI,0
TXN001206,2024-02-25,CUST0093,Suresh Pillai,South,Mysore,Cosmetics,Face Wash 100ml,2,326.01,159.47,0.1,652.02,65.2,586.82,267.88,Debit Card,0
TXN001207,2024-02-02,CUST0084,Priya Patel,Central,Bhopal,Groceries,Pulses 1kg,2,136.65,99.71,0.2,273.3,54.66,218.64,19.22,Debit Card,0
TXN001208,2024-03-12,CUST0382,Geeta Bhatt,South,Bangalore,Clothing,Winter Jacket,2,4090.73,2134.75,0.2,8181.46,1636.29,6545.17,2275.67,Credit Card,0
TXN001209,2023-02-14,CUST0052,Anita Verma,South,Hyderabad,Cosmetics,Hair Serum 100ml,1,710.67,404.82,0.0,710.67,0.0,710.67,305.85,Credit Card,0
TXN001210,2024-09-11,CUST0189,Harish Agarwal,West,Surat,Groceries,Tea Powder 500g,1,213.04,156.94,0.15,213.04,31.96,181.08,24.14,Net Banking,0
TXN001211,2024-04-30,CUST0206,Deepak Tiwari,West,Nagpur,Cosmetics,Foundation,2,972.42,525.14,0.05,1944.84,97.24,1847.6,797.32,Credit Card,0
TXN001212,2023-05-21,CUST0192,Asha Pandey,South,Bangalore,Sports,Yoga Mat,2,943.68,548.22,0.1,1887.36,188.74,1698.62,602.18,Debit Card,0
TXN001213,2024-11-03,CUST0191,Priya Patel,West,Mumbai,Sports,Cricket Bat,2,2908.98,1821.76,0.0,5817.96,0.0,5817.96,2174.44,Net Banking,0
TXN001214,2023-04-26,CUST0472,Kavita Joshi,East,Ranchi,Sports,Cricket Bat,3,2985.51,1833.64,0.0,8956.53,0.0,8956.53,3455.61,UPI,0
TXN001215,2023-07-13,CUST0075,Rekha Srivastava,West,Surat,Clothing,Men's T-Shirt,2,834.2,357.53,0.0,1668.4,0.0,1668.4,953.34,Credit Card,0
TXN001216,2023-05-29,CUST0212,Mohit Saxena,North,Jaipur,Sports,Cricket Bat,4,3103.74,1772.68,0.2,12414.96,2482.99,9931.97,2841.25,Debit Card,1
TXN001217,2023-09-26,CUST0429,Swati Kapoor,West,Mumbai,Groceries,Sugar 1kg,3,59.93,41.72,0.1,179.79,17.98,161.81,36.65,Credit Card,0
TXN001218,2023-05-11,CUST0255,Arun Patil,Central,Varanasi,Cosmetics,Sunscreen SPF50,2,438.12,271.6,0.0,876.24,0.0,876.24,333.04,Cash,0
TXN001219,2023-02-01,CUST0414,Nisha Trivedi,Central,Bhopal,Cosmetics,Moisturiser 50g,1,494.81,276.32,0.15,494.81,74.22,420.59,144.27,Debit Card,0
TXN001220,2024-07-02,CUST0302,Nikhil Dubey,East,Guwahati,Sports,Running Shoes,1,5038.56,3271.26,0.15,5038.56,755.78,4282.78,1011.52,Net Banking,1
TXN001221,2024-09-11,CUST0033,Sanjay Yadav,Central,Indore,Furniture,Bookshelf,3,6508.85,4504.59,0.15,19526.55,2928.98,16597.57,3083.8,Debit Card,1
TXN001222,2023-10-23,CUST0099,Mohit Saxena,South,Hyderabad,Groceries,Cooking Oil 1L,4,186.28,128.82,0.0,745.12,0.0,745.12,229.84,Debit Card,0
TXN001223,2024-02-26,CUST0152,Rohan Mehta,Central,Varanasi,Cosmetics,Sunscreen SPF50,1,480.62,274.9,0.15,480.62,72.09,408.53,133.63,Debit Card,0
TXN001224,2024-07-20,CUST0327,Kavita Joshi,West,Nagpur,Sports,Yoga Mat,3,869.86,557.35,0.0,2609.58,0.0,2609.58,937.53,Credit Card,0
TXN001225,2024-10-10,CUST0075,Sanjay Yadav,South,Kochi,Groceries,Cooking Oil 1L,1,196.18,129.68,0.0,196.18,0.0,196.18,66.5,Net Banking,0
TXN001226,2023-05-08,CUST0233,Nisha Trivedi,Central,Varanasi,Electronics,Laptop,4,44025.26,38989.8,0.05,176101.04,8805.05,167295.99,11336.79,Net Banking,0
TXN001227,2023-10-11,CUST0199,Arjun Reddy,West,Pune,Groceries,Basmati Rice 5kg,5,460.55,302.71,0.05,2302.75,115.14,2187.61,674.06,Cash,0
TXN001228,2023-05-06,CUST0402,Sneha Gupta,North,Delhi,Electronics,Tablet,2,17390.15,13027.47,0.0,34780.3,0.0,34780.3,8725.36,UPI,0
TXN001229,2024-11-07,CUST0293,Arun Patil,North,Delhi,Groceries,Pulses 1kg,2,138.05,98.32,0.1,276.1,27.61,248.49,51.85,Debit Card,1
TXN001230,2023-12-29,CUST0495,Mohit Saxena,South,Bangalore,Sports,Badminton Racket,1,1495.26,884.87,0.2,1495.26,299.05,1196.21,311.34,UPI,0
TXN001231,2024-09-23,CUST0433,Meera Das,South,Bangalore,Sports,Cycle Helmet,1,1391.79,781.98,0.0,1391.79,0.0,1391.79,609.81,Credit Card,0
TXN001232,2024-09-16,CUST0297,Swati Kapoor,South,Chennai,Groceries,Basmati Rice 5kg,1,427.71,313.18,0.05,427.71,21.39,406.32,93.14,Net Banking,0
TXN001233,2024-04-01,CUST0195,Rahul Sharma,North,Delhi,Furniture,Wardrobe,1,19497.92,12252.42,0.2,19497.92,3899.58,15598.34,3345.92,Net Banking,0
TXN001234,2023-07-30,CUST0199,Mohit Saxena,West,Surat,Sports,Dumbbells Set,2,3493.09,2199.87,0.1,6986.18,698.62,6287.56,1887.82,UPI,0
TXN001235,2024-01-17,CUST0141,Kavita Joshi,North,Amritsar,Cosmetics,Sunscreen SPF50,1,441.48,266.99,0.05,441.48,22.07,419.41,152.42,Debit Card,0
TXN001236,2024-01-24,CUST0366,Geeta Bhatt,West,Mumbai,Cosmetics,Hair Serum 100ml,2,689.64,404.74,0.05,1379.28,68.96,1310.32,500.84,Cash,0
TXN001237,2023-12-20,CUST0188,Nisha Trivedi,North,Jaipur,Furniture,Wardrobe,1,18280.88,11890.73,0.0,18280.88,0.0,18280.88,6390.15,Debit Card,0
TXN001238,2023-06-22,CUST0187,Priya Patel,Central,Gwalior,Sports,Badminton Racket,2,1606.21,918.68,0.05,3212.42,160.62,3051.8,1214.44,Credit Card,0
TXN001239,2023-06-12,CUST0143,Swati Kapoor,Central,Bhopal,Groceries,Basmati Rice 5kg,1,437.56,303.33,0.05,437.56,21.88,415.68,112.35,Credit Card,0
TXN001240,2023-11-16,CUST0447,Swati Kapoor,North,Chandigarh,Electronics,Wireless Earbuds,2,3352.38,2220.41,0.2,6704.76,1340.95,5363.81,922.99,Credit Card,0
TXN001241,2024-04-26,CUST0092,Asha Pandey,South,Chennai,Electronics,Smartphone,2,23450.36,16764.43,0.2,46900.72,9380.14,37520.58,3991.72,Cash,0
TXN001242,2024-07-20,CUST0088,Arun Patil,South,Chennai,Sports,Yoga Mat,1,887.18,533.79,0.2,887.18,177.44,709.74,175.95,Debit Card,0
TXN001243,2023-01-22,CUST0189,Ravi Chandra,North,Jaipur,Clothing,Women's Kurti,2,1259.83,613.02,0.2,2519.66,503.93,2015.73,789.69,Debit Card,0
TXN001244,2024-04-10,CUST0070,Rahul Sharma,North,Chandigarh,Clothing,Saree,2,5203.47,2431.34,0.05,10406.94,520.35,9886.59,5023.91,Debit Card,0
TXN001245,2024-05-16,CUST0403,Sunita Mishra,West,Nagpur,Sports,Cycle Helmet,1,1421.52,821.28,0.0,1421.52,0.0,1421.52,600.24,Net Banking,0
TXN001246,2024-02-19,CUST0106,Amit Kumar,Central,Varanasi,Clothing,Formal Shirt,2,1940.56,879.82,0.0,3881.12,0.0,3881.12,2121.48,Net Banking,1
TXN001247,2023-11-02,CUST0397,Harish Agarwal,West,Surat,Furniture,Bookshelf,1,6368.74,4369.33,0.05,6368.74,318.44,6050.3,1680.97,Credit Card,0
TXN001248,2024-08-27,CUST0130,Lakshmi Rao,South,Hyderabad,Furniture,Wooden Desk,2,11656.17,8704.26,0.05,23312.34,1165.62,22146.72,4738.2,UPI,0
TXN001249,2024-04-21,CUST0152,Divya Iyer,South,Kochi,Clothing,Winter Jacket,3,3886.35,2218.48,0.0,11659.05,0.0,11659.05,5003.61,Cash,0
TXN001250,2024-01-31,CUST0021,Nisha Trivedi,West,Mumbai,Sports,Dumbbells Set,1,3510.25,2201.66,0.05,3510.25,175.51,3334.74,1133.08,UPI,0
TXN001251,2023-12-06,CUST0323,Deepak Tiwari,Central,Indore,Electronics,Laptop,4,44569.86,36916.28,0.0,178279.44,0.0,178279.44,30614.32,Debit Card,0
TXN001252,2024-02-18,CUST0265,Ravi Chandra,Central,Varanasi,Groceries,Pulses 1kg,2,139.86,99.21,0.2,279.72,55.94,223.78,25.36,Cash,0
TXN001253,2024-05-14,CUST0194,Arjun Reddy,Central,Bhopal,Cosmetics,Hair Serum 100ml,2,671.11,411.24,0.2,1342.22,268.44,1073.78,251.3,UPI,0
TXN001254,2024-10-12,CUST0023,Pooja Nair,South,Chennai,Electronics,Wireless Earbuds,1,3526.54,2186.06,0.0,3526.54,0.0,3526.54,1340.48,Cash,1
TXN001255,2023-07-19,CUST0084,Swati Kapoor,South,Kochi,Clothing,Winter Jacket,1,4348.56,2134.07,0.0,4348.56,0.0,4348.56,2214.49,Cash,0
TXN001256,2024-05-09,CUST0416,Rajesh Malhotra,South,Kochi,Clothing,Saree,2,5119.09,2437.0,0.05,10238.18,511.91,9726.27,4852.27,Debit Card,0
TXN001257,2024-01-17,CUST0080,Rekha Srivastava,East,Ranchi,Sports,Badminton Racket,2,1498.39,908.91,0.1,2996.78,299.68,2697.1,879.28,Net Banking,0
TXN001258,2023-10-13,CUST0154,Lakshmi Rao,South,Chennai,Electronics,Smart TV,1,35787.83,26721.61,0.1,35787.83,3578.78,32209.05,5487.44,UPI,0
TXN001259,2024-08-28,CUST0475,Sneha Gupta,East,Kolkata,Clothing,Formal Shirt,2,1946.72,886.43,0.0,3893.44,0.0,3893.44,2120.58,Net Banking,0
TXN001260,2024-02-27,CUST0486,Nisha Trivedi,West,Nagpur,Groceries,Whole Wheat Flour 5kg,3,240.54,186.15,0.05,721.62,36.08,685.54,127.09,Cash,0
TXN001261,2023-02-28,CUST0451,Lakshmi Rao,West,Pune,Furniture,Sofa Set,2,35194.5,23723.53,0.05,70389.0,3519.45,66869.55,19422.49,UPI,0
TXN001262,2024-02-20,CUST0168,Ravi Chandra,South,Hyderabad,Clothing,Formal Shirt,1,1926.15,891.15,0.1,1926.15,192.62,1733.53,842.38,UPI,0
TXN001263,2023-04-14,CUST0078,Priya Patel,North,Chandigarh,Sports,Running Shoes,1,5476.45,3259.15,0.15,5476.45,821.47,4654.98,1395.83,Cash,0
TXN001264,2023-02-03,CUST0170,Sneha Gupta,East,Patna,Cosmetics,Hair Serum 100ml,1,673.23,391.97,0.0,673.23,0.0,673.23,281.26,Cash,1
TXN001265,2023-03-26,CUST0316,Mohit Saxena,Central,Bhopal,Clothing,Women's Kurti,4,1329.6,591.62,0.0,5318.4,0.0,5318.4,2951.92,Net Banking,0
TXN001266,2024-09-19,CUST0050,Lakshmi Rao,North,Jaipur,Sports,Dumbbells Set,1,3406.66,2236.44,0.1,3406.66,340.67,3065.99,829.55,Net Banking,0
TXN001267,2023-10-18,CUST0418,Kiran Bose,East,Bhubaneswar,Cosmetics,Foundation,3,922.67,513.56,0.15,2768.01,415.2,2352.81,812.13,UPI,0
TXN001268,2023-08-29,CUST0041,Priya Patel,East,Patna,Clothing,Women's Kurti,1,1323.93,607.32,0.0,1323.93,0.0,1323.93,716.61,Net Banking,0
TXN001269,2023-06-01,CUST0247,Meera Das,West,Pune,Clothing,Saree,3,5264.74,2511.89,0.15,15794.22,2369.13,13425.09,5889.42,UPI,0
TXN001270,2024-10-21,CUST0187,Anita Verma,Central,Gwalior,Groceries,Tea Powder 500g,4,206.11,154.75,0.0,824.44,0.0,824.44,205.44,UPI,0
TXN001271,2023-03-09,CUST0069,Mohit Saxena,East,Guwahati,Clothing,Winter Jacket,1,4269.17,2247.86,0.05,4269.17,213.46,4055.71,1807.85,Debit Card,0
TXN001272,2024-12-25,CUST0213,Amit Kumar,East,Ranchi,Cosmetics,Moisturiser 50g,3,474.61,284.76,0.0,1423.83,0.0,1423.83,569.55,UPI,0
TXN001273,2023-12-09,CUST0395,Rahul Sharma,South,Chennai,Sports,Badminton Racket,1,1469.53,882.75,0.0,1469.53,0.0,1469.53,586.78,Debit Card,0
TXN001274,2024-09-21,CUST0338,Swati Kapoor,North,Delhi,Furniture,Dining Table,2,21565.65,14683.03,0.15,43131.3,6469.7,36661.6,7295.54,Net Banking,0
TXN001275,2024-02-05,CUST0303,Asha Pandey,Central,Gwalior,Sports,Yoga Mat,1,961.97,548.51,0.15,961.97,144.3,817.67,269.16,Debit Card,0
TXN001276,2024-04-12,CUST0425,Rajesh Malhotra,East,Kolkata,Furniture,Dining Table,3,22969.24,15262.65,0.05,68907.72,3445.39,65462.33,19674.38,UPI,1
TXN001277,2024-09-15,CUST0464,Ravi Chandra,East,Ranchi,Clothing,Winter Jacket,1,4310.22,2241.81,0.15,4310.22,646.53,3663.69,1421.88,Debit Card,0
TXN001278,2023-01-05,CUST0411,Geeta Bhatt,North,Chandigarh,Furniture,Wooden Desk,3,12114.56,8464.31,0.0,36343.68,0.0,36343.68,10950.75,Debit Card,0
TXN001279,2024-07-13,CUST0110,Asha Pandey,North,Amritsar,Cosmetics,Sunscreen SPF50,2,472.27,269.95,0.1,944.54,94.45,850.09,310.19,Net Banking,0
TXN001280,2023-04-29,CUST0351,Meera Das,West,Nagpur,Cosmetics,Lipstick,1,584.97,312.9,0.0,584.97,0.0,584.97,272.07,Cash,0
TXN001281,2023-09-09,CUST0464,Meera Das,North,Delhi,Clothing,Saree,2,4968.24,2463.56,0.0,9936.48,0.0,9936.48,5009.36,Credit Card,0
TXN001282,2024-01-06,CUST0448,Sneha Gupta,East,Patna,Sports,Cycle Helmet,1,1340.96,779.29,0.0,1340.96,0.0,1340.96,561.67,Cash,1
TXN001283,2023-03-09,CUST0063,Lakshmi Rao,East,Bhubaneswar,Electronics,Smart TV,1,37634.75,27056.04,0.1,37634.75,3763.48,33871.27,6815.23,Net Banking,0
TXN001284,2023-03-27,CUST0372,Rahul Sharma,North,Lucknow,Clothing,Winter Jacket,3,4282.89,2205.98,0.0,12848.67,0.0,12848.67,6230.73,Net Banking,0
TXN001285,2023-03-30,CUST0324,Divya Iyer,South,Chennai,Groceries,Cooking Oil 1L,1,176.24,133.83,0.2,176.24,35.25,140.99,7.16,Cash,0
TXN001286,2024-02-03,CUST0248,Arun Patil,West,Mumbai,Sports,Running Shoes,1,4908.29,3140.51,0.15,4908.29,736.24,4172.05,1031.54,Net Banking,0
TXN001287,2023-03-10,CUST0097,Rahul Sharma,South,Kochi,Sports,Running Shoes,1,4898.35,3112.06,0.05,4898.35,244.92,4653.43,1541.37,Net Banking,0
TXN001288,2024-11-11,CUST0069,Mohit Saxena,East,Guwahati,Cosmetics,Face Wash 100ml,4,327.54,163.48,0.0,1310.16,0.0,1310.16,656.24,Cash,0
TXN001289,2024-07-28,CUST0017,Geeta Bhatt,Central,Indore,Furniture,Sofa Set,1,37248.32,23452.44,0.2,37248.32,7449.66,29798.66,6346.22,Debit Card,0
TXN001290,2024-07-03,CUST0357,Sanjay Yadav,East,Kolkata,Electronics,Laptop,1,49088.58,38375.8,0.0,49088.58,0.0,49088.58,10712.78,UPI,1
TXN001291,2023-10-15,CUST0168,Anita Verma,West,Mumbai,Sports,Dumbbells Set,3,3481.41,2137.0,0.0,10444.23,0.0,10444.23,4033.23,Cash,0
TXN001292,2024-06-21,CUST0455,Sneha Gupta,North,Lucknow,Electronics,Laptop,2,49328.81,38611.04,0.0,98657.62,0.0,98657.62,21435.54,Credit Card,0
TXN001293,2024-08-19,CUST0365,Asha Pandey,South,Bangalore,Groceries,Whole Wheat Flour 5kg,3,257.8,194.1,0.2,773.4,154.68,618.72,36.42,Net Banking,0
TXN001294,2024-07-13,CUST0048,Rekha Srivastava,Central,Raipur,Electronics,Smart TV,1,37199.59,26255.99,0.05,37199.59,1859.98,35339.61,9083.62,Debit Card,0
TXN001295,2023-02-23,CUST0136,Anita Verma,North,Amritsar,Electronics,Laptop,1,48214.13,37785.65,0.0,48214.13,0.0,48214.13,10428.48,Net Banking,1
TXN001296,2023-09-11,CUST0009,Lakshmi Rao,South,Chennai,Cosmetics,Hair Serum 100ml,1,737.52,390.49,0.2,737.52,147.5,590.02,199.53,Credit Card,0
TXN001297,2023-05-10,CUST0097,Lakshmi Rao,Central,Indore,Furniture,Office Chair,1,8810.28,5879.99,0.2,8810.28,1762.06,7048.22,1168.23,Net Banking,0
TXN001298,2024-03-16,CUST0211,Nisha Trivedi,West,Pune,Sports,Dumbbells Set,1,3504.74,2187.4,0.1,3504.74,350.47,3154.27,966.87,Net Banking,0
TXN001299,2023-09-13,CUST0130,Nikhil Dubey,North,Jaipur,Groceries,Tea Powder 500g,2,203.11,155.84,0.15,406.22,60.93,345.29,33.61,Credit Card,0
TXN001300,2024-10-18,CUST0375,Amit Kumar,South,Chennai,Cosmetics,Face Wash 100ml,3,294.4,157.6,0.0,883.2,0.0,883.2,410.4,UPI,0
TXN001301,2023-08-12,CUST0106,Suresh Pillai,North,Amritsar,Electronics,Router,2,2952.41,1890.12,0.0,5904.82,0.0,5904.82,2124.58,Credit Card,0
TXN001302,2024-10-25,CUST0340,Rohan Mehta,East,Patna,Furniture,Sofa Set,3,36712.48,24259.65,0.05,110137.44,5506.87,104630.57,31851.62,Credit Card,0
TXN001303,2023-12-28,CUST0456,Mohit Saxena,South,Kochi,Furniture,Bookshelf,1,6597.46,4407.82,0.2,6597.46,1319.49,5277.97,870.15,Cash,0
TXN001304,2024-06-20,CUST0008,Lakshmi Rao,West,Mumbai,Groceries,Cooking Oil 1L,2,178.65,127.48,0.2,357.3,71.46,285.84,30.88,Net Banking,0
TXN001305,2024-04-10,CUST0113,Suresh Pillai,South,Kochi,Clothing,Saree,3,5471.54,2465.45,0.05,16414.62,820.73,15593.89,8197.54,Credit Card,0
TXN001306,2023-08-29,CUST0370,Divya Iyer,West,Pune,Sports,Badminton Racket,1,1568.38,880.81,0.0,1568.38,0.0,1568.38,687.57,Net Banking,0
TXN001307,2023-04-12,CUST0130,Geeta Bhatt,Central,Raipur,Cosmetics,Foundation,3,973.37,511.93,0.0,2920.11,0.0,2920.11,1384.32,Credit Card,0
TXN001308,2024-11-15,CUST0077,Rahul Sharma,Central,Gwalior,Sports,Yoga Mat,3,938.67,565.76,0.0,2816.01,0.0,2816.01,1118.73,Debit Card,0
TXN001309,2024-07-21,CUST0412,Sanjay Yadav,East,Kolkata,Furniture,Wooden Desk,2,12697.59,8461.67,0.15,25395.18,3809.28,21585.9,4662.56,Net Banking,0
TXN001310,2024-02-16,CUST0456,Kavita Joshi,Central,Gwalior,Sports,Dumbbells Set,2,3374.48,2196.28,0.0,6748.96,0.0,6748.96,2356.4,Debit Card,0
TXN001311,2023-12-11,CUST0459,Vijay Singh,South,Mysore,Groceries,Sugar 1kg,3,52.39,40.93,0.1,157.17,15.72,141.45,18.66,Credit Card,0
TXN001312,2023-02-14,CUST0226,Nikhil Dubey,West,Nagpur,Cosmetics,Face Wash 100ml,3,288.65,164.7,0.1,865.95,86.6,779.35,285.25,Credit Card,0
TXN001313,2023-08-08,CUST0458,Rohan Mehta,North,Delhi,Groceries,Basmati Rice 5kg,2,494.41,312.66,0.05,988.82,49.44,939.38,314.06,Cash,0
TXN001314,2023-08-31,CUST0023,Lakshmi Rao,North,Lucknow,Sports,Badminton Racket,1,1591.88,923.67,0.0,1591.88,0.0,1591.88,668.21,Debit Card,0
TXN001315,2024-11-04,CUST0143,Rahul Sharma,North,Jaipur,Clothing,Winter Jacket,3,4101.19,2164.27,0.1,12303.57,1230.36,11073.21,4580.4,UPI,0
TXN001316,2024-01-01,CUST0342,Sanjay Yadav,Central,Indore,Electronics,Router,1,2700.95,1914.5,0.0,2700.95,0.0,2700.95,786.45,Credit Card,0
TXN001317,2023-06-10,CUST0069,Priya Patel,North,Chandigarh,Clothing,Women's Kurti,2,1245.99,598.18,0.1,2491.98,249.2,2242.78,1046.42,Cash,0
TXN001318,2023-07-29,CUST0194,Rahul Sharma,East,Guwahati,Clothing,Saree,2,4796.49,2560.17,0.05,9592.98,479.65,9113.33,3992.99,Credit Card,0
TXN001319,2024-06-29,CUST0086,Sanjay Yadav,West,Mumbai,Electronics,Smartphone,2,21257.85,16723.84,0.2,42515.7,8503.14,34012.56,564.88,Net Banking,0
TXN001320,2024-11-24,CUST0339,Ravi Chandra,Central,Gwalior,Groceries,Sugar 1kg,3,53.55,43.25,0.1,160.65,16.07,144.58,14.83,Credit Card,1
TXN001321,2024-03-11,CUST0208,Pooja Nair,West,Ahmedabad,Groceries,Whole Wheat Flour 5kg,1,267.44,193.83,0.0,267.44,0.0,267.44,73.61,UPI,0
TXN001322,2024-04-21,CUST0274,Swati Kapoor,Central,Bhopal,Cosmetics,Moisturiser 50g,1,541.48,275.46,0.15,541.48,81.22,460.26,184.8,Cash,0
TXN001323,2024-02-09,CUST0261,Swati Kapoor,Central,Indore,Electronics,Wireless Earbuds,2,3744.45,2165.74,0.0,7488.9,0.0,7488.9,3157.42,Net Banking,0
TXN001324,2023-03-17,CUST0282,Vijay Singh,Central,Bhopal,Groceries,Pulses 1kg,3,144.29,98.56,0.0,432.87,0.0,432.87,137.19,Credit Card,0
TXN001325,2024-05-17,CUST0325,Asha Pandey,South,Chennai,Clothing,Saree,1,5217.59,2435.72,0.15,5217.59,782.64,4434.95,1999.23,Cash,0
TXN001326,2023-11-26,CUST0341,Nikhil Dubey,East,Patna,Electronics,Laptop,1,47916.99,38638.51,0.2,47916.99,9583.4,38333.59,-304.92,Cash,0
TXN001327,2023-02-01,CUST0332,Divya Iyer,South,Mysore,Electronics,Laptop,1,48186.27,37860.87,0.1,48186.27,4818.63,43367.64,5506.77,Cash,0
TXN001328,2024-09-11,CUST0331,Pooja Nair,South,Hyderabad,Groceries,Sugar 1kg,1,57.8,42.74,0.1,57.8,5.78,52.02,9.28,Debit Card,0
TXN001329,2023-03-29,CUST0090,Mohit Saxena,South,Mysore,Cosmetics,Hair Serum 100ml,1,718.8,406.43,0.0,718.8,0.0,718.8,312.37,Debit Card,0
TXN001330,2023-02-13,CUST0002,Rekha Srivastava,West,Mumbai,Sports,Running Shoes,1,5099.46,3112.48,0.0,5099.46,0.0,5099.46,1986.98,Debit Card,0
TXN001331,2024-01-22,CUST0212,Vijay Singh,East,Kolkata,Groceries,Tea Powder 500g,1,212.26,155.59,0.0,212.26,0.0,212.26,56.67,Debit Card,0
TXN001332,2023-11-26,CUST0283,Nikhil Dubey,North,Lucknow,Groceries,Cooking Oil 1L,2,192.2,129.03,0.0,384.4,0.0,384.4,126.34,Cash,0
TXN001333,2023-02-24,CUST0399,Harish Agarwal,South,Kochi,Sports,Badminton Racket,1,1600.9,873.92,0.1,1600.9,160.09,1440.81,566.89,Net Banking,0
TXN001334,2023-03-08,CUST0469,Deepak Tiwari,North,Delhi,Furniture,Bookshelf,1,6989.03,4398.55,0.1,6989.03,698.9,6290.13,1891.58,Cash,0
TXN001335,2023-09-22,CUST0271,Harish Agarwal,South,Mysore,Furniture,Sofa Set,3,34267.75,24314.18,0.0,102803.25,0.0,102803.25,29860.71,Cash,0
TXN001336,2023-09-06,CUST0268,Ravi Chandra,North,Chandigarh,Cosmetics,Foundation,1,937.53,513.61,0.0,937.53,0.0,937.53,423.92,Debit Card,0
TXN001337,2023-06-12,CUST0129,Amit Kumar,West,Pune,Groceries,Tea Powder 500g,1,206.24,153.23,0.2,206.24,41.25,164.99,11.76,UPI,0
TXN001338,2024-02-04,CUST0096,Kiran Bose,West,Pune,Groceries,Whole Wheat Flour 5kg,1,265.91,194.18,0.0,265.91,0.0,265.91,71.73,Credit Card,0
TXN001339,2024-01-13,CUST0442,Pooja Nair,South,Hyderabad,Clothing,Saree,1,5031.95,2486.68,0.0,5031.95,0.0,5031.95,2545.27,Net Banking,0
TXN001340,2024-06-27,CUST0266,Anita Verma,North,Chandigarh,Cosmetics,Face Wash 100ml,2,300.57,160.54,0.1,601.14,60.11,541.03,219.95,Debit Card,0
TXN001341,2023-05-18,CUST0107,Arun Patil,North,Lucknow,Electronics,Tablet,2,19403.01,12796.28,0.0,38806.02,0.0,38806.02,13213.46,Debit Card,0
TXN001342,2024-06-22,CUST0047,Sneha Gupta,East,Kolkata,Furniture,Wardrobe,1,17699.07,11741.82,0.0,17699.07,0.0,17699.07,5957.25,Net Banking,0
TXN001343,2024-04-22,CUST0111,Vijay Singh,North,Amritsar,Electronics,Wireless Earbuds,3,3372.99,2223.6,0.05,10118.97,505.95,9613.02,2942.22,UPI,0
TXN001344,2023-08-20,CUST0390,Deepak Tiwari,West,Mumbai,Cosmetics,Face Wash 100ml,1,326.94,164.01,0.1,326.94,32.69,294.25,130.24,UPI,0
TXN001345,2023-12-02,CUST0107,Mohit Saxena,North,Jaipur,Sports,Running Shoes,3,5142.33,3105.61,0.0,15426.99,0.0,15426.99,6110.16,Cash,1
TXN001346,2023-01-31,CUST0126,Nikhil Dubey,East,Guwahati,Electronics,Wireless Earbuds,1,3392.15,2212.83,0.0,3392.15,0.0,3392.15,1179.32,UPI,0
TXN001347,2024-10-14,CUST0110,Kiran Bose,East,Patna,Sports,Cricket Bat,6,3261.41,1841.29,0.15,19568.46,2935.27,16633.19,5585.45,Debit Card,0
TXN001348,2023-12-21,CUST0328,Arun Patil,North,Delhi,Groceries,Pulses 1kg,1,134.49,97.74,0.1,134.49,13.45,121.04,23.3,Net Banking,0
TXN001349,2024-07-06,CUST0088,Mohit Saxena,South,Kochi,Sports,Running Shoes,1,4853.5,3295.41,0.0,4853.5,0.0,4853.5,1558.09,Credit Card,1
TXN001350,2024-09-13,CUST0048,Sanjay Yadav,South,Bangalore,Clothing,Winter Jacket,2,3964.02,2178.58,0.0,7928.04,0.0,7928.04,3570.88,Cash,0
TXN001351,2023-10-29,CUST0480,Kiran Bose,Central,Varanasi,Cosmetics,Face Wash 100ml,3,318.94,158.44,0.05,956.82,47.84,908.98,433.66,UPI,0
TXN001352,2023-02-17,CUST0484,Rohan Mehta,North,Delhi,Cosmetics,Moisturiser 50g,1,505.97,285.82,0.0,505.97,0.0,505.97,220.15,Cash,0
TXN001353,2023-07-28,CUST0052,Anita Verma,West,Nagpur,Electronics,Laptop,1,43240.59,39003.91,0.0,43240.59,0.0,43240.59,4236.68,Credit Card,0
TXN001354,2023-12-15,CUST0434,Lakshmi Rao,West,Nagpur,Sports,Yoga Mat,4,912.88,537.09,0.15,3651.52,547.73,3103.79,955.43,UPI,0
TXN001355,2024-10-21,CUST0003,Geeta Bhatt,Central,Indore,Sports,Dumbbells Set,2,3384.84,2174.13,0.1,6769.68,676.97,6092.71,1744.45,Net Banking,1
TXN001356,2023-07-18,CUST0024,Rohan Mehta,South,Kochi,Cosmetics,Hair Serum 100ml,4,741.29,400.69,0.05,2965.16,148.26,2816.9,1214.14,Credit Card,0
TXN001357,2024-09-21,CUST0290,Ravi Chandra,North,Delhi,Cosmetics,Lipstick,1,623.47,301.58,0.0,623.47,0.0,623.47,321.89,Cash,0
TXN001358,2023-10-20,CUST0362,Ravi Chandra,North,Jaipur,Groceries,Pulses 1kg,3,149.95,99.42,0.1,449.85,44.99,404.86,106.6,Net Banking,1
TXN001359,2024-03-06,CUST0348,Arun Patil,Central,Varanasi,Cosmetics,Lipstick,3,637.29,314.58,0.15,1911.87,286.78,1625.09,681.35,UPI,0
TXN001360,2024-06-18,CUST0170,Ravi Chandra,Central,Raipur,Sports,Running Shoes,1,5226.54,3213.2,0.0,5226.54,0.0,5226.54,2013.34,Cash,0
TXN001361,2024-05-27,CUST0151,Arun Patil,Central,Gwalior,Clothing,Women's Kurti,3,1397.57,611.05,0.0,4192.71,0.0,4192.71,2359.56,Credit Card,0
TXN001362,2024-03-16,CUST0080,Kiran Bose,Central,Bhopal,Furniture,Dining Table,1,23208.94,15441.02,0.05,23208.94,1160.45,22048.49,6607.47,Cash,0
TXN001363,2024-03-03,CUST0113,Arjun Reddy,North,Jaipur,Clothing,Saree,2,5494.92,2459.22,0.1,10989.84,1098.98,9890.86,4972.42,Net Banking,0
TXN001364,2024-10-27,CUST0424,Rahul Sharma,Central,Indore,Cosmetics,Hair Serum 100ml,4,743.42,408.06,0.0,2973.68,0.0,2973.68,1341.44,Debit Card,1
TXN001365,2024-11-10,CUST0391,Divya Iyer,South,Mysore,Sports,Running Shoes,1,5385.65,3132.27,0.1,5385.65,538.56,4847.09,1714.82,Net Banking,0
TXN001366,2024-03-20,CUST0473,Mohit Saxena,North,Amritsar,Furniture,Dining Table,3,22148.38,14916.23,0.0,66445.14,0.0,66445.14,21696.45,Credit Card,0
TXN001367,2024-05-08,CUST0099,Arun Patil,North,Chandigarh,Clothing,Formal Shirt,2,1958.34,879.49,0.2,3916.68,783.34,3133.34,1374.36,Debit Card,0
TXN001368,2023-06-02,CUST0492,Anita Verma,East,Ranchi,Groceries,Tea Powder 500g,2,227.82,158.3,0.2,455.64,91.13,364.51,47.91,UPI,0
TXN001369,2023-01-02,CUST0199,Deepak Tiwari,Central,Varanasi,Sports,Running Shoes,1,5497.73,3126.42,0.2,5497.73,1099.55,4398.18,1271.76,Credit Card,0
TXN001370,2024-11-15,CUST0314,Harish Agarwal,Central,Raipur,Electronics,Laptop,2,49131.07,37715.44,0.0,98262.14,0.0,98262.14,22831.26,Debit Card,0
TXN001371,2024-10-06,CUST0329,Meera Das,East,Kolkata,Furniture,Sofa Set,3,35989.49,24535.45,0.05,107968.47,5398.42,102570.05,28963.7,Credit Card,0
TXN001372,2024-01-13,CUST0084,Priya Patel,East,Patna,Electronics,Smart TV,1,35563.41,27160.11,0.05,35563.41,1778.17,33785.24,6625.13,UPI,0
TXN001373,2024-02-17,CUST0321,Mohit Saxena,West,Pune,Sports,Yoga Mat,1,866.47,562.29,0.15,866.47,129.97,736.5,174.21,UPI,1
TXN001374,2023-02-18,CUST0274,Sanjay Yadav,Central,Gwalior,Electronics,Tablet,2,17161.38,13340.53,0.15,34322.76,5148.41,29174.35,2493.29,Cash,1
TXN001375,2023-07-23,CUST0056,Suresh Pillai,South,Bangalore,Clothing,Denim Jeans,1,2450.0,1229.94,0.05,2450.0,122.5,2327.5,1097.56,Net Banking,1
TXN001376,2024-04-20,CUST0385,Meera Das,South,Bangalore,Electronics,Wireless Earbuds,4,3410.78,2184.14,0.0,13643.12,0.0,13643.12,4906.56,Credit Card,0
TXN001377,2024-11-16,CUST0280,Pooja Nair,West,Surat,Sports,Badminton Racket,4,1466.86,897.16,0.15,5867.44,880.12,4987.32,1398.68,Debit Card,0
TXN001378,2023-02-20,CUST0023,Mohit Saxena,South,Mysore,Groceries,Basmati Rice 5kg,1,437.01,308.06,0.1,437.01,43.7,393.31,85.25,Cash,0
TXN001379,2023-10-19,CUST0464,Suresh Pillai,South,Kochi,Clothing,Saree,3,5101.78,2441.24,0.0,15305.34,0.0,15305.34,7981.62,UPI,0
TXN001380,2023-06-24,CUST0302,Asha Pandey,North,Delhi,Clothing,Saree,2,4818.24,2498.74,0.2,9636.48,1927.3,7709.18,2711.7,Credit Card,0
TXN001381,2023-07-18,CUST0120,Arun Patil,West,Pune,Sports,Badminton Racket,1,1600.42,910.09,0.05,1600.42,80.02,1520.4,610.31,UPI,0
TXN001382,2023-08-26,CUST0210,Rahul Sharma,Central,Indore,Electronics,Wireless Earbuds,4,3418.04,2223.96,0.0,13672.16,0.0,13672.16,4776.32,Debit Card,0
TXN001383,2024-04-05,CUST0233,Lakshmi Rao,North,Jaipur,Cosmetics,Hair Serum 100ml,1,706.28,410.25,0.0,706.28,0.0,706.28,296.03,Cash,0
TXN001384,2024-05-23,CUST0074,Amit Kumar,West,Nagpur,Clothing,Men's T-Shirt,1,802.81,339.55,0.1,802.81,80.28,722.53,382.98,Credit Card,0
TXN001385,2024-10-06,CUST0480,Sneha Gupta,South,Bangalore,Furniture,Wardrobe,3,19198.67,12028.13,0.05,57596.01,2879.8,54716.21,18631.82,Debit Card,0
TXN001386,2023-06-03,CUST0387,Sunita Mishra,Central,Indore,Electronics,Wireless Earbuds,1,3397.84,2208.96,0.05,3397.84,169.89,3227.95,1018.99,Cash,0
TXN001387,2024-07-01,CUST0065,Rajesh Malhotra,East,Bhubaneswar,Furniture,Dining Table,1,22704.2,14564.55,0.0,22704.2,0.0,22704.2,8139.65,Cash,0
TXN001388,2023-02-04,CUST0497,Pooja Nair,South,Mysore,Furniture,Wardrobe,1,18715.2,12137.81,0.1,18715.2,1871.52,16843.68,4705.87,Credit Card,0
TXN001389,2024-09-12,CUST0235,Geeta Bhatt,Central,Gwalior,Sports,Cycle Helmet,2,1301.62,806.05,0.1,2603.24,260.32,2342.92,730.82,Cash,0
TXN001390,2024-03-27,CUST0394,Rekha Srivastava,South,Chennai,Sports,Running Shoes,2,5084.67,3195.7,0.1,10169.34,1016.93,9152.41,2761.01,Credit Card,0
TXN001391,2024-09-22,CUST0197,Asha Pandey,West,Mumbai,Sports,Cricket Bat,1,3056.61,1811.93,0.05,3056.61,152.83,2903.78,1091.85,Credit Card,0
TXN001392,2024-08-11,CUST0296,Rohan Mehta,Central,Varanasi,Cosmetics,Moisturiser 50g,1,536.7,273.78,0.1,536.7,53.67,483.03,209.25,UPI,1
TXN001393,2023-02-09,CUST0027,Nikhil Dubey,Central,Raipur,Cosmetics,Hair Serum 100ml,2,735.59,407.02,0.0,1471.18,0.0,1471.18,657.14,Debit Card,0
TXN001394,2024-11-10,CUST0020,Rahul Sharma,East,Guwahati,Furniture,Wardrobe,3,18772.76,12133.64,0.1,56318.28,5631.83,50686.45,14285.53,Cash,0
TXN001395,2024-07-08,CUST0181,Mohit Saxena,East,Patna,Groceries,Whole Wheat Flour 5kg,2,254.78,188.79,0.0,509.56,0.0,509.56,131.98,Net Banking,0
TXN001396,2024-10-15,CUST0444,Kavita Joshi,South,Mysore,Cosmetics,Hair Serum 100ml,4,752.83,406.95,0.2,3011.32,602.26,2409.06,781.26,Credit Card,0
TXN001397,2024-08-09,CUST0370,Nisha Trivedi,East,Guwahati,Clothing,Denim Jeans,3,2496.96,1202.38,0.0,7490.88,0.0,7490.88,3883.74,UPI,0
TXN001398,2023-12-18,CUST0272,Sunita Mishra,Central,Indore,Furniture,Dining Table,3,21631.45,15175.14,0.0,64894.35,0.0,64894.35,19368.93,Debit Card,0
TXN001399,2024-05-31,CUST0287,Arjun Reddy,West,Ahmedabad,Groceries,Basmati Rice 5kg,3,445.24,307.88,0.2,1335.72,267.14,1068.58,144.94,Cash,0
TXN001400,2024-05-14,CUST0450,Rekha Srivastava,East,Patna,Clothing,Men's T-Shirt,2,782.32,352.69,0.0,1564.64,0.0,1564.64,859.26,Net Banking,0
TXN001401,2023-03-18,CUST0138,Geeta Bhatt,North,Jaipur,Sports,Running Shoes,2,5373.69,3168.05,0.0,10747.38,0.0,10747.38,4411.28,Cash,0
TXN001402,2024-01-08,CUST0104,Sneha Gupta,East,Kolkata,Groceries,Whole Wheat Flour 5kg,1,254.51,188.03,0.0,254.51,0.0,254.51,66.48,Credit Card,0
TXN001403,2024-01-10,CUST0163,Priya Patel,South,Kochi,Furniture,Wardrobe,2,17743.0,11946.9,0.2,35486.0,7097.2,28388.8,4495.0,Cash,1
TXN001404,2023-09-30,CUST0197,Sunita Mishra,South,Bangalore,Groceries,Basmati Rice 5kg,1,429.88,307.28,0.05,429.88,21.49,408.39,101.11,Net Banking,1
TXN001405,2023-05-05,CUST0067,Kavita Joshi,Central,Varanasi,Sports,Cricket Bat,1,3189.93,1746.73,0.0,3189.93,0.0,3189.93,1443.2,Net Banking,0
TXN001406,2023-12-23,CUST0396,Ravi Chandra,South,Hyderabad,Sports,Running Shoes,1,5061.05,3287.46,0.2,5061.05,1012.21,4048.84,761.38,Net Banking,0
TXN001407,2024-04-05,CUST0144,Asha Pandey,East,Patna,Clothing,Women's Kurti,1,1299.77,608.67,0.15,1299.77,194.97,1104.8,496.13,Debit Card,0
TXN001408,2024-03-08,CUST0467,Sneha Gupta,East,Ranchi,Groceries,Cooking Oil 1L,2,184.55,128.48,0.1,369.1,36.91,332.19,75.23,Cash,0
TXN001409,2024-03-14,CUST0450,Kavita Joshi,North,Chandigarh,Electronics,Laptop,4,45264.4,37383.43,0.15,181057.6,27158.64,153898.96,4365.24,Cash,1
TXN001410,2023-05-15,CUST0018,Deepak Tiwari,North,Lucknow,Groceries,Basmati Rice 5kg,3,441.56,306.73,0.05,1324.68,66.23,1258.45,338.26,Credit Card,0
TXN001411,2024-03-11,CUST0367,Lakshmi Rao,South,Bangalore,Groceries,Whole Wheat Flour 5kg,1,260.63,188.7,0.1,260.63,26.06,234.57,45.87,Credit Card,0
TXN001412,2024-12-07,CUST0330,Meera Das,South,Kochi,Furniture,Wardrobe,5,19229.83,12157.94,0.0,96149.15,0.0,96149.15,35359.45,Credit Card,0
TXN001413,2023-05-13,CUST0363,Asha Pandey,Central,Indore,Groceries,Whole Wheat Flour 5kg,3,257.22,193.48,0.0,771.66,0.0,771.66,191.22,Cash,0
TXN001414,2023-07-14,CUST0157,Sunita Mishra,South,Chennai,Sports,Yoga Mat,5,972.54,554.79,0.15,4862.7,729.4,4133.3,1359.35,Cash,0
TXN001415,2023-01-09,CUST0085,Arun Patil,Central,Indore,Furniture,Bookshelf,1,6713.93,4458.15,0.1,6713.93,671.39,6042.54,1584.39,UPI,0
TXN001416,2024-12-24,CUST0499,Divya Iyer,West,Pune,Clothing,Denim Jeans,2,2554.01,1187.1,0.15,5108.02,766.2,4341.82,1967.62,Net Banking,0
TXN001417,2024-05-10,CUST0233,Kiran Bose,South,Mysore,Electronics,Tablet,2,19305.0,13276.81,0.15,38610.0,5791.5,32818.5,6264.88,Net Banking,0
TXN001418,2023-04-15,CUST0033,Suresh Pillai,Central,Indore,Cosmetics,Foundation,2,983.55,524.54,0.0,1967.1,0.0,1967.1,918.02,Credit Card,0
TXN001419,2023-08-11,CUST0380,Meera Das,Central,Indore,Electronics,Tablet,2,19679.02,13319.52,0.0,39358.04,0.0,39358.04,12719.0,Credit Card,1
TXN001420,2024-03-13,CUST0460,Anita Verma,Central,Bhopal,Cosmetics,Lipstick,2,590.28,310.94,0.0,1180.56,0.0,1180.56,558.68,Debit Card,0
TXN001421,2024-12-20,CUST0238,Pallavi Shah,Central,Gwalior,Clothing,Denim Jeans,2,2530.69,1199.22,0.15,5061.38,759.21,4302.17,1903.73,UPI,0
TXN001422,2024-02-07,CUST0256,Sunita Mishra,North,Amritsar,Groceries,Whole Wheat Flour 5kg,1,269.95,190.88,0.2,269.95,53.99,215.96,25.08,Cash,0
TXN001423,2024-04-02,CUST0462,Sunita Mishra,Central,Varanasi,Electronics,Smartphone,1,21434.9,16827.73,0.15,21434.9,3215.24,18219.66,1391.93,UPI,0
TXN001424,2024-05-24,CUST0125,Vijay Singh,South,Kochi,Cosmetics,Lipstick,2,581.47,318.39,0.1,1162.94,116.29,1046.65,409.87,Credit Card,0
TXN001425,2024-11-22,CUST0453,Priya Patel,North,Chandigarh,Groceries,Sugar 1kg,2,52.7,41.21,0.0,105.4,0.0,105.4,22.98,Debit Card,0
TXN001426,2024-05-15,CUST0108,Nikhil Dubey,West,Nagpur,Sports,Badminton Racket,1,1618.24,896.67,0.15,1618.24,242.74,1375.5,478.83,Debit Card,0
TXN001427,2024-01-01,CUST0042,Mohit Saxena,Central,Varanasi,Electronics,Laptop,1,44789.2,38963.4,0.15,44789.2,6718.38,38070.82,-892.58,Net Banking,0
TXN001428,2024-08-10,CUST0461,Nisha Trivedi,West,Mumbai,Groceries,Cooking Oil 1L,2,196.76,132.9,0.1,393.52,39.35,354.17,88.37,Cash,0
TXN001429,2023-06-02,CUST0377,Deepak Tiwari,South,Mysore,Cosmetics,Lipstick,1,586.92,305.86,0.2,586.92,117.38,469.54,163.68,Credit Card,0
TXN001430,2023-07-21,CUST0312,Sneha Gupta,Central,Varanasi,Furniture,Office Chair,1,8343.28,5832.53,0.0,8343.28,0.0,8343.28,2510.75,Credit Card,0
TXN001431,2024-10-10,CUST0386,Rekha Srivastava,South,Bangalore,Clothing,Women's Kurti,4,1370.52,598.57,0.05,5482.08,274.1,5207.98,2813.7,Credit Card,0
TXN001432,2024-09-12,CUST0022,Sneha Gupta,North,Delhi,Electronics,Smart TV,3,35364.16,26399.79,0.0,106092.48,0.0,106092.48,26893.11,Net Banking,0
TXN001433,2024-04-02,CUST0099,Meera Das,East,Ranchi,Furniture,Wooden Desk,2,12713.43,8263.88,0.1,25426.86,2542.69,22884.17,6356.41,UPI,0
TXN001434,2024-07-03,CUST0077,Arun Patil,South,Kochi,Cosmetics,Sunscreen SPF50,3,482.26,274.48,0.0,1446.78,0.0,1446.78,623.34,Debit Card,0
TXN001435,2023-04-03,CUST0077,Sunita Mishra,Central,Varanasi,Cosmetics,Hair Serum 100ml,3,664.97,403.96,0.0,1994.91,0.0,1994.91,783.03,Debit Card,0
TXN001436,2023-01-18,CUST0430,Geeta Bhatt,Central,Indore,Cosmetics,Lipstick,2,658.41,307.21,0.05,1316.82,65.84,1250.98,636.56,Cash,0
TXN001437,2024-11-01,CUST0118,Suresh Pillai,South,Mysore,Sports,Dumbbells Set,3,3584.67,2136.26,0.0,10754.01,0.0,10754.01,4345.23,Cash,0
TXN001438,2023-07-15,CUST0109,Swati Kapoor,East,Ranchi,Groceries,Pulses 1kg,3,140.7,98.84,0.0,422.1,0.0,422.1,125.58,Cash,0
TXN001439,2023-03-18,CUST0286,Lakshmi Rao,South,Bangalore,Clothing,Winter Jacket,3,4016.09,2155.38,0.0,12048.27,0.0,12048.27,5582.13,Debit Card,0
TXN001440,2024-09-05,CUST0067,Vijay Singh,West,Mumbai,Furniture,Sofa Set,1,37775.31,23312.23,0.0,37775.31,0.0,37775.31,14463.08,Debit Card,0
TXN001441,2023-04-20,CUST0031,Sneha Gupta,East,Bhubaneswar,Cosmetics,Sunscreen SPF50,1,475.45,266.52,0.0,475.45,0.0,475.45,208.93,Cash,0
TXN001442,2024-02-20,CUST0190,Suresh Pillai,Central,Varanasi,Groceries,Sugar 1kg,1,59.62,41.52,0.0,59.62,0.0,59.62,18.1,Net Banking,0
TXN001443,2023-12-23,CUST0002,Sneha Gupta,West,Pune,Clothing,Denim Jeans,2,2687.71,1182.08,0.05,5375.42,268.77,5106.65,2742.49,Cash,0
TXN001444,2023-05-02,CUST0212,Asha Pandey,Central,Bhopal,Electronics,Smartphone,2,20987.93,17419.7,0.2,41975.86,8395.17,33580.69,-1258.71,Credit Card,0
TXN001445,2024-02-13,CUST0188,Suresh Pillai,North,Jaipur,Clothing,Winter Jacket,1,4109.08,2241.23,0.15,4109.08,616.36,3492.72,1251.49,Cash,0
TXN001446,2023-02-01,CUST0210,Suresh Pillai,North,Lucknow,Cosmetics,Face Wash 100ml,1,304.84,157.08,0.0,304.84,0.0,304.84,147.76,Cash,0
TXN001447,2024-04-18,CUST0206,Anita Verma,East,Kolkata,Electronics,Tablet,1,17843.98,12844.18,0.2,17843.98,3568.8,14275.18,1431.0,Cash,0
TXN001448,2023-01-26,CUST0219,Nikhil Dubey,West,Pune,Groceries,Pulses 1kg,2,151.05,101.06,0.05,302.1,15.11,286.99,84.87,UPI,0
TXN001449,2024-05-23,CUST0081,Mohit Saxena,North,Amritsar,Electronics,Tablet,2,19454.85,12766.29,0.05,38909.7,1945.48,36964.22,11431.64,UPI,1
TXN001450,2024-03-23,CUST0071,Nikhil Dubey,West,Pune,Electronics,Tablet,3,18679.9,13019.2,0.2,56039.7,11207.94,44831.76,5774.16,UPI,0
TXN001451,2023-02-28,CUST0060,Priya Patel,West,Surat,Furniture,Office Chair,1,8826.38,5888.77,0.2,8826.38,1765.28,7061.1,1172.33,UPI,0
TXN001452,2024-11-13,CUST0394,Asha Pandey,East,Kolkata,Electronics,Router,4,2935.14,1909.75,0.1,11740.56,1174.06,10566.5,2927.5,Cash,0
TXN001453,2024-07-30,CUST0131,Sunita Mishra,East,Ranchi,Electronics,Tablet,2,17277.6,13221.88,0.0,34555.2,0.0,34555.2,8111.44,Net Banking,0
TXN001454,2024-08-26,CUST0332,Amit Kumar,Central,Varanasi,Furniture,Dining Table,5,22646.32,14993.54,0.0,113231.6,0.0,113231.6,38263.9,Credit Card,0
TXN001455,2024-03-25,CUST0111,Lakshmi Rao,West,Surat,Sports,Badminton Racket,2,1628.23,924.59,0.0,3256.46,0.0,3256.46,1407.28,Debit Card,1
TXN001456,2024-05-11,CUST0378,Nikhil Dubey,East,Bhubaneswar,Clothing,Women's Kurti,1,1382.56,597.73,0.0,1382.56,0.0,1382.56,784.83,Net Banking,0
TXN001457,2024-09-01,CUST0435,Rekha Srivastava,Central,Bhopal,Sports,Running Shoes,2,5365.84,3154.71,0.05,10731.68,536.58,10195.1,3885.68,Credit Card,0
TXN001458,2024-04-23,CUST0339,Rekha Srivastava,West,Nagpur,Clothing,Men's T-Shirt,1,769.72,340.65,0.0,769.72,0.0,769.72,429.07,Cash,0
TXN001459,2024-11-07,CUST0454,Arun Patil,North,Amritsar,Electronics,Smartphone,1,22930.19,17013.21,0.1,22930.19,2293.02,20637.17,3623.96,Net Banking,0
TXN001460,2023-05-31,CUST0494,Pooja Nair,North,Jaipur,Electronics,Router,4,3011.24,1900.42,0.1,12044.96,1204.5,10840.46,3238.78,Net Banking,0
TXN001461,2023-03-14,CUST0268,Deepak Tiwari,West,Ahmedabad,Groceries,Pulses 1kg,3,142.48,102.28,0.0,427.44,0.0,427.44,120.6,Credit Card,0
TXN001462,2024-03-26,CUST0277,Priya Patel,East,Guwahati,Electronics,Wireless Earbuds,3,3415.6,2241.17,0.0,10246.8,0.0,10246.8,3523.29,UPI,0
TXN001463,2024-04-29,CUST0479,Anita Verma,South,Chennai,Furniture,Dining Table,4,21201.96,15133.16,0.0,84807.84,0.0,84807.84,24275.2,Net Banking,0
TXN001464,2024-11-21,CUST0238,Pallavi Shah,East,Bhubaneswar,Sports,Cycle Helmet,4,1316.56,819.38,0.0,5266.24,0.0,5266.24,1988.72,UPI,0
TXN001465,2024-11-17,CUST0405,Ravi Chandra,West,Mumbai,Groceries,Basmati Rice 5kg,2,435.46,317.53,0.0,870.92,0.0,870.92,235.86,UPI,0
TXN001466,2024-03-13,CUST0284,Asha Pandey,Central,Indore,Clothing,Winter Jacket,1,3969.48,2251.98,0.15,3969.48,595.42,3374.06,1122.08,Credit Card,0
TXN001467,2024-01-22,CUST0360,Harish Agarwal,West,Nagpur,Cosmetics,Sunscreen SPF50,1,470.7,276.23,0.05,470.7,23.54,447.16,170.93,Debit Card,0
TXN001468,2024-01-21,CUST0078,Amit Kumar,South,Hyderabad,Sports,Running Shoes,1,4768.26,3190.99,0.0,4768.26,0.0,4768.26,1577.27,UPI,0
TXN001469,2024-07-28,CUST0065,Rahul Sharma,West,Pune,Clothing,Denim Jeans,1,2610.32,1183.82,0.1,2610.32,261.03,2349.29,1165.47,Net Banking,1
TXN001470,2023-08-16,CUST0071,Sanjay Yadav,West,Nagpur,Cosmetics,Hair Serum 100ml,1,687.95,388.99,0.05,687.95,34.4,653.55,264.56,UPI,0
TXN001471,2024-06-23,CUST0058,Ravi Chandra,Central,Bhopal,Furniture,Office Chair,1,8457.37,5700.63,0.2,8457.37,1691.47,6765.9,1065.27,Credit Card,0
TXN001472,2024-09-06,CUST0209,Rajesh Malhotra,South,Chennai,Cosmetics,Foundation,1,868.61,511.06,0.15,868.61,130.29,738.32,227.26,Cash,0
TXN001473,2023-09-12,CUST0185,Nisha Trivedi,East,Patna,Sports,Badminton Racket,2,1610.69,874.18,0.0,3221.38,0.0,3221.38,1473.02,Debit Card,0
TXN001474,2024-05-22,CUST0357,Pooja Nair,North,Amritsar,Electronics,Smart TV,2,34918.89,26241.14,0.0,69837.78,0.0,69837.78,17355.5,Debit Card,0
TXN001475,2024-08-03,CUST0133,Sunita Mishra,North,Jaipur,Cosmetics,Foundation,3,862.86,520.49,0.15,2588.58,388.29,2200.29,638.82,Net Banking,0
TXN001476,2024-07-13,CUST0075,Sneha Gupta,Central,Gwalior,Cosmetics,Face Wash 100ml,1,322.9,159.63,0.1,322.9,32.29,290.61,130.98,Debit Card,0
TXN001477,2023-10-05,CUST0316,Rekha Srivastava,North,Chandigarh,Groceries,Pulses 1kg,3,140.91,98.59,0.05,422.73,21.14,401.59,105.82,Net Banking,0
TXN001478,2023-09-12,CUST0196,Ravi Chandra,Central,Varanasi,Cosmetics,Hair Serum 100ml,3,721.67,395.48,0.1,2165.01,216.5,1948.51,762.07,Debit Card,0
TXN001479,2023-04-03,CUST0030,Swati Kapoor,Central,Raipur,Groceries,Tea Powder 500g,2,203.75,155.92,0.0,407.5,0.0,407.5,95.66,UPI,1
TXN001480,2023-09-10,CUST0373,Priya Patel,West,Mumbai,Groceries,Basmati Rice 5kg,2,432.25,302.16,0.15,864.5,129.67,734.83,130.51,Credit Card,0
TXN001481,2024-07-04,CUST0297,Sanjay Yadav,Central,Varanasi,Clothing,Winter Jacket,1,4224.56,2150.6,0.1,4224.56,422.46,3802.1,1651.5,Debit Card,0
TXN001482,2023-02-27,CUST0070,Pooja Nair,North,Delhi,Electronics,Wireless Earbuds,2,3669.43,2209.56,0.2,7338.86,1467.77,5871.09,1451.97,Net Banking,1
TXN001483,2023-09-14,CUST0221,Lakshmi Rao,East,Guwahati,Furniture,Wardrobe,3,19099.51,12040.86,0.05,57298.53,2864.93,54433.6,18311.02,UPI,0
TXN001484,2024-03-22,CUST0175,Asha Pandey,North,Lucknow,Groceries,Sugar 1kg,1,59.39,41.97,0.05,59.39,2.97,56.42,14.45,Cash,0
TXN001485,2023-11-12,CUST0208,Rajesh Malhotra,South,Chennai,Sports,Badminton Racket,4,1616.75,892.95,0.2,6467.0,1293.4,5173.6,1601.8,UPI,0
TXN001486,2024-10-10,CUST0310,Sunita Mishra,West,Ahmedabad,Cosmetics,Lipstick,2,573.92,308.07,0.0,1147.84,0.0,1147.84,531.7,Debit Card,0
TXN001487,2023-02-24,CUST0494,Rajesh Malhotra,West,Pune,Clothing,Men's T-Shirt,1,874.5,356.26,0.05,874.5,43.73,830.77,474.51,UPI,0
TXN001488,2024-04-30,CUST0144,Nikhil Dubey,South,Hyderabad,Sports,Cricket Bat,3,3024.56,1757.19,0.0,9073.68,0.0,9073.68,3802.11,Cash,0
TXN001489,2024-05-30,CUST0056,Lakshmi Rao,East,Ranchi,Sports,Cycle Helmet,2,1382.23,823.01,0.0,2764.46,0.0,2764.46,1118.44,Net Banking,0
TXN001490,2024-02-10,CUST0452,Divya Iyer,West,Nagpur,Clothing,Women's Kurti,1,1404.47,588.22,0.1,1404.47,140.45,1264.02,675.8,UPI,1
TXN001491,2023-01-14,CUST0076,Pallavi Shah,East,Guwahati,Clothing,Saree,1,4872.11,2546.8,0.0,4872.11,0.0,4872.11,2325.31,Cash,0
TXN001492,2023-02-24,CUST0302,Pallavi Shah,East,Bhubaneswar,Cosmetics,Foundation,1,900.19,517.82,0.15,900.19,135.03,765.16,247.34,UPI,0
TXN001493,2024-06-29,CUST0344,Asha Pandey,Central,Raipur,Cosmetics,Moisturiser 50g,1,512.53,276.8,0.0,512.53,0.0,512.53,235.73,Credit Card,0
TXN001494,2023-09-17,CUST0189,Pooja Nair,East,Kolkata,Electronics,Router,2,3056.72,1872.01,0.15,6113.44,917.02,5196.42,1452.4,UPI,0
TXN001495,2023-05-30,CUST0392,Pallavi Shah,North,Delhi,Clothing,Women's Kurti,3,1321.24,609.71,0.1,3963.72,396.37,3567.35,1738.22,UPI,0
TXN001496,2024-09-27,CUST0331,Harish Agarwal,North,Jaipur,Furniture,Sofa Set,3,37261.83,23629.77,0.0,111785.49,0.0,111785.49,40896.18,Credit Card,0
TXN001497,2023-02-01,CUST0278,Priya Patel,Central,Gwalior,Furniture,Wardrobe,1,18381.78,12154.24,0.15,18381.78,2757.27,15624.51,3470.27,Cash,0
TXN001498,2024-02-01,CUST0406,Kavita Joshi,North,Lucknow,Groceries,Tea Powder 500g,2,219.51,150.66,0.1,439.02,43.9,395.12,93.8,Debit Card,0
TXN001499,2024-05-30,CUST0359,Geeta Bhatt,East,Ranchi,Clothing,Denim Jeans,4,2378.48,1225.76,0.2,9513.92,1902.78,7611.14,2708.1,Cash,0
TXN001500,2024-02-10,CUST0143,Sanjay Yadav,Central,Raipur,Sports,Cricket Bat,1,3228.08,1783.3,0.0,3228.08,0.0,3228.08,1444.78,Debit Card,0
TXN001501,2024-01-04,CUST0112,Suresh Pillai,West,Mumbai,Sports,Yoga Mat,2,946.89,549.18,0.1,1893.78,189.38,1704.4,606.04,Net Banking,0
TXN001502,2024-10-19,CUST0263,Rekha Srivastava,East,Bhubaneswar,Cosmetics,Hair Serum 100ml,1,676.98,400.88,0.1,676.98,67.7,609.28,208.4,Debit Card,0
TXN001503,2024-01-31,CUST0032,Pooja Nair,Central,Gwalior,Furniture,Dining Table,1,23819.84,15237.9,0.1,23819.84,2381.98,21437.86,6199.96,Debit Card,0
TXN001504,2024-12-20,CUST0019,Geeta Bhatt,West,Mumbai,Groceries,Sugar 1kg,2,57.87,41.38,0.0,115.74,0.0,115.74,32.98,Cash,0
TXN001505,2024-09-04,CUST0084,Deepak Tiwari,West,Ahmedabad,Clothing,Denim Jeans,2,2582.75,1180.3,0.05,5165.5,258.28,4907.22,2546.62,Credit Card,0
TXN001506,2023-04-16,CUST0108,Anita Verma,North,Amritsar,Furniture,Office Chair,2,8574.67,5910.29,0.1,17149.34,1714.93,15434.41,3613.83,Net Banking,0
TXN001507,2023-02-20,CUST0009,Amit Kumar,Central,Indore,Clothing,Women's Kurti,2,1236.95,590.28,0.0,2473.9,0.0,2473.9,1293.34,Net Banking,0
TXN001508,2024-03-20,CUST0347,Lakshmi Rao,North,Delhi,Sports,Cycle Helmet,3,1350.35,817.66,0.2,4051.05,810.21,3240.84,787.86,UPI,0
TXN001509,2024-07-14,CUST0149,Nisha Trivedi,East,Bhubaneswar,Groceries,Sugar 1kg,2,59.82,41.33,0.1,119.64,11.96,107.68,25.02,Debit Card,0
TXN001510,2024-10-18,CUST0439,Asha Pandey,Central,Gwalior,Electronics,Smart TV,2,34700.91,27458.52,0.2,69401.82,13880.36,55521.46,604.42,Credit Card,0
TXN001511,2023-11-13,CUST0385,Kiran Bose,Central,Raipur,Cosmetics,Face Wash 100ml,3,318.72,155.36,0.2,956.16,191.23,764.93,298.85,Credit Card,0
TXN001512,2023-10-13,CUST0224,Meera Das,Central,Varanasi,Furniture,Office Chair,3,8497.54,5940.22,0.0,25492.62,0.0,25492.62,7671.96,UPI,0
TXN001513,2023-04-05,CUST0001,Geeta Bhatt,West,Ahmedabad,Groceries,Basmati Rice 5kg,1,487.7,318.23,0.0,487.7,0.0,487.7,169.47,UPI,0
TXN001514,2023-04-13,CUST0396,Asha Pandey,Central,Raipur,Sports,Running Shoes,1,4780.51,3222.11,0.0,4780.51,0.0,4780.51,1558.4,Credit Card,0
TXN001515,2024-07-15,CUST0402,Rahul Sharma,Central,Indore,Furniture,Dining Table,1,22237.35,14899.57,0.05,22237.35,1111.87,21125.48,6225.91,Net Banking,0
TXN001516,2024-03-19,CUST0249,Geeta Bhatt,Central,Gwalior,Electronics,Smart TV,1,36027.98,27295.05,0.15,36027.98,5404.2,30623.78,3328.73,Net Banking,0
TXN001517,2023-02-01,CUST0305,Kavita Joshi,Central,Varanasi,Clothing,Denim Jeans,1,2544.41,1191.15,0.15,2544.41,381.66,2162.75,971.6,Credit Card,0
TXN001518,2023-03-31,CUST0195,Rahul Sharma,East,Guwahati,Cosmetics,Hair Serum 100ml,1,724.58,407.94,0.0,724.58,0.0,724.58,316.64,Debit Card,1
TXN001519,2024-07-20,CUST0236,Lakshmi Rao,Central,Raipur,Clothing,Men's T-Shirt,2,820.23,359.9,0.0,1640.46,0.0,1640.46,920.66,UPI,0
TXN001520,2023-04-03,CUST0278,Rekha Srivastava,South,Kochi,Groceries,Sugar 1kg,1,57.22,42.72,0.0,57.22,0.0,57.22,14.5,Net Banking,0
TXN001521,2023-04-05,CUST0301,Amit Kumar,Central,Varanasi,Clothing,Winter Jacket,2,4160.85,2197.03,0.1,8321.7,832.17,7489.53,3095.47,UPI,0
TXN001522,2024-12-25,CUST0151,Divya Iyer,East,Patna,Groceries,Cooking Oil 1L,4,173.84,130.42,0.15,695.36,104.3,591.06,69.38,UPI,0
TXN001523,2023-02-16,CUST0295,Rahul Sharma,Central,Indore,Electronics,Wireless Earbuds,2,3517.76,2243.63,0.15,7035.52,1055.33,5980.19,1492.93,Cash,0
TXN001524,2024-02-13,CUST0143,Swati Kapoor,East,Guwahati,Groceries,Basmati Rice 5kg,2,458.51,304.63,0.0,917.02,0.0,917.02,307.76,UPI,1
TXN001525,2024-05-30,CUST0485,Nisha Trivedi,Central,Gwalior,Groceries,Tea Powder 500g,2,201.34,154.86,0.15,402.68,60.4,342.28,32.56,Net Banking,0
TXN001526,2024-12-06,CUST0474,Nisha Trivedi,West,Pune,Electronics,Smartphone,2,24179.16,16563.94,0.1,48358.32,4835.83,43522.49,10394.61,Debit Card,0
TXN001527,2023-03-09,CUST0313,Anita Verma,East,Ranchi,Cosmetics,Sunscreen SPF50,1,435.34,267.92,0.0,435.34,0.0,435.34,167.42,UPI,0
TXN001528,2023-04-22,CUST0186,Kavita Joshi,North,Lucknow,Clothing,Winter Jacket,2,3847.56,2250.17,0.15,7695.12,1154.27,6540.85,2040.51,UPI,0
TXN001529,2024-08-06,CUST0132,Rajesh Malhotra,North,Delhi,Furniture,Office Chair,2,8942.62,5627.6,0.05,17885.24,894.26,16990.98,5735.78,Cash,0
TXN001530,2024-08-10,CUST0291,Deepak Tiwari,Central,Raipur,Cosmetics,Lipstick,1,589.45,312.71,0.2,589.45,117.89,471.56,158.85,UPI,0
TXN001531,2024-07-22,CUST0046,Sunita Mishra,West,Ahmedabad,Clothing,Formal Shirt,2,1915.75,895.32,0.15,3831.5,574.73,3256.77,1466.13,Net Banking,1
TXN001532,2024-04-30,CUST0019,Sanjay Yadav,East,Ranchi,Electronics,Smartphone,5,23875.6,17229.86,0.0,119378.0,0.0,119378.0,33228.7,Debit Card,0
TXN001533,2023-12-27,CUST0405,Pallavi Shah,Central,Varanasi,Clothing,Saree,3,4971.58,2570.62,0.2,14914.74,2982.95,11931.79,4219.93,Debit Card,0
TXN001534,2024-06-20,CUST0280,Meera Das,South,Hyderabad,Clothing,Winter Jacket,3,4116.93,2187.54,0.0,12350.79,0.0,12350.79,5788.17,Cash,0
TXN001535,2024-04-03,CUST0163,Geeta Bhatt,Central,Indore,Cosmetics,Lipstick,4,614.28,310.88,0.0,2457.12,0.0,2457.12,1213.6,Credit Card,0
TXN001536,2024-10-07,CUST0418,Suresh Pillai,East,Guwahati,Clothing,Formal Shirt,1,1721.85,891.04,0.05,1721.85,86.09,1635.76,744.72,Debit Card,0
TXN001537,2024-02-07,CUST0005,Sunita Mishra,Central,Raipur,Groceries,Basmati Rice 5kg,1,441.4,304.1,0.2,441.4,88.28,353.12,49.02,Cash,0
TXN001538,2023-12-08,CUST0342,Sunita Mishra,East,Kolkata,Electronics,Smart TV,4,36551.96,26691.35,0.0,146207.84,0.0,146207.84,39442.44,Cash,0
TXN001539,2023-04-13,CUST0361,Suresh Pillai,North,Jaipur,Sports,Running Shoes,6,4763.37,3167.08,0.0,28580.22,0.0,28580.22,9577.74,UPI,0
TXN001540,2024-12-20,CUST0471,Nisha Trivedi,North,Jaipur,Cosmetics,Hair Serum 100ml,4,702.94,393.61,0.2,2811.76,562.35,2249.41,674.97,Debit Card,0
TXN001541,2023-03-27,CUST0447,Priya Patel,North,Delhi,Cosmetics,Moisturiser 50g,3,532.8,286.72,0.0,1598.4,0.0,1598.4,738.24,Cash,0
TXN001542,2024-03-03,CUST0465,Rajesh Malhotra,North,Delhi,Groceries,Basmati Rice 5kg,4,450.27,316.75,0.0,1801.08,0.0,1801.08,534.08,Debit Card,1
TXN001543,2024-11-01,CUST0253,Sneha Gupta,Central,Raipur,Furniture,Wardrobe,4,18282.77,11671.55,0.2,73131.08,14626.22,58504.86,11818.66,UPI,0
TXN001544,2023-05-13,CUST0015,Nisha Trivedi,Central,Bhopal,Groceries,Tea Powder 500g,1,222.91,156.62,0.15,222.91,33.44,189.47,32.85,Credit Card,0
TXN001545,2023-03-09,CUST0061,Rahul Sharma,West,Ahmedabad,Cosmetics,Hair Serum 100ml,1,739.69,392.88,0.1,739.69,73.97,665.72,272.84,Debit Card,0
TXN001546,2023-02-02,CUST0037,Asha Pandey,West,Mumbai,Sports,Badminton Racket,2,1581.16,914.06,0.0,3162.32,0.0,3162.32,1334.2,Debit Card,0
TXN001547,2023-04-07,CUST0352,Ravi Chandra,East,Ranchi,Sports,Yoga Mat,4,956.53,541.54,0.0,3826.12,0.0,3826.12,1659.96,Debit Card,0
TXN001548,2024-01-06,CUST0010,Kiran Bose,North,Delhi,Furniture,Sofa Set,1,36239.32,24111.76,0.15,36239.32,5435.9,30803.42,6691.66,Net Banking,0
TXN001549,2024-07-14,CUST0257,Sanjay Yadav,Central,Varanasi,Cosmetics,Foundation,1,947.83,511.94,0.05,947.83,47.39,900.44,388.5,Credit Card,0
TXN001550,2023-08-12,CUST0116,Rahul Sharma,Central,Raipur,Groceries,Pulses 1kg,2,147.68,102.92,0.2,295.36,59.07,236.29,30.45,Cash,0
TXN001551,2024-04-14,CUST0195,Arjun Reddy,South,Hyderabad,Groceries,Basmati Rice 5kg,2,483.42,302.06,0.0,966.84,0.0,966.84,362.72,Debit Card,0
TXN001552,2024-02-05,CUST0339,Ravi Chandra,North,Jaipur,Sports,Dumbbells Set,2,3420.5,2142.07,0.0,6841.0,0.0,6841.0,2556.86,Credit Card,0
TXN001553,2023-08-15,CUST0347,Priya Patel,North,Delhi,Electronics,Router,2,2930.12,1944.73,0.2,5860.24,1172.05,4688.19,798.73,Debit Card,0
TXN001554,2024-10-14,CUST0046,Kiran Bose,Central,Gwalior,Furniture,Dining Table,1,21735.81,14562.55,0.0,21735.81,0.0,21735.81,7173.26,UPI,0
TXN001555,2023-05-20,CUST0285,Geeta Bhatt,North,Lucknow,Cosmetics,Lipstick,5,610.07,314.73,0.1,3050.35,305.04,2745.31,1171.66,Net Banking,0
TXN001556,2024-08-02,CUST0203,Priya Patel,North,Chandigarh,Sports,Cycle Helmet,1,1349.71,796.33,0.0,1349.71,0.0,1349.71,553.38,Credit Card,1
TXN001557,2023-09-04,CUST0456,Rahul Sharma,South,Bangalore,Cosmetics,Moisturiser 50g,1,488.01,275.9,0.05,488.01,24.4,463.61,187.71,Net Banking,0
TXN001558,2024-03-31,CUST0221,Nikhil Dubey,East,Bhubaneswar,Clothing,Saree,2,5312.89,2425.92,0.0,10625.78,0.0,10625.78,5773.94,Credit Card,0
TXN001559,2024-09-14,CUST0188,Ravi Chandra,South,Bangalore,Groceries,Pulses 1kg,2,152.11,101.34,0.15,304.22,45.63,258.59,55.91,Cash,0
TXN001560,2023-04-25,CUST0451,Arjun Reddy,South,Mysore,Groceries,Whole Wheat Flour 5kg,1,258.13,185.23,0.1,258.13,25.81,232.32,47.09,Net Banking,0
TXN001561,2024-12-07,CUST0246,Asha Pandey,South,Bangalore,Furniture,Dining Table,1,23376.36,15245.81,0.0,23376.36,0.0,23376.36,8130.55,Net Banking,0
TXN001562,2023-03-10,CUST0412,Deepak Tiwari,West,Nagpur,Clothing,Formal Shirt,1,1954.24,898.9,0.0,1954.24,0.0,1954.24,1055.34,Debit Card,0
TXN001563,2023-11-15,CUST0315,Pooja Nair,North,Amritsar,Clothing,Women's Kurti,2,1234.29,588.39,0.0,2468.58,0.0,2468.58,1291.8,Net Banking,0
TXN001564,2023-08-23,CUST0336,Rohan Mehta,South,Bangalore,Groceries,Basmati Rice 5kg,1,446.23,309.76,0.0,446.23,0.0,446.23,136.47,Credit Card,1
TXN001565,2024-06-21,CUST0377,Rahul Sharma,North,Jaipur,Groceries,Pulses 1kg,1,133.21,97.76,0.15,133.21,19.98,113.23,15.47,Credit Card,0
TXN001566,2023-08-01,CUST0436,Nisha Trivedi,East,Bhubaneswar,Clothing,Women's Kurti,1,1259.49,597.8,0.0,1259.49,0.0,1259.49,661.69,Credit Card,0
TXN001567,2023-04-16,CUST0002,Rekha Srivastava,South,Bangalore,Clothing,Formal Shirt,3,1721.74,886.69,0.0,5165.22,0.0,5165.22,2505.15,Cash,0
TXN001568,2024-09-01,CUST0276,Kavita Joshi,West,Surat,Furniture,Bookshelf,2,6562.94,4522.83,0.1,13125.88,1312.59,11813.29,2767.63,Credit Card,0
TXN001569,2024-12-01,CUST0194,Swati Kapoor,South,Mysore,Electronics,Smart TV,1,38385.97,26309.92,0.0,38385.97,0.0,38385.97,12076.05,Net Banking,0
TXN001570,2023-06-12,CUST0278,Mohit Saxena,Central,Indore,Electronics,Laptop,1,44529.78,38780.09,0.15,44529.78,6679.47,37850.31,-929.78,Debit Card,0
TXN001571,2024-02-01,CUST0286,Rajesh Malhotra,South,Mysore,Electronics,Smartphone,2,20946.17,16546.99,0.05,41892.34,2094.62,39797.72,6703.74,Debit Card,1
TXN001572,2024-03-03,CUST0044,Ravi Chandra,West,Surat,Electronics,Smart TV,1,34477.81,26828.28,0.0,34477.81,0.0,34477.81,7649.53,Net Banking,0
TXN001573,2024-01-06,CUST0351,Pooja Nair,East,Ranchi,Groceries,Whole Wheat Flour 5kg,1,273.7,188.76,0.0,273.7,0.0,273.7,84.94,Net Banking,0
TXN001574,2023-08-19,CUST0067,Swati Kapoor,East,Kolkata,Groceries,Tea Powder 500g,2,218.54,151.91,0.0,437.08,0.0,437.08,133.26,Credit Card,0
TXN001575,2024-03-20,CUST0176,Harish Agarwal,North,Delhi,Groceries,Cooking Oil 1L,2,188.97,133.27,0.15,377.94,56.69,321.25,54.71,Net Banking,0
TXN001576,2023-09-30,CUST0253,Sunita Mishra,North,Amritsar,Sports,Cycle Helmet,4,1406.74,777.89,0.15,5626.96,844.04,4782.92,1671.36,Net Banking,0
TXN001577,2024-09-29,CUST0135,Kavita Joshi,South,Chennai,Cosmetics,Lipstick,3,628.17,311.32,0.05,1884.51,94.23,1790.28,856.32,Credit Card,0
TXN001578,2023-09-03,CUST0116,Kavita Joshi,East,Guwahati,Clothing,Denim Jeans,1,2623.97,1190.26,0.0,2623.97,0.0,2623.97,1433.71,Debit Card,1
TXN001579,2023-02-05,CUST0369,Sanjay Yadav,South,Bangalore,Electronics,Router,2,2882.18,1889.25,0.0,5764.36,0.0,5764.36,1985.86,Debit Card,0
TXN001580,2024-02-04,CUST0459,Pallavi Shah,Central,Raipur,Furniture,Bookshelf,1,6951.16,4473.37,0.15,6951.16,1042.67,5908.49,1435.12,Debit Card,0
TXN001581,2024-10-12,CUST0305,Arun Patil,South,Hyderabad,Clothing,Winter Jacket,1,4313.27,2185.88,0.15,4313.27,646.99,3666.28,1480.4,Net Banking,0
TXN001582,2023-03-07,CUST0358,Nisha Trivedi,East,Bhubaneswar,Electronics,Smartphone,2,22032.75,16867.34,0.1,44065.5,4406.55,39658.95,5924.27,Cash,0
TXN001583,2024-09-25,CUST0295,Kiran Bose,East,Ranchi,Electronics,Tablet,2,17485.01,13223.49,0.0,34970.02,0.0,34970.02,8523.04,UPI,0
TXN001584,2024-04-02,CUST0302,Sneha Gupta,South,Bangalore,Furniture,Bookshelf,3,6308.29,4464.34,0.15,18924.87,2838.73,16086.14,2693.12,Debit Card,0
TXN001585,2023-05-06,CUST0419,Sneha Gupta,East,Kolkata,Cosmetics,Lipstick,1,591.32,317.39,0.05,591.32,29.57,561.75,244.36,Debit Card,0
TXN001586,2023-11-13,CUST0054,Nisha Trivedi,North,Jaipur,Sports,Running Shoes,1,4914.03,3251.9,0.0,4914.03,0.0,4914.03,1662.13,Cash,0
TXN001587,2024-10-23,CUST0229,Amit Kumar,North,Jaipur,Sports,Dumbbells Set,3,3387.16,2182.62,0.1,10161.48,1016.15,9145.33,2597.47,Net Banking,0
TXN001588,2023-06-10,CUST0349,Harish Agarwal,East,Bhubaneswar,Furniture,Dining Table,1,23531.78,14783.79,0.2,23531.78,4706.36,18825.42,4041.63,UPI,0
TXN001589,2024-05-24,CUST0237,Suresh Pillai,South,Bangalore,Cosmetics,Hair Serum 100ml,1,741.85,391.54,0.05,741.85,37.09,704.76,313.22,Credit Card,0
TXN001590,2024-02-14,CUST0331,Mohit Saxena,West,Pune,Clothing,Winter Jacket,2,3801.09,2170.78,0.0,7602.18,0.0,7602.18,3260.62,Cash,1
TXN001591,2024-10-06,CUST0019,Rahul Sharma,South,Kochi,Sports,Cricket Bat,6,2995.47,1802.07,0.0,17972.82,0.0,17972.82,7160.4,Credit Card,0
TXN001592,2024-11-29,CUST0062,Meera Das,South,Bangalore,Groceries,Cooking Oil 1L,3,179.63,131.27,0.0,538.89,0.0,538.89,145.08,Cash,0
TXN001593,2023-08-21,CUST0102,Sneha Gupta,North,Chandigarh,Furniture,Dining Table,3,22531.44,14698.03,0.0,67594.32,0.0,67594.32,23500.23,Credit Card,0
TXN001594,2023-12-21,CUST0096,Ravi Chandra,South,Mysore,Furniture,Wooden Desk,1,13031.67,8258.66,0.15,13031.67,1954.75,11076.92,2818.26,UPI,0
TXN001595,2023-12-19,CUST0395,Mohit Saxena,East,Ranchi,Groceries,Tea Powder 500g,1,204.17,151.75,0.15,204.17,30.63,173.54,21.79,UPI,0
TXN001596,2024-09-22,CUST0354,Nikhil Dubey,Central,Gwalior,Sports,Yoga Mat,1,854.24,545.5,0.05,854.24,42.71,811.53,266.03,Credit Card,0
TXN001597,2023-08-19,CUST0500,Suresh Pillai,West,Surat,Electronics,Wireless Earbuds,1,3533.48,2253.78,0.1,3533.48,353.35,3180.13,926.35,Cash,0
TXN001598,2024-02-03,CUST0064,Vijay Singh,North,Amritsar,Clothing,Women's Kurti,1,1308.31,585.55,0.05,1308.31,65.42,1242.89,657.34,UPI,0
TXN001599,2024-10-22,CUST0342,Geeta Bhatt,Central,Indore,Sports,Cycle Helmet,1,1371.63,822.26,0.05,1371.63,68.58,1303.05,480.79,UPI,1
TXN001600,2023-09-26,CUST0075,Rohan Mehta,East,Guwahati,Furniture,Wooden Desk,1,11983.76,8629.41,0.0,11983.76,0.0,11983.76,3354.35,Credit Card,1
TXN001601,2023-06-06,CUST0344,Swati Kapoor,South,Mysore,Electronics,Router,2,2766.58,1860.55,0.1,5533.16,553.32,4979.84,1258.74,Net Banking,0
TXN001602,2024-11-11,CUST0455,Sunita Mishra,South,Chennai,Cosmetics,Lipstick,4,605.44,307.71,0.2,2421.76,484.35,1937.41,706.57,Debit Card,0
TXN001603,2024-11-02,CUST0029,Sanjay Yadav,West,Pune,Cosmetics,Sunscreen SPF50,1,432.0,272.39,0.1,432.0,43.2,388.8,116.41,UPI,0
TXN001604,2024-05-18,CUST0396,Sneha Gupta,South,Bangalore,Furniture,Wardrobe,2,17951.19,12256.88,0.0,35902.38,0.0,35902.38,11388.62,Net Banking,0
TXN001605,2023-01-14,CUST0293,Mohit Saxena,North,Chandigarh,Furniture,Wooden Desk,1,12812.18,8583.62,0.0,12812.18,0.0,12812.18,4228.56,UPI,0
TXN001606,2024-01-31,CUST0090,Nisha Trivedi,East,Guwahati,Electronics,Tablet,1,17959.74,13053.57,0.2,17959.74,3591.95,14367.79,1314.22,Cash,0
TXN001607,2024-03-14,CUST0478,Rekha Srivastava,East,Kolkata,Electronics,Wireless Earbuds,2,3498.22,2169.85,0.1,6996.44,699.64,6296.8,1957.1,Cash,0
TXN001608,2024-01-20,CUST0031,Lakshmi Rao,South,Mysore,Groceries,Sugar 1kg,1,56.76,41.64,0.0,56.76,0.0,56.76,15.12,Cash,0
TXN001609,2023-01-19,CUST0046,Vijay Singh,West,Pune,Cosmetics,Face Wash 100ml,2,306.3,156.51,0.15,612.6,91.89,520.71,207.69,Debit Card,0
TXN001610,2023-07-26,CUST0019,Ravi Chandra,West,Nagpur,Furniture,Sofa Set,3,36042.9,24212.06,0.05,108128.7,5406.44,102722.26,30086.08,Net Banking,0
TXN001611,2023-03-17,CUST0346,Arun Patil,West,Surat,Clothing,Men's T-Shirt,2,781.27,348.69,0.05,1562.54,78.13,1484.41,787.03,Cash,0
TXN001612,2023-12-14,CUST0431,Harish Agarwal,Central,Gwalior,Sports,Running Shoes,1,5235.51,3184.71,0.0,5235.51,0.0,5235.51,2050.8,Credit Card,1
TXN001613,2024-12-02,CUST0345,Pallavi Shah,East,Bhubaneswar,Electronics,Wireless Earbuds,5,3497.63,2158.87,0.1,17488.15,1748.82,15739.33,4944.98,Net Banking,0
TXN001614,2023-07-06,CUST0397,Divya Iyer,South,Bangalore,Clothing,Men's T-Shirt,2,829.29,346.89,0.0,1658.58,0.0,1658.58,964.8,UPI,0
TXN001615,2023-10-06,CUST0203,Pooja Nair,Central,Varanasi,Groceries,Sugar 1kg,3,53.41,43.18,0.05,160.23,8.01,152.22,22.68,Debit Card,0
TXN001616,2024-03-21,CUST0215,Mohit Saxena,East,Ranchi,Furniture,Dining Table,2,22385.46,14828.56,0.0,44770.92,0.0,44770.92,15113.8,Credit Card,0
TXN001617,2023-12-22,CUST0020,Ravi Chandra,North,Lucknow,Groceries,Basmati Rice 5kg,4,448.74,304.8,0.0,1794.96,0.0,1794.96,575.76,UPI,1
TXN001618,2024-08-01,CUST0184,Vijay Singh,South,Kochi,Furniture,Office Chair,2,8215.14,5846.98,0.15,16430.28,2464.54,13965.74,2271.78,Net Banking,0
TXN001619,2023-08-17,CUST0237,Meera Das,North,Lucknow,Sports,Running Shoes,1,5011.32,3135.01,0.0,5011.32,0.0,5011.32,1876.31,Credit Card,0
TXN001620,2023-08-29,CUST0391,Arjun Reddy,East,Ranchi,Groceries,Pulses 1kg,1,146.04,100.36,0.1,146.04,14.6,131.44,31.08,Net Banking,0
TXN001621,2023-10-16,CUST0158,Nikhil Dubey,West,Pune,Groceries,Whole Wheat Flour 5kg,3,272.83,187.63,0.0,818.49,0.0,818.49,255.6,Debit Card,0
TXN001622,2023-11-09,CUST0362,Swati Kapoor,West,Nagpur,Sports,Badminton Racket,1,1479.05,905.8,0.2,1479.05,295.81,1183.24,277.44,Debit Card,0
TXN001623,2024-04-06,CUST0075,Kavita Joshi,Central,Raipur,Furniture,Bookshelf,4,6990.85,4553.89,0.0,27963.4,0.0,27963.4,9747.84,Cash,0
TXN001624,2024-05-27,CUST0329,Arun Patil,Central,Varanasi,Cosmetics,Moisturiser 50g,2,548.03,282.84,0.1,1096.06,109.61,986.45,420.77,Net Banking,0
TXN001625,2023-10-04,CUST0023,Lakshmi Rao,South,Bangalore,Electronics,Wireless Earbuds,2,3416.0,2247.58,0.2,6832.0,1366.4,5465.6,970.44,Debit Card,0
TXN001626,2024-06-15,CUST0399,Vijay Singh,East,Guwahati,Groceries,Whole Wheat Flour 5kg,2,255.22,190.98,0.2,510.44,102.09,408.35,26.39,Cash,0
TXN001627,2023-02-13,CUST0015,Vijay Singh,Central,Varanasi,Groceries,Sugar 1kg,1,57.29,42.17,0.2,57.29,11.46,45.83,3.66,Debit Card,0
TXN001628,2023-04-28,CUST0170,Ravi Chandra,West,Ahmedabad,Furniture,Bookshelf,2,6690.55,4525.62,0.0,13381.1,0.0,13381.1,4329.86,Debit Card,0
TXN001629,2024-04-27,CUST0097,Sanjay Yadav,Central,Varanasi,Electronics,Wireless Earbuds,1,3462.07,2181.59,0.0,3462.07,0.0,3462.07,1280.48,Debit Card,0
TXN001630,2023-08-15,CUST0098,Mohit Saxena,South,Mysore,Sports,Dumbbells Set,1,3349.27,2161.02,0.0,3349.27,0.0,3349.27,1188.25,UPI,0
TXN001631,2024-11-17,CUST0155,Kavita Joshi,North,Chandigarh,Clothing,Denim Jeans,2,2526.46,1211.23,0.0,5052.92,0.0,5052.92,2630.46,UPI,0
TXN001632,2024-03-01,CUST0161,Nikhil Dubey,West,Nagpur,Electronics,Laptop,2,46477.14,38915.66,0.15,92954.28,13943.14,79011.14,1179.82,Credit Card,0
TXN001633,2023-10-15,CUST0239,Sanjay Yadav,Central,Bhopal,Clothing,Saree,4,5114.45,2558.39,0.0,20457.8,0.0,20457.8,10224.24,Credit Card,1
TXN001634,2023-11-06,CUST0485,Priya Patel,East,Kolkata,Clothing,Women's Kurti,3,1338.6,610.49,0.0,4015.8,0.0,4015.8,2184.33,Credit Card,0
TXN001635,2024-07-26,CUST0082,Rohan Mehta,East,Guwahati,Furniture,Bookshelf,2,6886.59,4568.55,0.2,13773.18,2754.64,11018.54,1881.44,Credit Card,0
TXN001636,2023-06-06,CUST0111,Rohan Mehta,South,Bangalore,Clothing,Men's T-Shirt,3,775.16,347.93,0.0,2325.48,0.0,2325.48,1281.69,Cash,0
TXN001637,2023-08-13,CUST0478,Mohit Saxena,West,Surat,Furniture,Office Chair,1,9223.65,5898.59,0.0,9223.65,0.0,9223.65,3325.06,Cash,0
TXN001638,2024-03-13,CUST0030,Anita Verma,West,Nagpur,Sports,Dumbbells Set,1,3718.16,2175.6,0.15,3718.16,557.72,3160.44,984.84,Debit Card,0
TXN001639,2023-08-04,CUST0139,Nikhil Dubey,South,Chennai,Cosmetics,Hair Serum 100ml,1,715.18,393.64,0.0,715.18,0.0,715.18,321.54,Credit Card,0
TXN001640,2024-07-07,CUST0339,Geeta Bhatt,North,Amritsar,Cosmetics,Face Wash 100ml,1,288.13,162.09,0.0,288.13,0.0,288.13,126.04,Credit Card,0
TXN001641,2024-01-18,CUST0326,Nikhil Dubey,West,Ahmedabad,Cosmetics,Hair Serum 100ml,1,674.7,410.02,0.15,674.7,101.2,573.5,163.48,UPI,0
TXN001642,2023-09-24,CUST0117,Asha Pandey,Central,Gwalior,Clothing,Denim Jeans,2,2392.81,1189.9,0.1,4785.62,478.56,4307.06,1927.26,UPI,0
TXN001643,2024-11-24,CUST0353,Arjun Reddy,South,Hyderabad,Sports,Cricket Bat,3,2867.09,1849.22,0.2,8601.27,1720.25,6881.02,1333.36,UPI,0
TXN001644,2024-06-30,CUST0322,Rohan Mehta,East,Ranchi,Cosmetics,Sunscreen SPF50,2,437.45,265.91,0.0,874.9,0.0,874.9,343.08,UPI,0
TXN001645,2023-03-20,CUST0357,Divya Iyer,North,Chandigarh,Electronics,Laptop,2,45840.75,38030.81,0.0,91681.5,0.0,91681.5,15619.88,Net Banking,0
TXN001646,2024-09-20,CUST0478,Kavita Joshi,North,Jaipur,Electronics,Smart TV,1,34779.58,26248.41,0.15,34779.58,5216.94,29562.64,3314.23,Net Banking,0
TXN001647,2023-04-17,CUST0253,Sneha Gupta,Central,Gwalior,Groceries,Tea Powder 500g,1,222.66,158.7,0.0,222.66,0.0,222.66,63.96,Credit Card,0
TXN001648,2024-05-19,CUST0439,Pooja Nair,East,Bhubaneswar,Clothing,Formal Shirt,4,1831.67,881.83,0.0,7326.68,0.0,7326.68,3799.36,Credit Card,0
TXN001649,2024-01-20,CUST0355,Asha Pandey,East,Patna,Sports,Cycle Helmet,1,1411.12,811.52,0.0,1411.12,0.0,1411.12,599.6,Credit Card,0
TXN001650,2023-10-24,CUST0298,Nisha Trivedi,West,Mumbai,Groceries,Pulses 1kg,5,150.65,99.99,0.1,753.25,75.33,677.92,177.97,Debit Card,0
TXN001651,2024-04-20,CUST0448,Arjun Reddy,South,Bangalore,Groceries,Pulses 1kg,1,147.37,97.43,0.2,147.37,29.47,117.9,20.47,Credit Card,0
TXN001652,2024-04-03,CUST0380,Arjun Reddy,Central,Indore,Furniture,Sofa Set,1,36581.97,23581.25,0.1,36581.97,3658.2,32923.77,9342.52,UPI,0
TXN001653,2023-07-09,CUST0179,Asha Pandey,West,Surat,Groceries,Cooking Oil 1L,2,175.15,129.36,0.05,350.3,17.52,332.78,74.06,Cash,0
TXN001654,2024-09-11,CUST0166,Nisha Trivedi,East,Ranchi,Cosmetics,Moisturiser 50g,2,485.35,276.4,0.0,970.7,0.0,970.7,417.9,UPI,0
TXN001655,2023-06-05,CUST0089,Mohit Saxena,East,Ranchi,Furniture,Wooden Desk,1,12696.36,8323.63,0.05,12696.36,634.82,12061.54,3737.91,Net Banking,0
TXN001656,2024-11-11,CUST0264,Rahul Sharma,South,Bangalore,Furniture,Sofa Set,3,33648.99,24235.07,0.1,100946.97,10094.7,90852.27,18147.06,Net Banking,0
TXN001657,2023-07-19,CUST0115,Nikhil Dubey,North,Chandigarh,Cosmetics,Hair Serum 100ml,1,692.63,400.83,0.2,692.63,138.53,554.1,153.27,Credit Card,0
TXN001658,2024-10-19,CUST0467,Rajesh Malhotra,South,Bangalore,Clothing,Men's T-Shirt,2,803.65,345.72,0.15,1607.3,241.09,1366.21,674.77,Cash,0
TXN001659,2024-07-05,CUST0057,Deepak Tiwari,West,Nagpur,Furniture,Dining Table,1,23848.98,14643.58,0.1,23848.98,2384.9,21464.08,6820.5,Debit Card,0
TXN001660,2024-07-04,CUST0292,Nisha Trivedi,East,Patna,Clothing,Saree,1,4749.77,2544.19,0.0,4749.77,0.0,4749.77,2205.58,Net Banking,0
TXN001661,2024-05-24,CUST0485,Swati Kapoor,Central,Varanasi,Clothing,Denim Jeans,1,2733.82,1209.92,0.0,2733.82,0.0,2733.82,1523.9,UPI,0
TXN001662,2023-05-02,CUST0477,Meera Das,South,Chennai,Groceries,Tea Powder 500g,2,205.18,156.03,0.15,410.36,61.55,348.81,36.75,Credit Card,0
TXN001663,2023-07-17,CUST0376,Lakshmi Rao,East,Kolkata,Electronics,Tablet,2,17685.79,13368.61,0.0,35371.58,0.0,35371.58,8634.36,Net Banking,0
TXN001664,2024-08-04,CUST0302,Sunita Mishra,North,Delhi,Furniture,Dining Table,3,22373.49,15292.84,0.05,67120.47,3356.02,63764.45,17885.93,Net Banking,1
TXN001665,2023-10-12,CUST0449,Meera Das,Central,Bhopal,Cosmetics,Moisturiser 50g,2,529.09,271.93,0.0,1058.18,0.0,1058.18,514.32,UPI,0
TXN001666,2024-12-05,CUST0173,Rohan Mehta,North,Delhi,Electronics,Tablet,3,19627.86,13193.44,0.1,58883.58,5888.36,52995.22,13414.9,Net Banking,0
TXN001667,2023-04-09,CUST0284,Nikhil Dubey,North,Lucknow,Clothing,Denim Jeans,2,2462.12,1215.1,0.0,4924.24,0.0,4924.24,2494.04,Credit Card,1
TXN001668,2024-09-22,CUST0084,Mohit Saxena,Central,Gwalior,Electronics,Laptop,3,45794.94,38077.48,0.05,137384.82,6869.24,130515.58,16283.14,UPI,0
TXN001669,2023-09-07,CUST0418,Lakshmi Rao,South,Mysore,Clothing,Formal Shirt,1,1922.12,924.83,0.0,1922.12,0.0,1922.12,997.29,UPI,0
TXN001670,2023-03-27,CUST0283,Pooja Nair,North,Amritsar,Furniture,Wooden Desk,1,12115.77,8298.42,0.05,12115.77,605.79,11509.98,3211.56,Cash,0
TXN001671,2023-03-18,CUST0498,Kavita Joshi,Central,Indore,Clothing,Women's Kurti,1,1365.19,612.57,0.15,1365.19,204.78,1160.41,547.84,Debit Card,0
TXN001672,2024-04-17,CUST0011,Kiran Bose,North,Amritsar,Furniture,Bookshelf,1,6865.54,4571.35,0.15,6865.54,1029.83,5835.71,1264.36,UPI,0
TXN001673,2023-04-08,CUST0417,Sanjay Yadav,West,Ahmedabad,Sports,Yoga Mat,5,926.63,536.81,0.15,4633.15,694.97,3938.18,1254.13,Credit Card,0
TXN001674,2024-09-28,CUST0181,Ravi Chandra,Central,Varanasi,Furniture,Office Chair,1,8662.32,5801.1,0.0,8662.32,0.0,8662.32,2861.22,UPI,0
TXN001675,2024-06-30,CUST0078,Nikhil Dubey,Central,Raipur,Groceries,Tea Powder 500g,1,200.02,157.01,0.15,200.02,30.0,170.02,13.01,UPI,0
TXN001676,2024-12-13,CUST0049,Vijay Singh,West,Nagpur,Furniture,Wooden Desk,3,12500.94,8425.49,0.2,37502.82,7500.56,30002.26,4725.79,Debit Card,0
TXN001677,2023-11-12,CUST0392,Suresh Pillai,Central,Gwalior,Clothing,Denim Jeans,2,2625.64,1209.24,0.0,5251.28,0.0,5251.28,2832.8,Debit Card,0
TXN001678,2024-08-16,CUST0217,Ravi Chandra,North,Jaipur,Groceries,Tea Powder 500g,3,214.47,157.46,0.05,643.41,32.17,611.24,138.86,Debit Card,0
TXN001679,2024-03-24,CUST0131,Asha Pandey,West,Surat,Electronics,Wireless Earbuds,4,3565.07,2224.55,0.05,14260.28,713.01,13547.27,4649.07,Debit Card,0
TXN001680,2024-08-07,CUST0155,Sneha Gupta,East,Kolkata,Sports,Yoga Mat,2,962.3,559.97,0.2,1924.6,384.92,1539.68,419.74,UPI,0
TXN001681,2023-10-23,CUST0398,Ravi Chandra,Central,Raipur,Clothing,Winter Jacket,3,4118.9,2265.64,0.0,12356.7,0.0,12356.7,5559.78,Net Banking,0
TXN001682,2023-10-24,CUST0168,Anita Verma,Central,Indore,Cosmetics,Sunscreen SPF50,1,462.25,268.29,0.0,462.25,0.0,462.25,193.96,Cash,0
TXN001683,2023-02-02,CUST0092,Sanjay Yadav,South,Kochi,Electronics,Smart TV,1,37984.09,26219.29,0.1,37984.09,3798.41,34185.68,7966.39,Net Banking,0
TXN001684,2024-01-03,CUST0412,Priya Patel,South,Bangalore,Sports,Badminton Racket,2,1552.92,883.26,0.15,3105.84,465.88,2639.96,873.44,Debit Card,0
TXN001685,2024-11-13,CUST0178,Meera Das,Central,Indore,Sports,Badminton Racket,3,1616.21,926.72,0.1,4848.63,484.86,4363.77,1583.61,Credit Card,0
TXN001686,2024-04-02,CUST0390,Rekha Srivastava,North,Delhi,Electronics,Smartphone,1,21051.55,16841.81,0.05,21051.55,1052.58,19998.97,3157.16,UPI,0
TXN001687,2024-09-02,CUST0278,Rekha Srivastava,South,Bangalore,Groceries,Sugar 1kg,1,58.58,41.22,0.05,58.58,2.93,55.65,14.43,Debit Card,0
TXN001688,2024-08-06,CUST0412,Priya Patel,West,Mumbai,Cosmetics,Face Wash 100ml,2,307.86,156.76,0.15,615.72,92.36,523.36,209.84,Cash,0
TXN001689,2023-07-28,CUST0481,Priya Patel,North,Delhi,Clothing,Denim Jeans,2,2737.25,1173.47,0.1,5474.5,547.45,4927.05,2580.11,UPI,0
TXN001690,2024-11-12,CUST0073,Geeta Bhatt,West,Nagpur,Furniture,Bookshelf,2,6335.71,4618.8,0.05,12671.42,633.57,12037.85,2800.25,Credit Card,0
TXN001691,2023-12-19,CUST0312,Rahul Sharma,West,Surat,Clothing,Denim Jeans,5,2443.11,1225.57,0.0,12215.55,0.0,12215.55,6087.7,Debit Card,0
TXN001692,2024-10-12,CUST0156,Asha Pandey,East,Guwahati,Electronics,Tablet,2,18447.04,12984.71,0.05,36894.08,1844.7,35049.38,9079.96,Debit Card,0
TXN001693,2023-11-30,CUST0004,Lakshmi Rao,South,Mysore,Furniture,Bookshelf,4,6972.34,4509.28,0.0,27889.36,0.0,27889.36,9852.24,Cash,1
TXN001694,2023-10-22,CUST0029,Rahul Sharma,East,Bhubaneswar,Electronics,Smartphone,5,23215.01,17369.09,0.1,116075.05,11607.51,104467.54,17622.09,Credit Card,0
TXN001695,2024-11-05,CUST0081,Meera Das,North,Delhi,Cosmetics,Foundation,2,873.36,534.66,0.05,1746.72,87.34,1659.38,590.06,Debit Card,0
TXN001696,2024-07-12,CUST0088,Anita Verma,Central,Raipur,Sports,Dumbbells Set,4,3697.94,2176.4,0.0,14791.76,0.0,14791.76,6086.16,Net Banking,0
TXN001697,2023-06-24,CUST0044,Suresh Pillai,East,Bhubaneswar,Cosmetics,Lipstick,2,614.19,309.8,0.1,1228.38,122.84,1105.54,485.94,Cash,0
TXN001698,2023-02-23,CUST0138,Lakshmi Rao,North,Lucknow,Groceries,Pulses 1kg,1,134.95,99.69,0.0,134.95,0.0,134.95,35.26,Credit Card,0
TXN001699,2024-10-15,CUST0237,Sneha Gupta,South,Hyderabad,Furniture,Dining Table,2,21876.13,15299.94,0.2,43752.26,8750.45,35001.81,4401.93,Debit Card,0
TXN001700,2024-12-20,CUST0019,Arjun Reddy,Central,Varanasi,Clothing,Denim Jeans,1,2482.53,1228.89,0.0,2482.53,0.0,2482.53,1253.64,Credit Card,0
TXN001701,2024-07-01,CUST0330,Deepak Tiwari,South,Bangalore,Sports,Yoga Mat,1,863.31,540.13,0.2,863.31,172.66,690.65,150.52,Net Banking,1
TXN001702,2024-03-13,CUST0035,Divya Iyer,Central,Varanasi,Sports,Badminton Racket,3,1624.08,916.85,0.1,4872.24,487.22,4385.02,1634.47,Credit Card,0
TXN001703,2024-05-01,CUST0210,Arjun Reddy,East,Ranchi,Furniture,Wooden Desk,2,11726.77,8472.04,0.0,23453.54,0.0,23453.54,6509.46,Credit Card,1
TXN001704,2023-08-20,CUST0352,Lakshmi Rao,Central,Bhopal,Electronics,Wireless Earbuds,2,3621.38,2148.17,0.05,7242.76,362.14,6880.62,2584.28,Credit Card,0
TXN001705,2024-01-26,CUST0115,Rohan Mehta,West,Surat,Cosmetics,Foundation,2,907.65,533.48,0.0,1815.3,0.0,1815.3,748.34,UPI,0
TXN001706,2024-09-11,CUST0405,Rahul Sharma,West,Surat,Groceries,Whole Wheat Flour 5kg,1,239.47,191.0,0.1,239.47,23.95,215.52,24.52,Cash,0
TXN001707,2024-06-29,CUST0084,Sneha Gupta,East,Guwahati,Clothing,Formal Shirt,4,1933.74,909.92,0.0,7734.96,0.0,7734.96,4095.28,Cash,0
TXN001708,2024-02-24,CUST0398,Deepak Tiwari,East,Patna,Clothing,Saree,1,4970.11,2466.54,0.1,4970.11,497.01,4473.1,2006.56,Debit Card,0
TXN001709,2024-11-17,CUST0169,Harish Agarwal,West,Nagpur,Groceries,Sugar 1kg,4,55.31,42.69,0.05,221.24,11.06,210.18,39.42,Net Banking,0
TXN001710,2024-06-16,CUST0299,Suresh Pillai,Central,Bhopal,Sports,Cricket Bat,3,2929.64,1753.72,0.15,8788.92,1318.34,7470.58,2209.42,Net Banking,0
TXN001711,2024-11-09,CUST0237,Rahul Sharma,North,Chandigarh,Groceries,Pulses 1kg,1,152.05,99.71,0.0,152.05,0.0,152.05,52.34,Debit Card,0
TXN001712,2024-06-25,CUST0390,Swati Kapoor,East,Patna,Electronics,Tablet,1,19245.97,12770.77,0.05,19245.97,962.3,18283.67,5512.9,Credit Card,0
TXN001713,2024-02-05,CUST0435,Asha Pandey,North,Delhi,Clothing,Saree,1,5145.09,2476.26,0.05,5145.09,257.25,4887.84,2411.58,Cash,0
TXN001714,2024-08-14,CUST0455,Mohit Saxena,West,Nagpur,Electronics,Tablet,2,19652.2,12872.52,0.0,39304.4,0.0,39304.4,13559.36,Cash,0
TXN001715,2024-09-24,CUST0474,Meera Das,Central,Indore,Electronics,Smart TV,1,34907.02,27097.64,0.05,34907.02,1745.35,33161.67,6064.03,Net Banking,0
TXN001716,2024-01-18,CUST0007,Arun Patil,East,Ranchi,Sports,Cricket Bat,1,3188.48,1796.19,0.15,3188.48,478.27,2710.21,914.02,Debit Card,0
TXN001717,2024-11-20,CUST0437,Ravi Chandra,North,Delhi,Sports,Yoga Mat,3,887.58,561.8,0.0,2662.74,0.0,2662.74,977.34,UPI,0
TXN001718,2024-10-23,CUST0272,Arjun Reddy,East,Kolkata,Clothing,Saree,2,5068.93,2511.1,0.15,10137.86,1520.68,8617.18,3594.98,Net Banking,0
TXN001719,2024-05-29,CUST0464,Arjun Reddy,North,Lucknow,Groceries,Basmati Rice 5kg,3,475.74,304.54,0.0,1427.22,0.0,1427.22,513.6,Net Banking,0
TXN001720,2024-01-24,CUST0206,Ravi Chandra,South,Kochi,Electronics,Smartphone,1,23177.68,17009.85,0.1,23177.68,2317.77,20859.91,3850.06,Credit Card,0
TXN001721,2023-09-05,CUST0047,Divya Iyer,North,Delhi,Cosmetics,Lipstick,1,656.8,316.35,0.05,656.8,32.84,623.96,307.61,Debit Card,0
TXN001722,2023-09-10,CUST0178,Geeta Bhatt,East,Guwahati,Furniture,Wooden Desk,1,12452.61,8534.73,0.0,12452.61,0.0,12452.61,3917.88,Cash,0
TXN001723,2023-10-25,CUST0438,Anita Verma,Central,Bhopal,Cosmetics,Moisturiser 50g,4,509.34,274.65,0.0,2037.36,0.0,2037.36,938.76,Net Banking,0
TXN001724,2024-10-27,CUST0131,Sanjay Yadav,North,Lucknow,Clothing,Denim Jeans,1,2440.43,1169.92,0.2,2440.43,488.09,1952.34,782.42,Cash,0
TXN001725,2024-11-30,CUST0447,Mohit Saxena,North,Delhi,Sports,Cycle Helmet,1,1357.7,785.83,0.1,1357.7,135.77,1221.93,436.1,Debit Card,0
TXN001726,2023-09-29,CUST0252,Rohan Mehta,East,Kolkata,Electronics,Smartphone,2,23108.62,17047.8,0.0,46217.24,0.0,46217.24,12121.64,Cash,0
TXN001727,2024-05-13,CUST0297,Kavita Joshi,West,Pune,Sports,Cricket Bat,2,2970.77,1758.53,0.2,5941.54,1188.31,4753.23,1236.17,Net Banking,0
TXN001728,2023-08-05,CUST0388,Swati Kapoor,Central,Varanasi,Sports,Cricket Bat,3,3037.26,1789.43,0.15,9111.78,1366.77,7745.01,2376.72,Net Banking,0
TXN001729,2024-12-09,CUST0139,Swati Kapoor,Central,Indore,Clothing,Formal Shirt,1,1962.3,900.49,0.2,1962.3,392.46,1569.84,669.35,Debit Card,0
TXN001730,2023-12-26,CUST0064,Suresh Pillai,South,Hyderabad,Sports,Cycle Helmet,2,1408.0,782.52,0.05,2816.0,140.8,2675.2,1110.16,Debit Card,0
TXN001731,2023-01-22,CUST0370,Arun Patil,West,Nagpur,Sports,Cricket Bat,1,3226.54,1834.64,0.2,3226.54,645.31,2581.23,746.59,Cash,0
TXN001732,2023-08-02,CUST0383,Divya Iyer,Central,Bhopal,Sports,Running Shoes,1,4903.18,3194.22,0.15,4903.18,735.48,4167.7,973.48,Net Banking,0
TXN001733,2023-08-28,CUST0468,Sneha Gupta,East,Guwahati,Furniture,Office Chair,2,8989.76,5836.55,0.1,17979.52,1797.95,16181.57,4508.47,Debit Card,0
TXN001734,2024-10-14,CUST0086,Priya Patel,North,Chandigarh,Sports,Yoga Mat,2,907.44,545.01,0.2,1814.88,362.98,1451.9,361.88,Debit Card,0
TXN001735,2023-06-24,CUST0144,Amit Kumar,South,Bangalore,Sports,Cricket Bat,2,3056.8,1746.79,0.2,6113.6,1222.72,4890.88,1397.3,Cash,0
TXN001736,2024-12-07,CUST0123,Mohit Saxena,Central,Raipur,Electronics,Wireless Earbuds,1,3437.92,2169.74,0.2,3437.92,687.58,2750.34,580.6,Net Banking,0
TXN001737,2023-03-02,CUST0301,Pallavi Shah,Central,Raipur,Electronics,Router,2,2776.36,1951.54,0.0,5552.72,0.0,5552.72,1649.64,Net Banking,0
TXN001738,2024-02-04,CUST0432,Pooja Nair,Central,Varanasi,Clothing,Women's Kurti,1,1268.63,584.81,0.05,1268.63,63.43,1205.2,620.39,Credit Card,0
TXN001739,2023-01-15,CUST0270,Meera Das,South,Chennai,Furniture,Office Chair,2,8140.81,5692.96,0.05,16281.62,814.08,15467.54,4081.62,Cash,0
TXN001740,2023-08-09,CUST0479,Nisha Trivedi,North,Chandigarh,Sports,Running Shoes,2,5085.47,3229.34,0.0,10170.94,0.0,10170.94,3712.26,Credit Card,0
TXN001741,2023-02-02,CUST0016,Rahul Sharma,South,Kochi,Furniture,Wardrobe,2,17630.8,12330.07,0.1,35261.6,3526.16,31735.44,7075.3,Debit Card,0
TXN001742,2024-09-11,CUST0495,Rahul Sharma,North,Delhi,Furniture,Wooden Desk,2,11645.81,8732.21,0.1,23291.62,2329.16,20962.46,3498.04,Cash,0
TXN001743,2023-08-10,CUST0290,Priya Patel,North,Chandigarh,Electronics,Router,1,2705.85,1904.62,0.05,2705.85,135.29,2570.56,665.94,Net Banking,0
TXN001744,2023-03-19,CUST0446,Nisha Trivedi,West,Pune,Clothing,Men's T-Shirt,2,762.04,356.8,0.0,1524.08,0.0,1524.08,810.48,Debit Card,0
TXN001745,2023-04-25,CUST0157,Kavita Joshi,North,Amritsar,Clothing,Formal Shirt,4,1836.95,873.34,0.0,7347.8,0.0,7347.8,3854.44,UPI,0
TXN001746,2023-05-29,CUST0008,Vijay Singh,East,Patna,Clothing,Women's Kurti,1,1304.3,585.34,0.05,1304.3,65.22,1239.08,653.74,Debit Card,0
TXN001747,2024-08-24,CUST0432,Lakshmi Rao,North,Chandigarh,Cosmetics,Sunscreen SPF50,1,448.09,275.24,0.2,448.09,89.62,358.47,83.23,Credit Card,0
TXN001748,2023-01-24,CUST0241,Meera Das,South,Kochi,Cosmetics,Sunscreen SPF50,1,451.34,263.43,0.0,451.34,0.0,451.34,187.91,Cash,0
TXN001749,2024-09-09,CUST0058,Kiran Bose,Central,Bhopal,Cosmetics,Moisturiser 50g,2,525.85,281.42,0.0,1051.7,0.0,1051.7,488.86,Cash,0
TXN001750,2023-04-19,CUST0221,Asha Pandey,North,Lucknow,Sports,Badminton Racket,3,1631.4,877.91,0.2,4894.2,978.84,3915.36,1281.63,UPI,1
TXN001751,2024-12-20,CUST0216,Vijay Singh,Central,Gwalior,Furniture,Bookshelf,1,7031.84,4629.78,0.15,7031.84,1054.78,5977.06,1347.28,Credit Card,0
TXN001752,2023-03-02,CUST0119,Suresh Pillai,Central,Gwalior,Groceries,Whole Wheat Flour 5kg,2,254.61,184.57,0.15,509.22,76.38,432.84,63.7,Net Banking,1
TXN001753,2024-08-01,CUST0293,Pallavi Shah,North,Jaipur,Groceries,Pulses 1kg,2,142.18,97.26,0.05,284.36,14.22,270.14,75.62,Net Banking,1
TXN001754,2023-07-26,CUST0139,Suresh Pillai,South,Chennai,Groceries,Cooking Oil 1L,1,178.52,128.2,0.05,178.52,8.93,169.59,41.39,Cash,0
TXN001755,2023-05-01,CUST0103,Pallavi Shah,Central,Varanasi,Groceries,Whole Wheat Flour 5kg,1,269.59,186.22,0.0,269.59,0.0,269.59,83.37,UPI,0
TXN001756,2023-06-01,CUST0010,Asha Pandey,East,Patna,Electronics,Smartphone,2,23412.5,16492.02,0.0,46825.0,0.0,46825.0,13840.96,Net Banking,0
TXN001757,2023-10-26,CUST0291,Amit Kumar,West,Surat,Clothing,Formal Shirt,3,1848.34,903.87,0.2,5545.02,1109.0,4436.02,1724.41,Cash,0
TXN001758,2024-02-20,CUST0421,Kavita Joshi,North,Amritsar,Electronics,Smart TV,1,36230.52,27391.04,0.0,36230.52,0.0,36230.52,8839.48,Credit Card,0
TXN001759,2023-07-26,CUST0376,Arjun Reddy,Central,Gwalior,Sports,Cycle Helmet,1,1242.77,776.43,0.2,1242.77,248.55,994.22,217.79,Debit Card,0
TXN001760,2023-03-26,CUST0472,Sunita Mishra,Central,Varanasi,Furniture,Bookshelf,2,6553.8,4375.97,0.0,13107.6,0.0,13107.6,4355.66,Net Banking,0
TXN001761,2024-12-01,CUST0163,Amit Kumar,West,Mumbai,Electronics,Router,4,2694.64,1853.96,0.0,10778.56,0.0,10778.56,3362.72,Net Banking,0
TXN001762,2024-01-14,CUST0097,Harish Agarwal,East,Ranchi,Clothing,Formal Shirt,1,1968.88,889.69,0.0,1968.88,0.0,1968.88,1079.19,Debit Card,0
TXN001763,2024-11-11,CUST0311,Sunita Mishra,East,Bhubaneswar,Groceries,Cooking Oil 1L,2,183.05,129.03,0.1,366.1,36.61,329.49,71.43,Debit Card,0
TXN001764,2024-12-21,CUST0071,Sanjay Yadav,West,Surat,Furniture,Wooden Desk,4,12689.01,8293.7,0.1,50756.04,5075.6,45680.44,12505.64,Cash,0
TXN001765,2024-12-24,CUST0077,Rajesh Malhotra,North,Amritsar,Clothing,Women's Kurti,2,1350.27,609.61,0.0,2700.54,0.0,2700.54,1481.32,UPI,0
TXN001766,2024-06-27,CUST0405,Nisha Trivedi,North,Jaipur,Groceries,Tea Powder 500g,1,209.73,151.61,0.0,209.73,0.0,209.73,58.12,Debit Card,0
TXN001767,2023-07-17,CUST0287,Vijay Singh,South,Chennai,Groceries,Sugar 1kg,2,53.57,40.98,0.2,107.14,21.43,85.71,3.75,Net Banking,0
TXN001768,2023-04-20,CUST0290,Rahul Sharma,West,Mumbai,Cosmetics,Moisturiser 50g,2,532.9,287.97,0.0,1065.8,0.0,1065.8,489.86,Debit Card,0
TXN001769,2024-02-12,CUST0066,Asha Pandey,North,Delhi,Furniture,Dining Table,1,22307.35,14571.18,0.0,22307.35,0.0,22307.35,7736.17,Credit Card,0
TXN001770,2024-04-14,CUST0219,Amit Kumar,North,Chandigarh,Clothing,Women's Kurti,2,1344.69,617.65,0.15,2689.38,403.41,2285.97,1050.67,Debit Card,0
TXN001771,2023-01-31,CUST0396,Rajesh Malhotra,East,Ranchi,Cosmetics,Lipstick,3,608.16,306.75,0.2,1824.48,364.9,1459.58,539.33,Debit Card,0
TXN001772,2023-02-17,CUST0154,Kiran Bose,East,Bhubaneswar,Clothing,Winter Jacket,1,4050.36,2162.88,0.15,4050.36,607.55,3442.81,1279.93,Cash,0
TXN001773,2023-04-01,CUST0433,Vijay Singh,North,Lucknow,Furniture,Wardrobe,2,17653.39,12166.96,0.05,35306.78,1765.34,33541.44,9207.52,Debit Card,0
TXN001774,2024-07-25,CUST0052,Pallavi Shah,North,Jaipur,Furniture,Dining Table,1,21457.95,15396.18,0.2,21457.95,4291.59,17166.36,1770.18,Credit Card,0
TXN001775,2024-11-15,CUST0401,Kiran Bose,West,Surat,Electronics,Wireless Earbuds,1,3749.85,2257.41,0.15,3749.85,562.48,3187.37,929.96,Credit Card,0
TXN001776,2023-10-10,CUST0405,Sunita Mishra,Central,Varanasi,Furniture,Dining Table,4,22358.59,15320.63,0.0,89434.36,0.0,89434.36,28151.84,Debit Card,0
TXN001777,2023-03-24,CUST0156,Deepak Tiwari,Central,Bhopal,Cosmetics,Moisturiser 50g,2,547.03,273.43,0.1,1094.06,109.41,984.65,437.79,Net Banking,0
TXN001778,2023-11-05,CUST0372,Meera Das,South,Chennai,Groceries,Whole Wheat Flour 5kg,3,267.94,187.81,0.0,803.82,0.0,803.82,240.39,UPI,0
TXN001779,2023-04-24,CUST0009,Kiran Bose,East,Guwahati,Groceries,Pulses 1kg,2,140.5,100.45,0.0,281.0,0.0,281.0,80.1,Debit Card,0
TXN001780,2024-10-20,CUST0282,Amit Kumar,North,Delhi,Cosmetics,Sunscreen SPF50,1,468.84,274.44,0.1,468.84,46.88,421.96,147.52,Net Banking,0
TXN001781,2023-09-13,CUST0413,Anita Verma,West,Pune,Groceries,Cooking Oil 1L,1,178.76,132.92,0.1,178.76,17.88,160.88,27.96,Cash,0
TXN001782,2023-10-11,CUST0178,Swati Kapoor,West,Nagpur,Electronics,Smart TV,4,35377.05,27593.2,0.0,141508.2,0.0,141508.2,31135.4,Cash,0
TXN001783,2023-02-14,CUST0016,Sneha Gupta,South,Hyderabad,Groceries,Cooking Oil 1L,1,192.66,127.55,0.2,192.66,38.53,154.13,26.58,UPI,0
TXN001784,2024-09-17,CUST0329,Swati Kapoor,Central,Varanasi,Electronics,Smartphone,1,22539.02,16592.49,0.15,22539.02,3380.85,19158.17,2565.68,Net Banking,0
TXN001785,2023-03-01,CUST0042,Amit Kumar,North,Chandigarh,Electronics,Wireless Earbuds,1,3652.02,2254.44,0.0,3652.02,0.0,3652.02,1397.58,Debit Card,0
TXN001786,2023-01-14,CUST0302,Mohit Saxena,West,Mumbai,Clothing,Men's T-Shirt,1,848.96,349.92,0.0,848.96,0.0,848.96,499.04,UPI,0
TXN001787,2024-07-22,CUST0133,Sneha Gupta,North,Jaipur,Clothing,Denim Jeans,1,2655.66,1167.67,0.1,2655.66,265.57,2390.09,1222.42,Net Banking,0
TXN001788,2024-10-13,CUST0175,Kavita Joshi,Central,Raipur,Groceries,Basmati Rice 5kg,1,469.94,302.13,0.05,469.94,23.5,446.44,144.31,Debit Card,0
TXN001789,2024-12-24,CUST0400,Suresh Pillai,West,Pune,Sports,Badminton Racket,1,1541.55,873.19,0.0,1541.55,0.0,1541.55,668.36,Net Banking,0
TXN001790,2023-08-21,CUST0316,Lakshmi Rao,West,Mumbai,Furniture,Office Chair,1,8779.47,5804.17,0.2,8779.47,1755.89,7023.58,1219.41,Credit Card,0
TXN001791,2023-07-27,CUST0021,Suresh Pillai,Central,Varanasi,Groceries,Sugar 1kg,1,53.88,41.59,0.0,53.88,0.0,53.88,12.29,UPI,0
TXN001792,2023-04-19,CUST0188,Geeta Bhatt,North,Chandigarh,Groceries,Pulses 1kg,2,133.31,101.34,0.1,266.62,26.66,239.96,37.28,Debit Card,0
TXN001793,2024-05-27,CUST0084,Mohit Saxena,South,Hyderabad,Cosmetics,Lipstick,2,588.21,308.05,0.0,1176.42,0.0,1176.42,560.32,Cash,0
TXN001794,2023-02-08,CUST0204,Rekha Srivastava,West,Nagpur,Cosmetics,Foundation,3,928.42,530.82,0.0,2785.26,0.0,2785.26,1192.8,UPI,0
TXN001795,2024-03-29,CUST0357,Pallavi Shah,East,Kolkata,Furniture,Dining Table,1,23704.02,15372.95,0.0,23704.02,0.0,23704.02,8331.07,Credit Card,0
TXN001796,2023-02-26,CUST0112,Rohan Mehta,West,Ahmedabad,Clothing,Winter Jacket,1,3842.66,2197.41,0.0,3842.66,0.0,3842.66,1645.25,Debit Card,0
TXN001797,2024-10-26,CUST0071,Pooja Nair,East,Bhubaneswar,Groceries,Cooking Oil 1L,2,187.74,132.85,0.1,375.48,37.55,337.93,72.23,Net Banking,0
TXN001798,2024-05-30,CUST0039,Mohit Saxena,North,Delhi,Groceries,Basmati Rice 5kg,1,477.35,311.87,0.2,477.35,95.47,381.88,70.01,Cash,0
TXN001799,2023-08-23,CUST0358,Pooja Nair,North,Lucknow,Electronics,Smart TV,1,37489.6,27081.08,0.05,37489.6,1874.48,35615.12,8534.04,UPI,0
TXN001800,2023-09-08,CUST0009,Mohit Saxena,Central,Raipur,Clothing,Denim Jeans,2,2580.2,1170.73,0.0,5160.4,0.0,5160.4,2818.94,Cash,0
TXN001801,2023-10-10,CUST0164,Lakshmi Rao,West,Ahmedabad,Clothing,Winter Jacket,1,4271.27,2246.93,0.0,4271.27,0.0,4271.27,2024.34,Credit Card,0
TXN001802,2023-11-25,CUST0414,Sneha Gupta,North,Chandigarh,Sports,Cricket Bat,3,3256.54,1844.02,0.0,9769.62,0.0,9769.62,4237.56,Credit Card,0
TXN001803,2024-01-17,CUST0344,Geeta Bhatt,West,Nagpur,Electronics,Tablet,1,19406.02,13108.8,0.2,19406.02,3881.2,15524.82,2416.02,Net Banking,0
TXN001804,2023-08-21,CUST0396,Sanjay Yadav,North,Chandigarh,Groceries,Whole Wheat Flour 5kg,2,253.82,192.71,0.0,507.64,0.0,507.64,122.22,UPI,0
TXN001805,2024-04-24,CUST0197,Geeta Bhatt,East,Kolkata,Furniture,Office Chair,3,9129.31,5787.42,0.0,27387.93,0.0,27387.93,10025.67,Debit Card,0
TXN001806,2024-05-07,CUST0158,Kavita Joshi,South,Kochi,Cosmetics,Sunscreen SPF50,2,431.63,263.48,0.0,863.26,0.0,863.26,336.3,Net Banking,0
TXN001807,2023-07-10,CUST0289,Anita Verma,East,Kolkata,Groceries,Pulses 1kg,3,147.11,99.3,0.0,441.33,0.0,441.33,143.43,Debit Card,0
TXN001808,2024-02-08,CUST0230,Meera Das,West,Pune,Furniture,Wooden Desk,1,12399.0,8670.29,0.0,12399.0,0.0,12399.0,3728.71,UPI,0
TXN001809,2023-01-11,CUST0373,Asha Pandey,West,Pune,Clothing,Winter Jacket,3,4222.79,2258.49,0.0,12668.37,0.0,12668.37,5892.9,UPI,0
TXN001810,2024-12-09,CUST0311,Priya Patel,Central,Indore,Clothing,Formal Shirt,1,1825.42,900.21,0.05,1825.42,91.27,1734.15,833.94,UPI,0
TXN001811,2024-12-11,CUST0399,Kavita Joshi,East,Ranchi,Sports,Running Shoes,1,4792.19,3168.24,0.0,4792.19,0.0,4792.19,1623.95,Debit Card,0
TXN001812,2023-01-27,CUST0306,Swati Kapoor,Central,Indore,Furniture,Wooden Desk,1,12439.88,8623.52,0.0,12439.88,0.0,12439.88,3816.36,UPI,0
TXN001813,2023-09-21,CUST0452,Suresh Pillai,East,Bhubaneswar,Cosmetics,Sunscreen SPF50,2,431.4,269.57,0.1,862.8,86.28,776.52,237.38,UPI,0
TXN001814,2023-12-19,CUST0270,Sanjay Yadav,West,Mumbai,Sports,Cycle Helmet,1,1402.14,787.58,0.2,1402.14,280.43,1121.71,334.13,Credit Card,0
TXN001815,2024-05-03,CUST0247,Sneha Gupta,West,Pune,Furniture,Wardrobe,2,17575.37,12319.46,0.0,35150.74,0.0,35150.74,10511.82,Cash,0
TXN001816,2024-04-20,CUST0030,Arun Patil,West,Surat,Sports,Cricket Bat,3,3284.83,1757.51,0.0,9854.49,0.0,9854.49,4581.96,Debit Card,0
TXN001817,2024-07-10,CUST0218,Ravi Chandra,East,Patna,Sports,Running Shoes,1,5030.09,3284.48,0.2,5030.09,1006.02,4024.07,739.59,Cash,0
TXN001818,2023-07-03,CUST0095,Rekha Srivastava,South,Kochi,Sports,Badminton Racket,1,1427.18,926.83,0.0,1427.18,0.0,1427.18,500.35,UPI,0
TXN001819,2023-03-21,CUST0205,Nisha Trivedi,Central,Bhopal,Electronics,Smart TV,1,33351.47,26539.98,0.0,33351.47,0.0,33351.47,6811.49,Credit Card,0
TXN001820,2023-02-10,CUST0235,Anita Verma,North,Delhi,Groceries,Pulses 1kg,2,137.16,98.11,0.2,274.32,54.86,219.46,23.24,Debit Card,0
TXN001821,2024-01-21,CUST0277,Kavita Joshi,North,Jaipur,Clothing,Formal Shirt,1,1973.2,922.46,0.0,1973.2,0.0,1973.2,1050.74,Net Banking,0
TXN001822,2024-02-12,CUST0419,Asha Pandey,East,Patna,Electronics,Smartphone,2,23807.22,17118.1,0.1,47614.44,4761.44,42853.0,8616.8,Debit Card,0
TXN001823,2024-09-10,CUST0082,Rajesh Malhotra,Central,Indore,Clothing,Winter Jacket,1,4094.93,2205.4,0.0,4094.93,0.0,4094.93,1889.53,Net Banking,0
TXN001824,2024-02-01,CUST0215,Suresh Pillai,North,Lucknow,Sports,Running Shoes,1,4793.67,3263.45,0.15,4793.67,719.05,4074.62,811.17,UPI,0
TXN001825,2023-06-25,CUST0301,Divya Iyer,South,Mysore,Cosmetics,Lipstick,1,613.01,312.3,0.15,613.01,91.95,521.06,208.76,Cash,0
TXN001826,2023-01-01,CUST0386,Meera Das,Central,Varanasi,Groceries,Basmati Rice 5kg,2,455.76,309.91,0.0,911.52,0.0,911.52,291.7,Cash,0
TXN001827,2024-07-12,CUST0484,Pooja Nair,North,Amritsar,Clothing,Formal Shirt,2,1730.03,893.06,0.2,3460.06,692.01,2768.05,981.93,Credit Card,0
TXN001828,2023-10-14,CUST0127,Rohan Mehta,Central,Bhopal,Sports,Yoga Mat,3,877.43,538.68,0.0,2632.29,0.0,2632.29,1016.25,Credit Card,0
TXN001829,2023-06-21,CUST0317,Rajesh Malhotra,North,Delhi,Clothing,Denim Jeans,3,2503.02,1234.09,0.0,7509.06,0.0,7509.06,3806.79,Credit Card,1
TXN001830,2023-10-18,CUST0146,Nikhil Dubey,North,Chandigarh,Furniture,Dining Table,1,22564.17,15048.95,0.1,22564.17,2256.42,20307.75,5258.8,Credit Card,0
TXN001831,2023-09-09,CUST0178,Ravi Chandra,South,Hyderabad,Clothing,Winter Jacket,3,3878.39,2241.16,0.0,11635.17,0.0,11635.17,4911.69,Net Banking,1
TXN001832,2023-08-25,CUST0171,Arun Patil,East,Patna,Electronics,Smartphone,1,23803.02,16548.68,0.2,23803.02,4760.6,19042.42,2493.74,Net Banking,0
TXN001833,2024-09-18,CUST0302,Divya Iyer,South,Bangalore,Electronics,Smartphone,2,21553.69,16980.74,0.0,43107.38,0.0,43107.38,9145.9,Debit Card,0
TXN001834,2023-01-16,CUST0319,Geeta Bhatt,Central,Raipur,Cosmetics,Face Wash 100ml,2,309.45,163.86,0.0,618.9,0.0,618.9,291.18,Cash,0
TXN001835,2023-07-05,CUST0243,Arjun Reddy,North,Chandigarh,Electronics,Smart TV,1,33922.57,26876.15,0.0,33922.57,0.0,33922.57,7046.42,Credit Card,0
TXN001836,2024-06-04,CUST0456,Sunita Mishra,West,Ahmedabad,Furniture,Office Chair,3,9219.06,5675.37,0.0,27657.18,0.0,27657.18,10631.07,UPI,0
TXN001837,2023-08-23,CUST0032,Rohan Mehta,Central,Gwalior,Clothing,Saree,1,4950.44,2556.18,0.0,4950.44,0.0,4950.44,2394.26,Credit Card,0
TXN001838,2023-03-06,CUST0396,Vijay Singh,South,Hyderabad,Groceries,Basmati Rice 5kg,1,448.95,305.74,0.15,448.95,67.34,381.61,75.87,Cash,0
TXN001839,2023-04-18,CUST0192,Nikhil Dubey,North,Amritsar,Furniture,Sofa Set,3,33983.2,23951.24,0.0,101949.6,0.0,101949.6,30095.88,Debit Card,0
TXN001840,2023-06-07,CUST0165,Nikhil Dubey,Central,Gwalior,Clothing,Saree,1,5362.91,2519.24,0.15,5362.91,804.44,4558.47,2039.23,Net Banking,0
TXN001841,2024-08-27,CUST0493,Rohan Mehta,North,Lucknow,Sports,Running Shoes,1,5224.49,3263.27,0.0,5224.49,0.0,5224.49,1961.22,Credit Card,0
TXN001842,2024-08-26,CUST0085,Arjun Reddy,Central,Varanasi,Groceries,Basmati Rice 5kg,2,451.66,312.19,0.0,903.32,0.0,903.32,278.94,UPI,0
TXN001843,2024-11-12,CUST0099,Mohit Saxena,West,Ahmedabad,Electronics,Wireless Earbuds,1,3736.8,2231.05,0.1,3736.8,373.68,3363.12,1132.07,Net Banking,0
TXN001844,2023-11-25,CUST0247,Vijay Singh,West,Pune,Furniture,Wooden Desk,4,11432.38,8504.04,0.05,45729.52,2286.48,43443.04,9426.88,Net Banking,0
TXN001845,2024-01-07,CUST0446,Divya Iyer,South,Hyderabad,Cosmetics,Lipstick,2,584.21,303.66,0.0,1168.42,0.0,1168.42,561.1,Cash,0
TXN001846,2024-06-30,CUST0390,Sanjay Yadav,West,Pune,Groceries,Sugar 1kg,2,53.67,41.78,0.1,107.34,10.73,96.61,13.05,Credit Card,0
TXN001847,2023-04-03,CUST0311,Nikhil Dubey,South,Chennai,Clothing,Denim Jeans,4,2439.65,1164.82,0.0,9758.6,0.0,9758.6,5099.32,UPI,0
TXN001848,2024-12-11,CUST0424,Mohit Saxena,South,Kochi,Furniture,Office Chair,3,8409.4,5915.2,0.0,25228.2,0.0,25228.2,7482.6,Cash,1
TXN001849,2024-01-05,CUST0390,Amit Kumar,South,Bangalore,Furniture,Bookshelf,1,6400.81,4385.22,0.15,6400.81,960.12,5440.69,1055.47,Net Banking,0
TXN001850,2024-01-15,CUST0045,Ravi Chandra,Central,Gwalior,Clothing,Women's Kurti,1,1265.29,612.11,0.0,1265.29,0.0,1265.29,653.18,Credit Card,0
TXN001851,2023-01-06,CUST0473,Rekha Srivastava,West,Mumbai,Sports,Yoga Mat,1,897.25,542.77,0.0,897.25,0.0,897.25,354.48,UPI,0
TXN001852,2023-02-26,CUST0006,Rahul Sharma,West,Pune,Furniture,Bookshelf,1,6387.93,4506.94,0.0,6387.93,0.0,6387.93,1880.99,Net Banking,0
TXN001853,2024-04-19,CUST0445,Rajesh Malhotra,East,Guwahati,Electronics,Smart TV,3,37751.3,27280.74,0.0,113253.9,0.0,113253.9,31411.68,Credit Card,0
TXN001854,2023-04-28,CUST0481,Rohan Mehta,Central,Raipur,Groceries,Tea Powder 500g,1,202.43,154.4,0.0,202.43,0.0,202.43,48.03,Cash,0
TXN001855,2023-10-10,CUST0245,Meera Das,East,Kolkata,Cosmetics,Moisturiser 50g,1,523.34,278.12,0.0,523.34,0.0,523.34,245.22,Cash,0
TXN001856,2024-12-10,CUST0451,Meera Das,East,Ranchi,Groceries,Cooking Oil 1L,3,187.84,126.45,0.0,563.52,0.0,563.52,184.17,Cash,0
TXN001857,2023-12-15,CUST0358,Anita Verma,Central,Varanasi,Electronics,Laptop,3,46904.6,37290.43,0.0,140713.8,0.0,140713.8,28842.51,Cash,0
TXN001858,2023-10-21,CUST0138,Divya Iyer,West,Ahmedabad,Groceries,Whole Wheat Flour 5kg,1,240.42,189.96,0.0,240.42,0.0,240.42,50.46,UPI,0
TXN001859,2023-07-21,CUST0275,Divya Iyer,West,Nagpur,Groceries,Sugar 1kg,1,53.62,42.94,0.2,53.62,10.72,42.9,-0.04,Credit Card,0
TXN001860,2023-05-21,CUST0376,Nikhil Dubey,Central,Bhopal,Groceries,Tea Powder 500g,1,214.23,152.19,0.05,214.23,10.71,203.52,51.33,Debit Card,0
TXN001861,2023-01-13,CUST0090,Amit Kumar,North,Amritsar,Groceries,Cooking Oil 1L,1,194.91,129.86,0.0,194.91,0.0,194.91,65.05,UPI,0
TXN001862,2023-08-29,CUST0040,Sanjay Yadav,Central,Gwalior,Electronics,Laptop,1,46675.47,37362.45,0.1,46675.47,4667.55,42007.92,4645.47,UPI,0
TXN001863,2024-05-15,CUST0027,Kiran Bose,West,Mumbai,Groceries,Cooking Oil 1L,1,185.11,128.25,0.05,185.11,9.26,175.85,47.6,UPI,0
TXN001864,2024-04-07,CUST0387,Kavita Joshi,East,Guwahati,Groceries,Sugar 1kg,3,59.25,41.07,0.05,177.75,8.89,168.86,45.65,UPI,0
TXN001865,2023-03-10,CUST0232,Lakshmi Rao,East,Kolkata,Sports,Dumbbells Set,2,3623.87,2257.87,0.0,7247.74,0.0,7247.74,2732.0,Credit Card,0
TXN001866,2023-04-23,CUST0288,Kiran Bose,Central,Raipur,Groceries,Basmati Rice 5kg,1,474.58,312.79,0.2,474.58,94.92,379.66,66.87,Cash,0
TXN001867,2023-08-30,CUST0126,Rohan Mehta,West,Mumbai,Groceries,Basmati Rice 5kg,2,445.52,308.6,0.1,891.04,89.1,801.94,184.74,Cash,0
TXN001868,2024-10-22,CUST0281,Nisha Trivedi,South,Bangalore,Furniture,Sofa Set,4,36929.43,24558.24,0.0,147717.72,0.0,147717.72,49484.76,Credit Card,0
TXN001869,2023-07-07,CUST0260,Meera Das,West,Nagpur,Cosmetics,Lipstick,2,638.33,309.11,0.15,1276.66,191.5,1085.16,466.94,Debit Card,0
TXN001870,2023-12-04,CUST0417,Anita Verma,North,Jaipur,Furniture,Wooden Desk,1,12430.75,8349.22,0.15,12430.75,1864.61,10566.14,2216.92,Net Banking,0
TXN001871,2024-05-30,CUST0155,Ravi Chandra,West,Mumbai,Cosmetics,Lipstick,3,645.26,316.4,0.15,1935.78,290.37,1645.41,696.21,Credit Card,0
TXN001872,2023-05-01,CUST0280,Swati Kapoor,North,Lucknow,Cosmetics,Hair Serum 100ml,1,708.36,404.8,0.0,708.36,0.0,708.36,303.56,UPI,0
TXN001873,2024-03-29,CUST0459,Rajesh Malhotra,West,Pune,Clothing,Men's T-Shirt,1,778.57,359.05,0.15,778.57,116.79,661.78,302.73,Cash,0
TXN001874,2024-08-17,CUST0252,Sneha Gupta,Central,Gwalior,Electronics,Router,1,3077.98,1936.07,0.0,3077.98,0.0,3077.98,1141.91,Net Banking,0
TXN001875,2024-12-20,CUST0158,Sunita Mishra,South,Chennai,Furniture,Office Chair,1,8082.75,5773.17,0.2,8082.75,1616.55,6466.2,693.03,Debit Card,0
TXN001876,2024-08-24,CUST0121,Rajesh Malhotra,North,Chandigarh,Cosmetics,Sunscreen SPF50,2,467.42,273.03,0.15,934.84,140.23,794.61,248.55,Cash,0
TXN001877,2023-09-01,CUST0014,Kiran Bose,East,Ranchi,Cosmetics,Face Wash 100ml,3,309.42,164.59,0.05,928.26,46.41,881.85,388.08,Net Banking,0
TXN001878,2024-09-23,CUST0084,Sanjay Yadav,Central,Varanasi,Clothing,Men's T-Shirt,2,803.14,360.42,0.1,1606.28,160.63,1445.65,724.81,Credit Card,0
TXN001879,2024-06-08,CUST0372,Asha Pandey,East,Bhubaneswar,Electronics,Router,3,2944.88,1927.4,0.05,8834.64,441.73,8392.91,2610.71,Cash,0
TXN001880,2024-05-29,CUST0348,Sneha Gupta,North,Jaipur,Cosmetics,Foundation,4,982.68,512.86,0.0,3930.72,0.0,3930.72,1879.28,Debit Card,0
TXN001881,2024-06-24,CUST0462,Swati Kapoor,North,Delhi,Furniture,Wardrobe,3,18668.48,12160.35,0.0,56005.44,0.0,56005.44,19524.39,Net Banking,0
TXN001882,2023-01-02,CUST0212,Harish Agarwal,West,Mumbai,Electronics,Smart TV,1,33535.6,27160.5,0.0,33535.6,0.0,33535.6,6375.1,Debit Card,0
TXN001883,2023-02-19,CUST0077,Deepak Tiwari,Central,Gwalior,Electronics,Wireless Earbuds,1,3775.98,2193.96,0.05,3775.98,188.8,3587.18,1393.22,Credit Card,0
TXN001884,2024-02-29,CUST0010,Suresh Pillai,East,Patna,Sports,Dumbbells Set,1,3718.88,2137.99,0.2,3718.88,743.78,2975.1,837.11,Credit Card,0
TXN001885,2024-11-06,CUST0217,Nisha Trivedi,East,Ranchi,Clothing,Saree,1,4815.65,2487.84,0.0,4815.65,0.0,4815.65,2327.81,Net Banking,0
TXN001886,2024-09-06,CUST0017,Deepak Tiwari,West,Mumbai,Clothing,Winter Jacket,1,4042.68,2151.48,0.1,4042.68,404.27,3638.41,1486.93,Credit Card,0
TXN001887,2023-09-03,CUST0138,Rohan Mehta,West,Mumbai,Cosmetics,Moisturiser 50g,3,524.39,286.42,0.0,1573.17,0.0,1573.17,713.91,Debit Card,0
TXN001888,2024-01-26,CUST0042,Anita Verma,South,Hyderabad,Groceries,Pulses 1kg,1,147.29,102.25,0.0,147.29,0.0,147.29,45.04,Cash,0
TXN001889,2023-10-30,CUST0490,Kavita Joshi,South,Hyderabad,Clothing,Saree,4,5196.46,2512.84,0.0,20785.84,0.0,20785.84,10734.48,UPI,0
TXN001890,2023-01-10,CUST0128,Sunita Mishra,East,Ranchi,Furniture,Sofa Set,1,37570.32,24614.66,0.0,37570.32,0.0,37570.32,12955.66,UPI,0
TXN001891,2024-04-04,CUST0114,Nikhil Dubey,East,Bhubaneswar,Furniture,Bookshelf,3,6847.46,4376.35,0.0,20542.38,0.0,20542.38,7413.33,UPI,0
TXN001892,2023-03-23,CUST0424,Nikhil Dubey,West,Ahmedabad,Groceries,Tea Powder 500g,3,200.01,152.61,0.05,600.03,30.0,570.03,112.2,Debit Card,0
TXN001893,2024-06-06,CUST0205,Meera Das,North,Lucknow,Cosmetics,Hair Serum 100ml,1,718.34,394.63,0.15,718.34,107.75,610.59,215.96,Credit Card,1
TXN001894,2023-05-11,CUST0209,Pooja Nair,North,Jaipur,Furniture,Sofa Set,2,36422.67,24179.9,0.1,72845.34,7284.53,65560.81,17201.01,Net Banking,0
TXN001895,2024-01-17,CUST0095,Anita Verma,Central,Varanasi,Cosmetics,Moisturiser 50g,1,493.25,281.76,0.05,493.25,24.66,468.59,186.83,UPI,0
TXN001896,2023-05-12,CUST0091,Rohan Mehta,West,Surat,Electronics,Smart TV,2,38230.3,27112.1,0.05,76460.6,3823.03,72637.57,18413.37,Debit Card,0
TXN001897,2024-08-27,CUST0284,Pallavi Shah,Central,Indore,Sports,Cycle Helmet,1,1340.86,786.34,0.2,1340.86,268.17,1072.69,286.35,UPI,0
TXN001898,2024-02-14,CUST0007,Pooja Nair,West,Surat,Furniture,Dining Table,1,21518.06,15374.73,0.05,21518.06,1075.9,20442.16,5067.43,Cash,0
TXN001899,2024-06-21,CUST0307,Amit Kumar,Central,Raipur,Sports,Yoga Mat,2,925.23,539.76,0.2,1850.46,370.09,1480.37,400.85,Credit Card,1
TXN001900,2024-02-17,CUST0239,Nisha Trivedi,North,Delhi,Groceries,Whole Wheat Flour 5kg,1,239.36,195.46,0.15,239.36,35.9,203.46,8.0,UPI,0
TXN001901,2024-09-23,CUST0037,Rohan Mehta,North,Lucknow,Cosmetics,Sunscreen SPF50,1,486.27,273.74,0.1,486.27,48.63,437.64,163.9,Debit Card,0
TXN001902,2023-07-29,CUST0068,Priya Patel,Central,Varanasi,Groceries,Cooking Oil 1L,1,195.33,132.68,0.05,195.33,9.77,185.56,52.88,Net Banking,0
TXN001903,2024-03-21,CUST0318,Nikhil Dubey,West,Ahmedabad,Clothing,Saree,2,4850.6,2561.29,0.0,9701.2,0.0,9701.2,4578.62,Credit Card,0
TXN001904,2023-07-07,CUST0053,Sunita Mishra,South,Bangalore,Sports,Running Shoes,1,5493.9,3186.2,0.2,5493.9,1098.78,4395.12,1208.92,Debit Card,0
TXN001905,2024-09-27,CUST0243,Rekha Srivastava,Central,Gwalior,Electronics,Router,3,2884.26,1943.25,0.0,8652.78,0.0,8652.78,2823.03,Debit Card,0
TXN001906,2023-01-03,CUST0079,Arun Patil,West,Surat,Electronics,Wireless Earbuds,1,3551.07,2177.98,0.05,3551.07,177.55,3373.52,1195.54,Debit Card,0
TXN001907,2023-01-07,CUST0339,Sunita Mishra,East,Guwahati,Groceries,Basmati Rice 5kg,1,492.59,312.91,0.05,492.59,24.63,467.96,155.05,Debit Card,0
TXN001908,2023-04-10,CUST0032,Kavita Joshi,West,Surat,Furniture,Wooden Desk,1,12556.25,8282.37,0.0,12556.25,0.0,12556.25,4273.88,UPI,0
TXN001909,2024-08-12,CUST0303,Rohan Mehta,South,Bangalore,Clothing,Saree,1,5375.79,2514.64,0.0,5375.79,0.0,5375.79,2861.15,Net Banking,0
TXN001910,2023-08-04,CUST0141,Swati Kapoor,South,Hyderabad,Cosmetics,Moisturiser 50g,3,534.71,285.91,0.0,1604.13,0.0,1604.13,746.4,UPI,0
TXN001911,2024-09-15,CUST0162,Amit Kumar,East,Guwahati,Furniture,Office Chair,1,8605.38,5670.78,0.0,8605.38,0.0,8605.38,2934.6,Cash,0
TXN001912,2024-04-26,CUST0286,Swati Kapoor,North,Amritsar,Electronics,Smart TV,3,36556.84,27773.48,0.15,109670.52,16450.58,93219.94,9899.5,Debit Card,0
TXN001913,2024-12-12,CUST0417,Amit Kumar,South,Mysore,Sports,Dumbbells Set,3,3425.13,2167.76,0.1,10275.39,1027.54,9247.85,2744.57,Net Banking,0
TXN001914,2024-06-05,CUST0459,Mohit Saxena,East,Ranchi,Cosmetics,Face Wash 100ml,2,316.74,162.95,0.0,633.48,0.0,633.48,307.58,UPI,0
TXN001915,2024-09-26,CUST0026,Pooja Nair,East,Bhubaneswar,Sports,Cycle Helmet,2,1360.04,815.42,0.0,2720.08,0.0,2720.08,1089.24,Cash,0
TXN001916,2023-01-13,CUST0128,Sunita Mishra,East,Patna,Electronics,Wireless Earbuds,2,3470.05,2136.43,0.2,6940.1,1388.02,5552.08,1279.22,Net Banking,0
TXN001917,2023-03-25,CUST0264,Divya Iyer,North,Chandigarh,Sports,Running Shoes,1,5453.74,3244.43,0.0,5453.74,0.0,5453.74,2209.31,Net Banking,0
TXN001918,2024-12-01,CUST0312,Nikhil Dubey,North,Jaipur,Sports,Badminton Racket,3,1426.85,894.15,0.0,4280.55,0.0,4280.55,1598.1,Debit Card,0
TXN001919,2024-01-27,CUST0310,Suresh Pillai,West,Nagpur,Clothing,Women's Kurti,1,1315.4,589.2,0.0,1315.4,0.0,1315.4,726.2,Debit Card,0
TXN001920,2023-01-22,CUST0286,Lakshmi Rao,Central,Bhopal,Furniture,Sofa Set,1,33473.5,24316.56,0.1,33473.5,3347.35,30126.15,5809.59,Cash,0
TXN001921,2023-02-12,CUST0444,Kavita Joshi,North,Amritsar,Cosmetics,Hair Serum 100ml,3,750.27,403.1,0.0,2250.81,0.0,2250.81,1041.51,Cash,0
TXN001922,2024-11-28,CUST0174,Asha Pandey,South,Kochi,Furniture,Office Chair,5,8197.72,5812.92,0.1,40988.6,4098.86,36889.74,7825.14,Cash,0
TXN001923,2024-02-13,CUST0076,Rahul Sharma,North,Delhi,Sports,Cycle Helmet,1,1322.67,808.82,0.0,1322.67,0.0,1322.67,513.85,Debit Card,0
TXN001924,2024-04-26,CUST0358,Geeta Bhatt,West,Surat,Groceries,Whole Wheat Flour 5kg,3,264.17,187.68,0.15,792.51,118.88,673.63,110.59,Cash,0
TXN001925,2024-11-26,CUST0174,Pallavi Shah,South,Chennai,Electronics,Smart TV,3,37165.96,27523.06,0.1,111497.88,11149.79,100348.09,17778.91,Credit Card,0
TXN001926,2024-03-07,CUST0360,Arun Patil,West,Surat,Furniture,Wooden Desk,1,12971.0,8336.7,0.0,12971.0,0.0,12971.0,4634.3,Net Banking,0
TXN001927,2023-01-03,CUST0285,Nisha Trivedi,North,Chandigarh,Cosmetics,Foundation,2,856.27,516.07,0.2,1712.54,342.51,1370.03,337.89,UPI,0
TXN001928,2024-02-02,CUST0223,Mohit Saxena,North,Lucknow,Electronics,Smart TV,2,34491.65,26831.89,0.0,68983.3,0.0,68983.3,15319.52,Cash,0
TXN001929,2023-05-13,CUST0304,Sneha Gupta,North,Jaipur,Groceries,Basmati Rice 5kg,1,428.24,304.72,0.0,428.24,0.0,428.24,123.52,Credit Card,0
TXN001930,2023-08-31,CUST0103,Arun Patil,South,Hyderabad,Clothing,Men's T-Shirt,1,831.96,346.62,0.15,831.96,124.79,707.17,360.55,UPI,0
TXN001931,2024-08-05,CUST0367,Asha Pandey,Central,Raipur,Clothing,Men's T-Shirt,1,875.21,340.37,0.1,875.21,87.52,787.69,447.32,UPI,0
TXN001932,2024-04-19,CUST0303,Vijay Singh,West,Ahmedabad,Cosmetics,Lipstick,1,592.21,305.78,0.15,592.21,88.83,503.38,197.6,Cash,0
TXN001933,2024-07-24,CUST0281,Sunita Mishra,East,Patna,Groceries,Cooking Oil 1L,1,171.44,130.48,0.15,171.44,25.72,145.72,15.24,UPI,0
TXN001934,2023-12-25,CUST0306,Geeta Bhatt,East,Patna,Groceries,Sugar 1kg,2,60.34,41.14,0.0,120.68,0.0,120.68,38.4,Debit Card,0
TXN001935,2024-05-20,CUST0431,Vijay Singh,North,Lucknow,Cosmetics,Foundation,1,963.5,507.6,0.05,963.5,48.18,915.32,407.72,Debit Card,0
TXN001936,2023-02-01,CUST0009,Vijay Singh,East,Guwahati,Cosmetics,Moisturiser 50g,1,530.77,286.75,0.05,530.77,26.54,504.23,217.48,Credit Card,0
TXN001937,2023-03-06,CUST0326,Amit Kumar,East,Kolkata,Electronics,Tablet,3,17283.2,12789.71,0.15,51849.6,7777.44,44072.16,5703.03,UPI,0
TXN001938,2023-04-07,CUST0131,Pooja Nair,North,Lucknow,Sports,Running Shoes,1,5178.03,3175.7,0.0,5178.03,0.0,5178.03,2002.33,Cash,0
TXN001939,2024-08-27,CUST0349,Geeta Bhatt,West,Nagpur,Groceries,Basmati Rice 5kg,1,476.9,307.5,0.0,476.9,0.0,476.9,169.4,Debit Card,0
TXN001940,2024-04-23,CUST0478,Deepak Tiwari,East,Guwahati,Electronics,Wireless Earbuds,1,3815.13,2144.55,0.15,3815.13,572.27,3242.86,1098.31,Net Banking,0
TXN001941,2024-03-21,CUST0366,Sunita Mishra,East,Guwahati,Sports,Yoga Mat,1,870.64,541.26,0.0,870.64,0.0,870.64,329.38,UPI,0
TXN001942,2024-11-17,CUST0497,Kavita Joshi,West,Nagpur,Electronics,Tablet,3,18953.99,12648.36,0.0,56861.97,0.0,56861.97,18916.89,UPI,0
TXN001943,2023-04-01,CUST0112,Rohan Mehta,South,Bangalore,Cosmetics,Face Wash 100ml,1,311.12,159.35,0.0,311.12,0.0,311.12,151.77,Credit Card,0
TXN001944,2024-09-10,CUST0021,Anita Verma,South,Chennai,Clothing,Formal Shirt,1,1978.44,894.86,0.0,1978.44,0.0,1978.44,1083.58,Net Banking,1
TXN001945,2023-11-26,CUST0471,Kavita Joshi,South,Kochi,Furniture,Sofa Set,1,34230.87,23518.09,0.05,34230.87,1711.54,32519.33,9001.24,Net Banking,1
TXN001946,2023-06-13,CUST0012,Ravi Chandra,Central,Raipur,Cosmetics,Moisturiser 50g,1,477.55,275.6,0.0,477.55,0.0,477.55,201.95,Cash,0
TXN001947,2023-01-01,CUST0037,Sunita Mishra,Central,Indore,Clothing,Women's Kurti,1,1275.44,592.69,0.15,1275.44,191.32,1084.12,491.43,Net Banking,0
TXN001948,2024-09-14,CUST0065,Rajesh Malhotra,West,Ahmedabad,Groceries,Basmati Rice 5kg,1,449.66,305.7,0.0,449.66,0.0,449.66,143.96,UPI,0
TXN001949,2024-03-29,CUST0202,Geeta Bhatt,Central,Gwalior,Sports,Cricket Bat,2,2904.97,1746.41,0.2,5809.94,1161.99,4647.95,1155.13,Debit Card,1
TXN001950,2023-08-07,CUST0231,Suresh Pillai,South,Kochi,Cosmetics,Sunscreen SPF50,4,480.09,276.7,0.05,1920.36,96.02,1824.34,717.54,UPI,0
TXN001951,2023-03-19,CUST0107,Asha Pandey,Central,Bhopal,Furniture,Sofa Set,3,33398.46,24435.82,0.0,100195.38,0.0,100195.38,26887.92,Debit Card,0
TXN001952,2024-01-23,CUST0323,Pooja Nair,East,Ranchi,Groceries,Cooking Oil 1L,1,187.85,132.31,0.0,187.85,0.0,187.85,55.54,Cash,0
TXN001953,2023-02-08,CUST0188,Deepak Tiwari,East,Kolkata,Clothing,Winter Jacket,1,4320.05,2196.47,0.2,4320.05,864.01,3456.04,1259.57,Credit Card,0
TXN001954,2024-03-06,CUST0208,Rohan Mehta,Central,Bhopal,Furniture,Wooden Desk,3,11424.83,8265.41,0.15,34274.49,5141.17,29133.32,4337.09,Net Banking,0
TXN001955,2024-01-01,CUST0301,Rohan Mehta,West,Ahmedabad,Furniture,Wardrobe,2,17821.62,12068.41,0.15,35643.24,5346.49,30296.75,6159.93,Cash,0
TXN001956,2023-08-11,CUST0307,Geeta Bhatt,Central,Varanasi,Cosmetics,Hair Serum 100ml,3,751.98,404.99,0.2,2255.94,451.19,1804.75,589.78,Cash,0
TXN001957,2024-12-24,CUST0410,Rekha Srivastava,North,Amritsar,Cosmetics,Hair Serum 100ml,5,665.54,394.77,0.15,3327.7,499.15,2828.55,854.7,Credit Card,0
TXN001958,2024-03-02,CUST0132,Rajesh Malhotra,West,Ahmedabad,Clothing,Women's Kurti,1,1259.73,590.01,0.1,1259.73,125.97,1133.76,543.75,UPI,0
TXN001959,2023-04-14,CUST0148,Asha Pandey,Central,Gwalior,Cosmetics,Hair Serum 100ml,2,754.96,390.5,0.1,1509.92,150.99,1358.93,577.93,Debit Card,0
TXN001960,2023-01-17,CUST0071,Nisha Trivedi,North,Chandigarh,Cosmetics,Foundation,1,912.97,526.21,0.0,912.97,0.0,912.97,386.76,Credit Card,0
TXN001961,2024-06-27,CUST0383,Deepak Tiwari,East,Guwahati,Groceries,Cooking Oil 1L,3,175.36,129.2,0.05,526.08,26.3,499.78,112.18,UPI,0
TXN001962,2024-06-09,CUST0248,Priya Patel,Central,Indore,Clothing,Women's Kurti,1,1321.78,605.15,0.15,1321.78,198.27,1123.51,518.36,Debit Card,0
TXN001963,2023-10-25,CUST0190,Kiran Bose,Central,Bhopal,Furniture,Wardrobe,4,18984.35,11823.9,0.15,75937.4,11390.61,64546.79,17251.19,Debit Card,0
TXN001964,2024-08-11,CUST0320,Sanjay Yadav,East,Guwahati,Electronics,Router,2,2796.32,1891.84,0.05,5592.64,279.63,5313.01,1529.33,Net Banking,0
TXN001965,2024-02-01,CUST0430,Asha Pandey,Central,Indore,Electronics,Wireless Earbuds,1,3430.7,2240.13,0.0,3430.7,0.0,3430.7,1190.57,Cash,0
TXN001966,2023-05-25,CUST0376,Suresh Pillai,West,Surat,Clothing,Men's T-Shirt,1,770.91,346.28,0.0,770.91,0.0,770.91,424.63,Net Banking,0
TXN001967,2023-10-12,CUST0131,Lakshmi Rao,Central,Varanasi,Groceries,Whole Wheat Flour 5kg,2,256.01,185.44,0.0,512.02,0.0,512.02,141.14,UPI,0
TXN001968,2023-01-08,CUST0439,Vijay Singh,Central,Varanasi,Groceries,Pulses 1kg,1,149.52,99.49,0.1,149.52,14.95,134.57,35.08,Debit Card,0
TXN001969,2024-01-01,CUST0395,Deepak Tiwari,West,Ahmedabad,Groceries,Whole Wheat Flour 5kg,1,247.13,187.75,0.0,247.13,0.0,247.13,59.38,Net Banking,0
TXN001970,2023-10-31,CUST0263,Arun Patil,South,Chennai,Sports,Running Shoes,3,5433.03,3295.64,0.0,16299.09,0.0,16299.09,6412.17,Credit Card,0
TXN001971,2024-04-26,CUST0079,Nisha Trivedi,North,Jaipur,Electronics,Smartphone,2,22953.3,17316.09,0.0,45906.6,0.0,45906.6,11274.42,Credit Card,0
TXN001972,2024-02-26,CUST0016,Sunita Mishra,North,Lucknow,Cosmetics,Face Wash 100ml,1,308.29,162.26,0.0,308.29,0.0,308.29,146.03,Debit Card,0
TXN001973,2023-08-06,CUST0471,Mohit Saxena,Central,Bhopal,Sports,Running Shoes,1,5105.7,3197.08,0.2,5105.7,1021.14,4084.56,887.48,Net Banking,0
TXN001974,2023-05-19,CUST0139,Deepak Tiwari,East,Bhubaneswar,Sports,Dumbbells Set,1,3381.53,2181.86,0.1,3381.53,338.15,3043.38,861.52,Cash,0
TXN001975,2023-02-13,CUST0328,Harish Agarwal,East,Guwahati,Cosmetics,Foundation,1,986.7,522.28,0.05,986.7,49.34,937.36,415.08,Credit Card,0
TXN001976,2024-11-24,CUST0001,Anita Verma,East,Ranchi,Cosmetics,Hair Serum 100ml,4,668.78,403.79,0.05,2675.12,133.76,2541.36,926.2,Net Banking,0
TXN001977,2023-05-31,CUST0313,Mohit Saxena,North,Chandigarh,Electronics,Tablet,4,19159.31,12869.06,0.0,76637.24,0.0,76637.24,25161.0,Cash,0
TXN001978,2023-11-16,CUST0273,Meera Das,South,Bangalore,Sports,Cycle Helmet,1,1319.79,798.07,0.0,1319.79,0.0,1319.79,521.72,UPI,0
TXN001979,2024-01-10,CUST0082,Rohan Mehta,North,Lucknow,Electronics,Wireless Earbuds,2,3846.55,2224.65,0.15,7693.1,1153.96,6539.14,2089.84,Cash,0
TXN001980,2023-05-13,CUST0293,Meera Das,East,Ranchi,Furniture,Wardrobe,1,18488.62,12315.04,0.0,18488.62,0.0,18488.62,6173.58,Credit Card,0
TXN001981,2023-08-14,CUST0236,Meera Das,West,Mumbai,Cosmetics,Sunscreen SPF50,1,475.86,274.16,0.0,475.86,0.0,475.86,201.7,UPI,0
TXN001982,2024-06-12,CUST0110,Rekha Srivastava,West,Pune,Cosmetics,Face Wash 100ml,2,301.27,156.95,0.1,602.54,60.25,542.29,228.39,Cash,0
TXN001983,2024-06-26,CUST0175,Ravi Chandra,North,Jaipur,Sports,Badminton Racket,3,1623.35,917.46,0.2,4870.05,974.01,3896.04,1143.66,Debit Card,0
TXN001984,2024-07-15,CUST0335,Lakshmi Rao,North,Jaipur,Clothing,Women's Kurti,3,1260.07,608.1,0.0,3780.21,0.0,3780.21,1955.91,Cash,0
TXN001985,2024-05-29,CUST0391,Meera Das,North,Chandigarh,Clothing,Women's Kurti,1,1245.08,607.5,0.2,1245.08,249.02,996.06,388.56,Debit Card,0
TXN001986,2024-07-09,CUST0298,Arjun Reddy,West,Mumbai,Cosmetics,Hair Serum 100ml,2,693.47,399.18,0.05,1386.94,69.35,1317.59,519.23,Debit Card,0
TXN001987,2024-03-31,CUST0351,Priya Patel,East,Patna,Clothing,Formal Shirt,1,1946.12,902.41,0.1,1946.12,194.61,1751.51,849.1,UPI,0
TXN001988,2024-04-18,CUST0155,Divya Iyer,East,Ranchi,Electronics,Tablet,1,18434.1,12655.3,0.1,18434.1,1843.41,16590.69,3935.39,Net Banking,1
TXN001989,2024-12-30,CUST0441,Vijay Singh,South,Kochi,Sports,Yoga Mat,1,913.83,540.28,0.0,913.83,0.0,913.83,373.55,Cash,0
TXN001990,2024-02-13,CUST0403,Rekha Srivastava,South,Mysore,Furniture,Wardrobe,1,17393.69,11722.45,0.15,17393.69,2609.05,14784.64,3062.19,Net Banking,0
TXN001991,2023-12-08,CUST0336,Geeta Bhatt,Central,Gwalior,Electronics,Smartphone,5,22682.07,17146.45,0.2,113410.35,22682.07,90728.28,4996.03,Cash,0
TXN001992,2023-05-18,CUST0019,Swati Kapoor,North,Jaipur,Electronics,Smart TV,1,35287.13,27421.89,0.1,35287.13,3528.71,31758.42,4336.53,Cash,0
TXN001993,2024-08-23,CUST0262,Rekha Srivastava,West,Pune,Sports,Badminton Racket,2,1624.95,885.09,0.15,3249.9,487.49,2762.41,992.23,UPI,0
TXN001994,2024-09-14,CUST0262,Sunita Mishra,North,Chandigarh,Cosmetics,Lipstick,3,573.02,309.83,0.05,1719.06,85.95,1633.11,703.62,UPI,0
TXN001995,2023-08-19,CUST0088,Mohit Saxena,South,Hyderabad,Groceries,Tea Powder 500g,1,213.43,157.23,0.2,213.43,42.69,170.74,13.51,Credit Card,0
TXN001996,2023-12-04,CUST0048,Deepak Tiwari,North,Lucknow,Furniture,Wardrobe,3,19543.68,11897.38,0.15,58631.04,8794.66,49836.38,14144.24,UPI,0
TXN001997,2024-11-22,CUST0108,Sneha Gupta,South,Mysore,Groceries,Tea Powder 500g,3,209.3,159.48,0.1,627.9,62.79,565.11,86.67,Cash,0
TXN001998,2023-11-12,CUST0026,Rohan Mehta,North,Delhi,Clothing,Women's Kurti,2,1424.57,610.56,0.2,2849.14,569.83,2279.31,1058.19,UPI,0
TXN001999,2024-03-30,CUST0229,Asha Pandey,West,Nagpur,Sports,Cricket Bat,1,3046.04,1840.25,0.1,3046.04,304.6,2741.44,901.19,Cash,0
TXN002000,2023-05-26,CUST0295,Geeta Bhatt,East,Patna,Groceries,Sugar 1kg,1,56.48,41.4,0.05,56.48,2.82,53.66,12.26,Debit Card,0
TXN002001,2023-08-26,CUST0389,Lakshmi Rao,West,Surat,Groceries,Basmati Rice 5kg,3,436.59,306.64,0.0,1309.77,0.0,1309.77,389.85,Net Banking,0
TXN002002,2023-05-02,CUST0343,Vijay Singh,West,Ahmedabad,Furniture,Wardrobe,2,19575.89,12073.02,0.15,39151.78,5872.77,33279.01,9132.97,UPI,0
TXN002003,2024-06-05,CUST0339,Pooja Nair,Central,Indore,Cosmetics,Face Wash 100ml,3,298.91,158.74,0.15,896.73,134.51,762.22,286.0,Credit Card,1
TXN002004,2023-08-21,CUST0379,Sanjay Yadav,East,Kolkata,Furniture,Wardrobe,3,18106.69,12035.99,0.15,54320.07,8148.01,46172.06,10064.09,Net Banking,0
TXN002005,2024-03-19,CUST0373,Sneha Gupta,North,Jaipur,Clothing,Denim Jeans,1,2550.58,1182.33,0.0,2550.58,0.0,2550.58,1368.25,Debit Card,0
TXN002006,2024-08-09,CUST0059,Meera Das,East,Kolkata,Cosmetics,Foundation,2,890.15,533.48,0.1,1780.3,178.03,1602.27,535.31,Cash,0
TXN002007,2023-12-11,CUST0457,Sneha Gupta,South,Chennai,Electronics,Wireless Earbuds,1,3614.7,2219.21,0.0,3614.7,0.0,3614.7,1395.49,Credit Card,0
TXN002008,2023-11-04,CUST0105,Nikhil Dubey,West,Surat,Cosmetics,Face Wash 100ml,1,315.68,157.65,0.1,315.68,31.57,284.11,126.46,UPI,0
TXN002009,2023-10-22,CUST0395,Nisha Trivedi,South,Mysore,Cosmetics,Moisturiser 50g,1,521.72,275.65,0.0,521.72,0.0,521.72,246.07,Cash,0
TXN002010,2024-03-10,CUST0096,Sneha Gupta,East,Kolkata,Sports,Cycle Helmet,2,1359.89,794.45,0.2,2719.78,543.96,2175.82,586.92,Net Banking,0
TXN002011,2024-03-01,CUST0161,Pallavi Shah,West,Mumbai,Sports,Cycle Helmet,1,1318.91,779.74,0.0,1318.91,0.0,1318.91,539.17,UPI,0
TXN002012,2023-10-12,CUST0315,Ravi Chandra,North,Chandigarh,Clothing,Women's Kurti,3,1366.56,617.24,0.0,4099.68,0.0,4099.68,2247.96,Net Banking,0
TXN002013,2023-08-02,CUST0315,Amit Kumar,West,Nagpur,Clothing,Winter Jacket,1,3808.73,2196.61,0.05,3808.73,190.44,3618.29,1421.68,Debit Card,0
TXN002014,2023-11-08,CUST0398,Swati Kapoor,West,Mumbai,Groceries,Whole Wheat Flour 5kg,2,238.51,186.17,0.0,477.02,0.0,477.02,104.68,Debit Card,0
TXN002015,2023-11-08,CUST0251,Arun Patil,East,Guwahati,Groceries,Cooking Oil 1L,4,172.42,130.39,0.0,689.68,0.0,689.68,168.12,Credit Card,0
TXN002016,2023-03-10,CUST0328,Anita Verma,East,Guwahati,Sports,Cycle Helmet,1,1299.3,803.97,0.0,1299.3,0.0,1299.3,495.33,UPI,0
TXN002017,2024-01-20,CUST0281,Arjun Reddy,East,Kolkata,Groceries,Pulses 1kg,2,151.02,101.76,0.2,302.04,60.41,241.63,38.11,Cash,1
TXN002018,2023-12-09,CUST0073,Anita Verma,South,Hyderabad,Groceries,Tea Powder 500g,3,207.56,155.46,0.05,622.68,31.13,591.55,125.17,Net Banking,0
TXN002019,2023-08-23,CUST0043,Divya Iyer,East,Guwahati,Clothing,Women's Kurti,4,1287.83,608.32,0.15,5151.32,772.7,4378.62,1945.34,UPI,0
TXN002020,2023-07-22,CUST0239,Ravi Chandra,North,Delhi,Groceries,Tea Powder 500g,2,224.12,154.61,0.1,448.24,44.82,403.42,94.2,Debit Card,0
TXN002021,2023-05-18,CUST0264,Rohan Mehta,North,Lucknow,Electronics,Wireless Earbuds,2,3585.16,2191.48,0.0,7170.32,0.0,7170.32,2787.36,Cash,0
TXN002022,2024-01-18,CUST0160,Rohan Mehta,North,Delhi,Cosmetics,Sunscreen SPF50,2,463.67,277.53,0.0,927.34,0.0,927.34,372.28,Net Banking,0
TXN002023,2023-04-05,CUST0409,Asha Pandey,East,Bhubaneswar,Furniture,Sofa Set,1,33795.39,24432.27,0.05,33795.39,1689.77,32105.62,7673.35,Cash,0
TXN002024,2023-04-10,CUST0430,Priya Patel,West,Nagpur,Groceries,Sugar 1kg,2,54.73,41.57,0.05,109.46,5.47,103.99,20.85,UPI,0
TXN002025,2024-10-29,CUST0092,Nikhil Dubey,South,Kochi,Sports,Cycle Helmet,4,1374.63,793.87,0.0,5498.52,0.0,5498.52,2323.04,Credit Card,0
TXN002026,2023-02-04,CUST0354,Arjun Reddy,South,Bangalore,Clothing,Formal Shirt,2,1825.55,891.1,0.15,3651.1,547.66,3103.44,1321.24,Cash,0
TXN002027,2023-05-22,CUST0164,Pallavi Shah,North,Delhi,Groceries,Cooking Oil 1L,3,171.99,128.56,0.0,515.97,0.0,515.97,130.29,Net Banking,0
TXN002028,2023-01-20,CUST0070,Swati Kapoor,West,Surat,Clothing,Women's Kurti,1,1399.44,600.7,0.0,1399.44,0.0,1399.44,798.74,Credit Card,0
TXN002029,2023-02-02,CUST0492,Rekha Srivastava,South,Mysore,Clothing,Women's Kurti,1,1307.66,605.58,0.0,1307.66,0.0,1307.66,702.08,Net Banking,0
TXN002030,2023-03-19,CUST0117,Harish Agarwal,South,Hyderabad,Sports,Dumbbells Set,1,3433.78,2210.02,0.0,3433.78,0.0,3433.78,1223.76,Credit Card,0
TXN002031,2024-06-13,CUST0171,Vijay Singh,North,Chandigarh,Clothing,Women's Kurti,1,1396.24,596.82,0.0,1396.24,0.0,1396.24,799.42,Credit Card,0
TXN002032,2024-05-27,CUST0263,Meera Das,East,Ranchi,Furniture,Sofa Set,1,37413.52,23529.5,0.1,37413.52,3741.35,33672.17,10142.67,UPI,0
TXN002033,2023-06-28,CUST0125,Sanjay Yadav,Central,Raipur,Clothing,Winter Jacket,2,4083.11,2253.45,0.2,8166.22,1633.24,6532.98,2026.08,Net Banking,0
TXN002034,2024-10-02,CUST0353,Anita Verma,Central,Varanasi,Clothing,Denim Jeans,1,2525.78,1219.76,0.0,2525.78,0.0,2525.78,1306.02,UPI,1
TXN002035,2024-02-18,CUST0447,Harish Agarwal,East,Ranchi,Electronics,Tablet,1,19693.19,12898.39,0.0,19693.19,0.0,19693.19,6794.8,Net Banking,0
TXN002036,2024-03-02,CUST0358,Divya Iyer,North,Lucknow,Furniture,Bookshelf,2,6388.7,4474.17,0.1,12777.4,1277.74,11499.66,2551.32,Credit Card,0
TXN002037,2024-03-28,CUST0359,Nisha Trivedi,East,Guwahati,Furniture,Wardrobe,1,17662.62,12058.0,0.15,17662.62,2649.39,15013.23,2955.23,UPI,0
TXN002038,2024-10-11,CUST0387,Kiran Bose,Central,Gwalior,Groceries,Tea Powder 500g,4,207.37,153.04,0.15,829.48,124.42,705.06,92.9,UPI,1
TXN002039,2023-06-04,CUST0382,Harish Agarwal,East,Guwahati,Electronics,Smartphone,1,23202.88,16916.71,0.0,23202.88,0.0,23202.88,6286.17,Net Banking,1
TXN002040,2023-11-28,CUST0296,Rahul Sharma,East,Guwahati,Sports,Dumbbells Set,1,3586.59,2190.65,0.15,3586.59,537.99,3048.6,857.95,UPI,0
TXN002041,2024-02-07,CUST0404,Rekha Srivastava,South,Hyderabad,Sports,Running Shoes,1,5205.27,3274.77,0.1,5205.27,520.53,4684.74,1409.97,Cash,0
TXN002042,2023-12-29,CUST0356,Suresh Pillai,Central,Bhopal,Electronics,Smart TV,2,37958.92,27024.74,0.0,75917.84,0.0,75917.84,21868.36,Cash,0
TXN002043,2023-01-24,CUST0141,Asha Pandey,South,Kochi,Clothing,Winter Jacket,2,4263.94,2236.07,0.0,8527.88,0.0,8527.88,4055.74,Net Banking,0
TXN002044,2024-05-08,CUST0068,Sneha Gupta,North,Amritsar,Clothing,Winter Jacket,3,4238.09,2209.75,0.0,12714.27,0.0,12714.27,6085.02,Debit Card,0
TXN002045,2023-07-21,CUST0325,Anita Verma,East,Guwahati,Furniture,Wooden Desk,1,11659.47,8539.86,0.2,11659.47,2331.89,9327.58,787.72,UPI,0
TXN002046,2023-10-31,CUST0441,Geeta Bhatt,West,Pune,Clothing,Formal Shirt,3,1738.43,880.49,0.1,5215.29,521.53,4693.76,2052.29,Net Banking,0
TXN002047,2023-11-04,CUST0360,Nisha Trivedi,West,Nagpur,Groceries,Pulses 1kg,2,147.02,98.09,0.05,294.04,14.7,279.34,83.16,UPI,0
TXN002048,2024-08-03,CUST0115,Rohan Mehta,Central,Varanasi,Furniture,Wardrobe,1,17169.05,12130.99,0.1,17169.05,1716.9,15452.15,3321.16,Debit Card,0
TXN002049,2023-04-24,CUST0291,Sunita Mishra,West,Mumbai,Clothing,Denim Jeans,2,2416.63,1219.88,0.0,4833.26,0.0,4833.26,2393.5,Debit Card,0
TXN002050,2023-02-04,CUST0470,Rekha Srivastava,North,Chandigarh,Clothing,Women's Kurti,1,1287.08,591.79,0.05,1287.08,64.35,1222.73,630.94,UPI,0
TXN002051,2024-11-03,CUST0032,Amit Kumar,East,Ranchi,Electronics,Tablet,5,19252.28,12816.94,0.15,96261.4,14439.21,81822.19,17737.49,UPI,0
TXN002052,2023-08-10,CUST0336,Nikhil Dubey,East,Ranchi,Electronics,Laptop,2,45453.08,39083.73,0.1,90906.16,9090.62,81815.54,3648.08,Net Banking,0
TXN002053,2023-03-27,CUST0437,Meera Das,North,Lucknow,Cosmetics,Moisturiser 50g,2,513.69,285.56,0.05,1027.38,51.37,976.01,404.89,Cash,0
TXN002054,2024-07-11,CUST0395,Rohan Mehta,North,Amritsar,Sports,Cricket Bat,2,2959.91,1761.59,0.2,5919.82,1183.96,4735.86,1212.68,Debit Card,0
TXN002055,2023-12-04,CUST0050,Lakshmi Rao,East,Bhubaneswar,Electronics,Smartphone,2,21102.57,16977.62,0.15,42205.14,6330.77,35874.37,1919.13,Net Banking,0
TXN002056,2024-07-10,CUST0254,Sneha Gupta,North,Lucknow,Furniture,Office Chair,2,9165.4,5933.55,0.2,18330.8,3666.16,14664.64,2797.54,Credit Card,0
TXN002057,2024-12-23,CUST0285,Geeta Bhatt,East,Kolkata,Clothing,Denim Jeans,4,2375.66,1233.89,0.1,9502.64,950.26,8552.38,3616.82,Cash,0
TXN002058,2023-05-03,CUST0039,Arun Patil,Central,Varanasi,Cosmetics,Lipstick,1,597.54,317.6,0.15,597.54,89.63,507.91,190.31,Net Banking,0
TXN002059,2024-03-22,CUST0494,Amit Kumar,Central,Raipur,Furniture,Sofa Set,1,36427.28,23623.93,0.2,36427.28,7285.46,29141.82,5517.89,Cash,0
TXN002060,2024-05-26,CUST0078,Sneha Gupta,North,Jaipur,Electronics,Wireless Earbuds,3,3849.35,2156.35,0.15,11548.05,1732.21,9815.84,3346.79,Debit Card,0
TXN002061,2023-02-19,CUST0199,Amit Kumar,South,Bangalore,Groceries,Cooking Oil 1L,1,188.91,133.63,0.0,188.91,0.0,188.91,55.28,UPI,0
TXN002062,2023-12-19,CUST0072,Harish Agarwal,East,Bhubaneswar,Cosmetics,Foundation,4,953.78,532.27,0.0,3815.12,0.0,3815.12,1686.04,Debit Card,0
TXN002063,2023-03-08,CUST0200,Sunita Mishra,West,Nagpur,Sports,Badminton Racket,2,1542.26,922.13,0.05,3084.52,154.23,2930.29,1086.03,Debit Card,0
TXN002064,2024-09-04,CUST0175,Meera Das,North,Delhi,Groceries,Basmati Rice 5kg,1,467.38,312.39,0.15,467.38,70.11,397.27,84.88,UPI,0
TXN002065,2024-11-10,CUST0045,Suresh Pillai,South,Hyderabad,Groceries,Pulses 1kg,3,153.8,99.69,0.15,461.4,69.21,392.19,93.12,Credit Card,0
TXN002066,2023-05-17,CUST0012,Rekha Srivastava,East,Guwahati,Groceries,Basmati Rice 5kg,3,444.98,316.96,0.05,1334.94,66.75,1268.19,317.31,Cash,0
TXN002067,2024-10-31,CUST0404,Nikhil Dubey,North,Chandigarh,Electronics,Smart TV,1,35460.14,26481.65,0.0,35460.14,0.0,35460.14,8978.49,Net Banking,0
TXN002068,2023-04-16,CUST0389,Sneha Gupta,North,Jaipur,Furniture,Dining Table,2,22878.37,15155.08,0.2,45756.74,9151.35,36605.39,6295.23,UPI,0
TXN002069,2023-05-25,CUST0118,Vijay Singh,West,Pune,Clothing,Formal Shirt,2,1943.87,908.62,0.0,3887.74,0.0,3887.74,2070.5,Net Banking,0
TXN002070,2023-06-29,CUST0099,Divya Iyer,East,Kolkata,Sports,Dumbbells Set,1,3571.28,2248.36,0.1,3571.28,357.13,3214.15,965.79,Net Banking,0
TXN002071,2023-11-01,CUST0456,Geeta Bhatt,East,Kolkata,Electronics,Router,2,2914.24,1856.2,0.0,5828.48,0.0,5828.48,2116.08,Cash,0
TXN002072,2023-09-10,CUST0085,Arun Patil,North,Lucknow,Clothing,Denim Jeans,1,2736.6,1231.94,0.0,2736.6,0.0,2736.6,1504.66,Net Banking,0
TXN002073,2023-01-08,CUST0307,Arun Patil,West,Ahmedabad,Electronics,Router,1,3061.73,1906.44,0.0,3061.73,0.0,3061.73,1155.29,UPI,0
TXN002074,2023-01-30,CUST0466,Swati Kapoor,Central,Bhopal,Electronics,Laptop,1,48790.95,37093.3,0.0,48790.95,0.0,48790.95,11697.65,Debit Card,0
TXN002075,2023-03-21,CUST0453,Harish Agarwal,South,Mysore,Electronics,Router,2,2832.2,1894.77,0.15,5664.4,849.66,4814.74,1025.2,Credit Card,0
TXN002076,2023-06-29,CUST0255,Nisha Trivedi,Central,Gwalior,Sports,Yoga Mat,2,857.09,540.83,0.0,1714.18,0.0,1714.18,632.52,Net Banking,0
TXN002077,2023-01-26,CUST0372,Rajesh Malhotra,South,Kochi,Sports,Badminton Racket,1,1445.94,917.49,0.1,1445.94,144.59,1301.35,383.86,UPI,0
TXN002078,2023-09-03,CUST0491,Divya Iyer,West,Nagpur,Sports,Cricket Bat,1,2992.52,1781.85,0.0,2992.52,0.0,2992.52,1210.67,UPI,0
TXN002079,2024-08-29,CUST0291,Harish Agarwal,North,Amritsar,Groceries,Cooking Oil 1L,1,193.52,130.8,0.05,193.52,9.68,183.84,53.04,Cash,0
TXN002080,2024-01-03,CUST0199,Arjun Reddy,Central,Gwalior,Sports,Running Shoes,1,4760.13,3116.8,0.0,4760.13,0.0,4760.13,1643.33,UPI,0
TXN002081,2023-08-28,CUST0215,Rekha Srivastava,East,Patna,Furniture,Office Chair,2,8641.3,5658.45,0.0,17282.6,0.0,17282.6,5965.7,Net Banking,0
TXN002082,2024-08-24,CUST0246,Pallavi Shah,North,Chandigarh,Groceries,Cooking Oil 1L,2,188.15,130.09,0.0,376.3,0.0,376.3,116.12,UPI,0
TXN002083,2023-06-14,CUST0449,Geeta Bhatt,West,Ahmedabad,Groceries,Whole Wheat Flour 5kg,1,269.74,186.36,0.2,269.74,53.95,215.79,29.43,Cash,0
TXN002084,2024-11-22,CUST0141,Amit Kumar,South,Hyderabad,Clothing,Women's Kurti,3,1292.79,582.17,0.0,3878.37,0.0,3878.37,2131.86,UPI,0
TXN002085,2023-11-12,CUST0490,Ravi Chandra,East,Patna,Clothing,Winter Jacket,1,4001.82,2194.53,0.2,4001.82,800.36,3201.46,1006.93,Cash,0
TXN002086,2024-05-25,CUST0391,Rohan Mehta,West,Mumbai,Clothing,Denim Jeans,1,2435.73,1196.56,0.0,2435.73,0.0,2435.73,1239.17,Credit Card,0
TXN002087,2024-09-27,CUST0072,Deepak Tiwari,Central,Raipur,Groceries,Cooking Oil 1L,4,179.7,130.29,0.2,718.8,143.76,575.04,53.88,UPI,0
TXN002088,2023-10-14,CUST0308,Amit Kumar,South,Mysore,Furniture,Sofa Set,1,34215.06,24549.71,0.1,34215.06,3421.51,30793.55,6243.84,UPI,0
TXN002089,2024-05-12,CUST0464,Sneha Gupta,South,Mysore,Clothing,Women's Kurti,2,1324.46,615.39,0.0,2648.92,0.0,2648.92,1418.14,Debit Card,0
TXN002090,2024-08-27,CUST0203,Kavita Joshi,West,Surat,Sports,Yoga Mat,1,918.08,566.19,0.0,918.08,0.0,918.08,351.89,Credit Card,0
TXN002091,2023-02-03,CUST0095,Vijay Singh,North,Chandigarh,Sports,Yoga Mat,1,959.26,560.6,0.0,959.26,0.0,959.26,398.66,Cash,0
TXN002092,2024-11-18,CUST0251,Sunita Mishra,North,Amritsar,Clothing,Saree,3,4931.65,2481.05,0.0,14794.95,0.0,14794.95,7351.8,UPI,0
TXN002093,2023-03-05,CUST0193,Nikhil Dubey,North,Chandigarh,Cosmetics,Hair Serum 100ml,1,703.56,392.42,0.0,703.56,0.0,703.56,311.14,Debit Card,0
TXN002094,2023-03-07,CUST0416,Rajesh Malhotra,East,Patna,Sports,Dumbbells Set,1,3325.34,2193.33,0.1,3325.34,332.53,2992.81,799.48,Credit Card,0
TXN002095,2023-10-20,CUST0274,Arun Patil,East,Bhubaneswar,Clothing,Saree,3,5237.12,2495.31,0.2,15711.36,3142.27,12569.09,5083.16,Cash,0
TXN002096,2024-01-21,CUST0484,Arun Patil,East,Bhubaneswar,Furniture,Office Chair,3,9072.52,5667.16,0.0,27217.56,0.0,27217.56,10216.08,Debit Card,0
TXN002097,2024-09-21,CUST0177,Anita Verma,North,Delhi,Cosmetics,Foundation,3,910.78,517.75,0.0,2732.34,0.0,2732.34,1179.09,UPI,0
TXN002098,2024-03-04,CUST0245,Asha Pandey,North,Amritsar,Clothing,Formal Shirt,1,1732.4,910.82,0.0,1732.4,0.0,1732.4,821.58,Cash,0
TXN002099,2023-03-17,CUST0475,Suresh Pillai,Central,Bhopal,Clothing,Women's Kurti,2,1310.2,604.54,0.15,2620.4,393.06,2227.34,1018.26,Cash,0
TXN002100,2024-05-04,CUST0277,Divya Iyer,South,Hyderabad,Clothing,Women's Kurti,4,1263.51,606.62,0.0,5054.04,0.0,5054.04,2627.56,Net Banking,0
TXN002101,2023-05-22,CUST0078,Sunita Mishra,Central,Raipur,Cosmetics,Hair Serum 100ml,1,716.26,390.0,0.2,716.26,143.25,573.01,183.01,Debit Card,0
TXN002102,2023-02-11,CUST0077,Swati Kapoor,South,Kochi,Groceries,Cooking Oil 1L,1,186.38,130.3,0.15,186.38,27.96,158.42,28.12,Credit Card,0
TXN002103,2023-03-16,CUST0498,Lakshmi Rao,East,Guwahati,Groceries,Pulses 1kg,1,140.98,100.68,0.0,140.98,0.0,140.98,40.3,Net Banking,0
TXN002104,2023-04-16,CUST0459,Rohan Mehta,Central,Indore,Cosmetics,Foundation,1,909.71,522.19,0.0,909.71,0.0,909.71,387.52,Net Banking,0
TXN002105,2023-04-07,CUST0407,Rajesh Malhotra,East,Kolkata,Furniture,Bookshelf,2,6460.52,4481.39,0.2,12921.04,2584.21,10336.83,1374.05,Credit Card,0
TXN002106,2024-01-13,CUST0466,Kavita Joshi,South,Kochi,Clothing,Denim Jeans,2,2492.47,1188.87,0.2,4984.94,996.99,3987.95,1610.21,UPI,1
TXN002107,2024-01-10,CUST0082,Anita Verma,East,Guwahati,Sports,Running Shoes,2,5079.95,3160.35,0.05,10159.9,508.0,9651.9,3331.2,Debit Card,0
TXN002108,2024-08-14,CUST0491,Meera Das,East,Kolkata,Electronics,Tablet,1,18198.35,12717.71,0.0,18198.35,0.0,18198.35,5480.64,Net Banking,0
TXN002109,2024-08-04,CUST0230,Rajesh Malhotra,West,Nagpur,Groceries,Basmati Rice 5kg,3,485.98,314.95,0.2,1457.94,291.59,1166.35,221.5,UPI,0
TXN002110,2023-07-03,CUST0132,Rekha Srivastava,South,Hyderabad,Cosmetics,Face Wash 100ml,3,311.58,160.81,0.0,934.74,0.0,934.74,452.31,Debit Card,0
TXN002111,2023-03-16,CUST0237,Asha Pandey,North,Lucknow,Furniture,Wardrobe,1,17497.83,11781.04,0.05,17497.83,874.89,16622.94,4841.9,Cash,0
TXN002112,2023-12-20,CUST0336,Priya Patel,Central,Varanasi,Clothing,Denim Jeans,3,2417.61,1201.42,0.15,7252.83,1087.92,6164.91,2560.65,UPI,0
TXN002113,2023-08-24,CUST0397,Kavita Joshi,Central,Indore,Electronics,Tablet,1,19656.45,13378.33,0.0,19656.45,0.0,19656.45,6278.12,Credit Card,0
TXN002114,2023-06-09,CUST0393,Pallavi Shah,Central,Raipur,Groceries,Basmati Rice 5kg,2,475.95,308.04,0.05,951.9,47.59,904.31,288.23,UPI,0
TXN002115,2023-07-21,CUST0078,Rahul Sharma,South,Chennai,Sports,Running Shoes,2,5490.23,3273.59,0.2,10980.46,2196.09,8784.37,2237.19,Cash,0
TXN002116,2024-11-23,CUST0279,Rohan Mehta,Central,Raipur,Clothing,Winter Jacket,3,4289.19,2236.07,0.2,12867.57,2573.51,10294.06,3585.85,Credit Card,1
TXN002117,2023-08-06,CUST0208,Lakshmi Rao,West,Nagpur,Furniture,Office Chair,3,9271.59,5866.59,0.1,27814.77,2781.48,25033.29,7433.52,Cash,0
TXN002118,2024-01-26,CUST0069,Rahul Sharma,East,Patna,Sports,Dumbbells Set,1,3791.51,2249.73,0.1,3791.51,379.15,3412.36,1162.63,Net Banking,1
TXN002119,2024-03-05,CUST0192,Priya Patel,North,Delhi,Clothing,Women's Kurti,1,1403.02,614.69,0.0,1403.02,0.0,1403.02,788.33,Cash,0
TXN002120,2023-12-06,CUST0031,Asha Pandey,North,Jaipur,Groceries,Pulses 1kg,4,148.02,102.37,0.15,592.08,88.81,503.27,93.79,Cash,0
TXN002121,2024-06-20,CUST0208,Kiran Bose,Central,Bhopal,Groceries,Whole Wheat Flour 5kg,1,239.8,187.06,0.0,239.8,0.0,239.8,52.74,Net Banking,0
TXN002122,2024-12-04,CUST0112,Lakshmi Rao,East,Bhubaneswar,Sports,Cycle Helmet,2,1361.59,789.17,0.15,2723.18,408.48,2314.7,736.36,Debit Card,0
TXN002123,2023-12-27,CUST0230,Sneha Gupta,South,Bangalore,Sports,Cycle Helmet,6,1334.65,791.25,0.0,8007.9,0.0,8007.9,3260.4,UPI,0
TXN002124,2024-04-06,CUST0053,Kiran Bose,North,Delhi,Sports,Cricket Bat,2,2918.67,1795.96,0.15,5837.34,875.6,4961.74,1369.82,Net Banking,0
TXN002125,2024-07-26,CUST0265,Meera Das,South,Kochi,Cosmetics,Face Wash 100ml,1,307.19,158.94,0.2,307.19,61.44,245.75,86.81,Cash,0
TXN002126,2024-08-07,CUST0102,Anita Verma,West,Surat,Groceries,Pulses 1kg,2,148.45,100.13,0.15,296.9,44.53,252.37,52.11,UPI,0
TXN002127,2023-02-12,CUST0217,Arjun Reddy,North,Lucknow,Sports,Yoga Mat,1,940.84,535.71,0.0,940.84,0.0,940.84,405.13,UPI,0
TXN002128,2024-07-12,CUST0084,Pooja Nair,East,Bhubaneswar,Clothing,Formal Shirt,2,1886.11,914.61,0.1,3772.22,377.22,3395.0,1565.78,Credit Card,0
TXN002129,2024-11-06,CUST0220,Asha Pandey,West,Surat,Groceries,Pulses 1kg,4,144.33,98.61,0.05,577.32,28.87,548.45,154.01,UPI,0
TXN002130,2023-08-02,CUST0237,Anita Verma,South,Bangalore,Clothing,Formal Shirt,2,1801.06,881.51,0.2,3602.12,720.42,2881.7,1118.68,UPI,0
TXN002131,2024-03-16,CUST0448,Deepak Tiwari,South,Hyderabad,Groceries,Basmati Rice 5kg,1,475.43,303.76,0.0,475.43,0.0,475.43,171.67,Debit Card,1
TXN002132,2024-03-12,CUST0275,Nisha Trivedi,South,Bangalore,Sports,Running Shoes,1,5362.57,3284.74,0.0,5362.57,0.0,5362.57,2077.83,Net Banking,1
TXN002133,2023-05-09,CUST0234,Nisha Trivedi,North,Jaipur,Clothing,Formal Shirt,4,1965.44,915.84,0.05,7861.76,393.09,7468.67,3805.31,Cash,0
TXN002134,2024-05-28,CUST0102,Rahul Sharma,East,Bhubaneswar,Cosmetics,Sunscreen SPF50,1,459.95,270.06,0.05,459.95,23.0,436.95,166.89,Net Banking,0
TXN002135,2024-03-29,CUST0111,Rajesh Malhotra,South,Bangalore,Electronics,Smartphone,2,21538.42,17178.64,0.05,43076.84,2153.84,40923.0,6565.72,Cash,0
TXN002136,2024-11-05,CUST0479,Sneha Gupta,West,Surat,Electronics,Wireless Earbuds,1,3762.96,2237.45,0.05,3762.96,188.15,3574.81,1337.36,Net Banking,0
TXN002137,2024-05-01,CUST0313,Pallavi Shah,East,Ranchi,Furniture,Bookshelf,2,6618.88,4444.92,0.1,13237.76,1323.78,11913.98,3024.14,UPI,0
TXN002138,2023-08-29,CUST0430,Pooja Nair,East,Kolkata,Electronics,Wireless Earbuds,1,3699.53,2154.11,0.2,3699.53,739.91,2959.62,805.51,Credit Card,1
TXN002139,2024-01-24,CUST0390,Sanjay Yadav,East,Bhubaneswar,Furniture,Dining Table,2,21319.71,14629.42,0.0,42639.42,0.0,42639.42,13380.58,Credit Card,1
TXN002140,2024-12-21,CUST0391,Sneha Gupta,North,Lucknow,Cosmetics,Lipstick,4,612.02,305.22,0.0,2448.08,0.0,2448.08,1227.2,Debit Card,0
TXN002141,2024-10-17,CUST0215,Rahul Sharma,North,Lucknow,Electronics,Router,2,2826.73,1937.48,0.0,5653.46,0.0,5653.46,1778.5,Cash,0
TXN002142,2023-05-18,CUST0307,Suresh Pillai,Central,Gwalior,Cosmetics,Moisturiser 50g,2,524.16,285.79,0.0,1048.32,0.0,1048.32,476.74,Net Banking,0
TXN002143,2023-07-28,CUST0293,Kiran Bose,East,Ranchi,Sports,Cycle Helmet,2,1251.44,784.97,0.0,2502.88,0.0,2502.88,932.94,UPI,0
TXN002144,2023-09-16,CUST0416,Vijay Singh,Central,Varanasi,Cosmetics,Foundation,3,969.09,525.58,0.0,2907.27,0.0,2907.27,1330.53,Cash,0
TXN002145,2023-04-04,CUST0171,Sanjay Yadav,West,Pune,Cosmetics,Foundation,2,923.96,514.08,0.1,1847.92,184.79,1663.13,634.97,Net Banking,0
TXN002146,2024-05-25,CUST0073,Rahul Sharma,East,Kolkata,Electronics,Laptop,2,47402.14,38534.97,0.15,94804.28,14220.64,80583.64,3513.7,Net Banking,0
TXN002147,2023-02-20,CUST0254,Rajesh Malhotra,West,Mumbai,Groceries,Basmati Rice 5kg,1,450.31,304.58,0.0,450.31,0.0,450.31,145.73,Cash,0
TXN002148,2024-10-29,CUST0196,Sunita Mishra,North,Chandigarh,Clothing,Denim Jeans,1,2710.89,1224.84,0.0,2710.89,0.0,2710.89,1486.05,Credit Card,0
TXN002149,2023-04-02,CUST0059,Pallavi Shah,North,Delhi,Sports,Cricket Bat,1,2954.67,1805.73,0.1,2954.67,295.47,2659.2,853.47,Cash,0
TXN002150,2023-11-14,CUST0358,Sanjay Yadav,Central,Bhopal,Clothing,Formal Shirt,2,1882.75,924.21,0.0,3765.5,0.0,3765.5,1917.08,Cash,0
TXN002151,2024-09-06,CUST0218,Amit Kumar,Central,Bhopal,Sports,Cycle Helmet,2,1371.67,806.4,0.05,2743.34,137.17,2606.17,993.37,Credit Card,0
TXN002152,2024-02-08,CUST0267,Amit Kumar,North,Amritsar,Electronics,Smartphone,3,24150.65,17177.87,0.05,72451.95,3622.6,68829.35,17295.74,Debit Card,0
TXN002153,2024-08-08,CUST0046,Priya Patel,West,Ahmedabad,Furniture,Office Chair,3,8355.87,5971.74,0.2,25067.61,5013.52,20054.09,2138.87,Debit Card,0
TXN002154,2023-08-06,CUST0317,Deepak Tiwari,South,Bangalore,Sports,Running Shoes,1,5121.87,3142.94,0.05,5121.87,256.09,4865.78,1722.84,Debit Card,1
TXN002155,2023-04-07,CUST0332,Rahul Sharma,North,Lucknow,Clothing,Saree,1,5497.92,2535.02,0.0,5497.92,0.0,5497.92,2962.9,Cash,0
TXN002156,2024-05-12,CUST0272,Asha Pandey,North,Amritsar,Furniture,Sofa Set,2,35340.17,24573.04,0.15,70680.34,10602.05,60078.29,10932.21,Credit Card,0
TXN002157,2023-08-30,CUST0474,Kiran Bose,Central,Raipur,Electronics,Laptop,1,47987.57,38318.93,0.05,47987.57,2399.38,45588.19,7269.26,Credit Card,0
TXN002158,2023-07-08,CUST0100,Suresh Pillai,West,Surat,Sports,Cycle Helmet,1,1334.37,803.35,0.15,1334.37,200.16,1134.21,330.86,UPI,0
TXN002159,2024-02-09,CUST0001,Suresh Pillai,East,Bhubaneswar,Clothing,Formal Shirt,2,1949.75,902.04,0.1,3899.5,389.95,3509.55,1705.47,Debit Card,0
TXN002160,2023-09-05,CUST0239,Vijay Singh,Central,Gwalior,Electronics,Smartphone,1,21967.41,17124.94,0.05,21967.41,1098.37,20869.04,3744.1,UPI,0
TXN002161,2024-09-09,CUST0163,Rahul Sharma,West,Ahmedabad,Electronics,Wireless Earbuds,3,3518.91,2231.95,0.0,10556.73,0.0,10556.73,3860.88,Cash,0
TXN002162,2023-10-25,CUST0036,Mohit Saxena,West,Mumbai,Furniture,Bookshelf,1,6645.77,4522.33,0.1,6645.77,664.58,5981.19,1458.86,Credit Card,0
TXN002163,2023-12-27,CUST0021,Priya Patel,East,Kolkata,Sports,Badminton Racket,1,1613.26,889.65,0.05,1613.26,80.66,1532.6,642.95,Debit Card,0
TXN002164,2023-01-05,CUST0288,Mohit Saxena,South,Hyderabad,Groceries,Pulses 1kg,2,147.78,98.09,0.05,295.56,14.78,280.78,84.6,UPI,0
TXN002165,2024-04-19,CUST0007,Amit Kumar,South,Bangalore,Clothing,Formal Shirt,3,1906.33,881.1,0.15,5718.99,857.85,4861.14,2217.84,Net Banking,0
TXN002166,2024-10-02,CUST0077,Anita Verma,East,Bhubaneswar,Sports,Cricket Bat,3,3029.66,1815.46,0.0,9088.98,0.0,9088.98,3642.6,Credit Card,0
TXN002167,2023-07-13,CUST0328,Rohan Mehta,South,Bangalore,Cosmetics,Hair Serum 100ml,2,668.44,406.78,0.05,1336.88,66.84,1270.04,456.48,Cash,1
TXN002168,2023-09-25,CUST0123,Lakshmi Rao,West,Surat,Clothing,Denim Jeans,2,2637.1,1205.34,0.0,5274.2,0.0,5274.2,2863.52,Debit Card,1
TXN002169,2024-12-15,CUST0348,Arun Patil,West,Mumbai,Cosmetics,Lipstick,1,655.4,307.54,0.05,655.4,32.77,622.63,315.09,UPI,0
TXN002170,2024-01-25,CUST0131,Arjun Reddy,West,Pune,Groceries,Tea Powder 500g,3,209.07,159.09,0.0,627.21,0.0,627.21,149.94,Cash,0
TXN002171,2024-11-02,CUST0260,Rohan Mehta,Central,Gwalior,Cosmetics,Foundation,1,880.83,527.72,0.0,880.83,0.0,880.83,353.11,Debit Card,0
TXN002172,2023-08-23,CUST0111,Meera Das,East,Ranchi,Furniture,Wardrobe,3,17532.06,11939.87,0.05,52596.18,2629.81,49966.37,14146.76,UPI,0
TXN002173,2024-06-14,CUST0149,Kavita Joshi,South,Bangalore,Cosmetics,Foundation,1,854.67,520.25,0.1,854.67,85.47,769.2,248.95,Credit Card,0
TXN002174,2024-10-28,CUST0447,Pallavi Shah,Central,Gwalior,Clothing,Saree,3,5370.77,2462.77,0.0,16112.31,0.0,16112.31,8724.0,UPI,1
TXN002175,2024-12-08,CUST0017,Sunita Mishra,Central,Bhopal,Groceries,Basmati Rice 5kg,3,449.04,301.81,0.15,1347.12,202.07,1145.05,239.62,Credit Card,0
TXN002176,2024-02-15,CUST0309,Arun Patil,North,Delhi,Furniture,Wooden Desk,1,11904.66,8713.06,0.2,11904.66,2380.93,9523.73,810.67,Credit Card,0
TXN002177,2024-12-14,CUST0003,Kavita Joshi,South,Kochi,Clothing,Formal Shirt,2,1957.87,909.02,0.15,3915.74,587.36,3328.38,1510.34,Net Banking,1
TXN002178,2023-03-06,CUST0357,Harish Agarwal,East,Ranchi,Groceries,Basmati Rice 5kg,3,451.42,313.28,0.15,1354.26,203.14,1151.12,211.28,Cash,0
TXN002179,2023-12-18,CUST0136,Arun Patil,South,Mysore,Electronics,Tablet,2,17274.77,13318.91,0.1,34549.54,3454.95,31094.59,4456.77,Credit Card,0
TXN002180,2024-05-18,CUST0123,Rekha Srivastava,East,Bhubaneswar,Electronics,Router,3,2964.45,1854.47,0.0,8893.35,0.0,8893.35,3329.94,Debit Card,0
TXN002181,2023-10-09,CUST0195,Rajesh Malhotra,South,Kochi,Groceries,Cooking Oil 1L,5,175.02,129.49,0.15,875.1,131.26,743.84,96.39,Credit Card,0
TXN002182,2023-12-19,CUST0347,Divya Iyer,North,Amritsar,Groceries,Sugar 1kg,1,54.09,41.22,0.15,54.09,8.11,45.98,4.76,Debit Card,0
TXN002183,2023-03-24,CUST0177,Mohit Saxena,West,Mumbai,Sports,Cycle Helmet,2,1252.32,798.88,0.0,2504.64,0.0,2504.64,906.88,Debit Card,0
TXN002184,2024-12-01,CUST0213,Suresh Pillai,West,Mumbai,Furniture,Wooden Desk,3,12253.03,8522.35,0.0,36759.09,0.0,36759.09,11192.04,Credit Card,0
TXN002185,2023-09-14,CUST0383,Anita Verma,South,Bangalore,Cosmetics,Lipstick,2,607.07,314.13,0.2,1214.14,242.83,971.31,343.05,UPI,0
TXN002186,2023-04-14,CUST0336,Suresh Pillai,West,Mumbai,Sports,Dumbbells Set,1,3599.97,2201.47,0.2,3599.97,719.99,2879.98,678.51,UPI,0
TXN002187,2024-08-26,CUST0473,Sunita Mishra,North,Jaipur,Sports,Yoga Mat,3,886.48,559.57,0.0,2659.44,0.0,2659.44,980.73,Net Banking,0
TXN002188,2023-03-17,CUST0421,Ravi Chandra,West,Mumbai,Groceries,Whole Wheat Flour 5kg,3,238.72,188.06,0.1,716.16,71.62,644.54,80.36,Net Banking,0
TXN002189,2023-05-09,CUST0118,Mohit Saxena,West,Surat,Clothing,Saree,3,5463.11,2457.3,0.2,16389.33,3277.87,13111.46,5739.56,Net Banking,0
TXN002190,2024-06-27,CUST0075,Divya Iyer,East,Ranchi,Groceries,Basmati Rice 5kg,1,471.89,312.79,0.0,471.89,0.0,471.89,159.1,Net Banking,0
TXN002191,2024-02-15,CUST0393,Divya Iyer,North,Chandigarh,Sports,Yoga Mat,1,887.27,537.87,0.0,887.27,0.0,887.27,349.4,UPI,0
TXN002192,2023-07-09,CUST0322,Sanjay Yadav,North,Delhi,Cosmetics,Lipstick,1,595.36,301.15,0.0,595.36,0.0,595.36,294.21,Credit Card,0
TXN002193,2024-06-17,CUST0352,Harish Agarwal,South,Hyderabad,Clothing,Winter Jacket,3,4348.12,2145.16,0.0,13044.36,0.0,13044.36,6608.88,Credit Card,0
TXN002194,2024-08-22,CUST0486,Rekha Srivastava,North,Delhi,Groceries,Basmati Rice 5kg,1,455.04,313.41,0.0,455.04,0.0,455.04,141.63,UPI,0
TXN002195,2024-02-04,CUST0043,Pallavi Shah,East,Kolkata,Furniture,Wooden Desk,2,12915.34,8317.04,0.1,25830.68,2583.07,23247.61,6613.53,Cash,0
TXN002196,2024-05-15,CUST0461,Amit Kumar,Central,Indore,Clothing,Men's T-Shirt,1,830.21,344.67,0.1,830.21,83.02,747.19,402.52,Debit Card,0
TXN002197,2024-11-26,CUST0150,Divya Iyer,West,Mumbai,Electronics,Tablet,4,18318.3,12610.76,0.15,73273.2,10990.98,62282.22,11839.18,Net Banking,0
TXN002198,2023-03-24,CUST0004,Vijay Singh,South,Bangalore,Groceries,Whole Wheat Flour 5kg,2,249.42,184.42,0.0,498.84,0.0,498.84,130.0,UPI,0
TXN002199,2024-06-17,CUST0088,Sunita Mishra,West,Nagpur,Sports,Cricket Bat,3,2988.36,1783.39,0.0,8965.08,0.0,8965.08,3614.91,Debit Card,0
TXN002200,2024-04-08,CUST0404,Rohan Mehta,North,Chandigarh,Cosmetics,Face Wash 100ml,1,296.26,161.0,0.15,296.26,44.44,251.82,90.82,Debit Card,0
TXN002201,2024-12-07,CUST0050,Priya Patel,East,Patna,Cosmetics,Face Wash 100ml,1,294.82,159.27,0.1,294.82,29.48,265.34,106.07,Cash,0
TXN002202,2024-07-16,CUST0126,Sanjay Yadav,West,Pune,Electronics,Laptop,1,48631.6,37574.94,0.0,48631.6,0.0,48631.6,11056.66,UPI,0
TXN002203,2024-07-12,CUST0395,Asha Pandey,South,Bangalore,Electronics,Smartphone,1,22093.48,16730.77,0.0,22093.48,0.0,22093.48,5362.71,Credit Card,0
TXN002204,2023-03-20,CUST0431,Rahul Sharma,West,Nagpur,Electronics,Router,2,2987.49,1889.86,0.05,5974.98,298.75,5676.23,1896.51,Credit Card,0
TXN002205,2024-11-23,CUST0332,Lakshmi Rao,North,Jaipur,Clothing,Saree,2,5310.75,2513.88,0.0,10621.5,0.0,10621.5,5593.74,UPI,0
TXN002206,2023-02-17,CUST0495,Lakshmi Rao,East,Bhubaneswar,Electronics,Tablet,1,18986.62,12687.78,0.0,18986.62,0.0,18986.62,6298.84,Cash,0
TXN002207,2024-03-20,CUST0004,Deepak Tiwari,Central,Raipur,Electronics,Router,1,2794.67,1863.55,0.05,2794.67,139.73,2654.94,791.39,Debit Card,0
TXN002208,2023-04-23,CUST0479,Divya Iyer,Central,Bhopal,Sports,Dumbbells Set,1,3743.17,2174.12,0.0,3743.17,0.0,3743.17,1569.05,UPI,0
TXN002209,2023-05-26,CUST0376,Rekha Srivastava,East,Patna,Furniture,Office Chair,1,8710.61,5708.24,0.05,8710.61,435.53,8275.08,2566.84,Cash,0
TXN002210,2024-11-22,CUST0380,Kiran Bose,West,Pune,Furniture,Wooden Desk,2,12452.38,8449.4,0.0,24904.76,0.0,24904.76,8005.96,UPI,1
TXN002211,2024-03-27,CUST0383,Pooja Nair,North,Lucknow,Groceries,Sugar 1kg,2,56.74,42.89,0.05,113.48,5.67,107.81,22.03,Cash,0
TXN002212,2023-05-24,CUST0091,Lakshmi Rao,East,Guwahati,Electronics,Tablet,2,17902.22,12914.97,0.05,35804.44,1790.22,34014.22,8184.28,UPI,0
TXN002213,2023-08-12,CUST0096,Pooja Nair,North,Delhi,Furniture,Sofa Set,2,34164.11,24246.16,0.0,68328.22,0.0,68328.22,19835.9,Net Banking,0
TXN002214,2024-09-07,CUST0199,Arjun Reddy,Central,Varanasi,Clothing,Winter Jacket,1,3956.17,2137.59,0.0,3956.17,0.0,3956.17,1818.58,UPI,0
TXN002215,2024-08-01,CUST0278,Kavita Joshi,Central,Varanasi,Electronics,Smartphone,1,24072.26,16493.05,0.0,24072.26,0.0,24072.26,7579.21,UPI,0
TXN002216,2024-10-18,CUST0400,Nikhil Dubey,South,Bangalore,Groceries,Pulses 1kg,4,153.49,101.48,0.0,613.96,0.0,613.96,208.04,Net Banking,0
TXN002217,2024-10-21,CUST0480,Rekha Srivastava,North,Jaipur,Groceries,Pulses 1kg,2,152.06,97.3,0.15,304.12,45.62,258.5,63.9,Credit Card,0
TXN002218,2023-03-25,CUST0011,Amit Kumar,South,Chennai,Sports,Yoga Mat,2,891.91,537.59,0.0,1783.82,0.0,1783.82,708.64,Net Banking,0
TXN002219,2024-12-14,CUST0336,Sanjay Yadav,West,Mumbai,Furniture,Bookshelf,2,6885.87,4590.86,0.1,13771.74,1377.17,12394.57,3212.85,Net Banking,0
TXN002220,2023-10-19,CUST0055,Lakshmi Rao,West,Nagpur,Sports,Cricket Bat,1,2991.08,1846.42,0.0,2991.08,0.0,2991.08,1144.66,Cash,0
TXN002221,2024-07-13,CUST0222,Amit Kumar,East,Guwahati,Groceries,Pulses 1kg,2,144.23,97.61,0.0,288.46,0.0,288.46,93.24,UPI,0
TXN002222,2024-12-02,CUST0087,Sunita Mishra,East,Guwahati,Clothing,Men's T-Shirt,1,878.08,343.7,0.0,878.08,0.0,878.08,534.38,UPI,1
TXN002223,2024-01-11,CUST0260,Amit Kumar,West,Pune,Cosmetics,Foundation,2,936.15,511.2,0.1,1872.3,187.23,1685.07,662.67,Cash,0
TXN002224,2023-08-05,CUST0358,Priya Patel,Central,Gwalior,Sports,Cricket Bat,2,3025.37,1851.63,0.0,6050.74,0.0,6050.74,2347.48,Cash,0
TXN002225,2024-10-20,CUST0411,Nikhil Dubey,West,Mumbai,Furniture,Sofa Set,1,36901.94,23445.48,0.0,36901.94,0.0,36901.94,13456.46,Credit Card,0
TXN002226,2023-05-04,CUST0019,Arun Patil,South,Bangalore,Furniture,Dining Table,4,23741.24,14846.48,0.1,94964.96,9496.5,85468.46,26082.54,Cash,0
TXN002227,2024-09-08,CUST0116,Arjun Reddy,South,Kochi,Cosmetics,Moisturiser 50g,1,501.86,284.65,0.1,501.86,50.19,451.67,167.02,UPI,0
TXN002228,2023-08-29,CUST0112,Sunita Mishra,Central,Gwalior,Electronics,Smartphone,1,22490.04,16774.02,0.15,22490.04,3373.51,19116.53,2342.51,Credit Card,0
TXN002229,2023-11-26,CUST0323,Pallavi Shah,East,Kolkata,Furniture,Bookshelf,5,6896.27,4452.12,0.0,34481.35,0.0,34481.35,12220.75,Debit Card,0
TXN002230,2024-03-07,CUST0278,Kiran Bose,North,Chandigarh,Cosmetics,Moisturiser 50g,3,504.43,272.23,0.15,1513.29,226.99,1286.3,469.61,Credit Card,0
TXN002231,2023-09-25,CUST0309,Kavita Joshi,North,Chandigarh,Cosmetics,Hair Serum 100ml,2,696.97,393.22,0.0,1393.94,0.0,1393.94,607.5,Cash,0
TXN002232,2024-04-26,CUST0157,Divya Iyer,Central,Raipur,Sports,Cricket Bat,3,3141.73,1792.29,0.15,9425.19,1413.78,8011.41,2634.54,Net Banking,0
TXN002233,2023-05-19,CUST0457,Rohan Mehta,North,Amritsar,Cosmetics,Hair Serum 100ml,1,675.33,399.6,0.2,675.33,135.07,540.26,140.66,Debit Card,0
TXN002234,2023-04-06,CUST0479,Meera Das,Central,Bhopal,Electronics,Smartphone,1,21612.12,17124.13,0.0,21612.12,0.0,21612.12,4487.99,UPI,0
TXN002235,2024-12-10,CUST0331,Anita Verma,West,Pune,Cosmetics,Lipstick,4,585.25,303.17,0.0,2341.0,0.0,2341.0,1128.32,Debit Card,0
TXN002236,2024-09-23,CUST0223,Arjun Reddy,South,Bangalore,Furniture,Wardrobe,1,19563.38,11773.08,0.0,19563.38,0.0,19563.38,7790.3,Debit Card,0
TXN002237,2023-04-07,CUST0343,Rekha Srivastava,North,Lucknow,Groceries,Whole Wheat Flour 5kg,3,258.23,194.02,0.0,774.69,0.0,774.69,192.63,Cash,0
TXN002238,2023-10-14,CUST0458,Amit Kumar,East,Kolkata,Cosmetics,Hair Serum 100ml,4,696.31,397.87,0.15,2785.24,417.79,2367.45,775.97,Cash,0
TXN002239,2024-06-11,CUST0099,Sunita Mishra,North,Lucknow,Furniture,Bookshelf,3,6452.88,4448.41,0.0,19358.64,0.0,19358.64,6013.41,Net Banking,0
TXN002240,2023-03-08,CUST0167,Amit Kumar,West,Mumbai,Groceries,Whole Wheat Flour 5kg,2,268.66,185.83,0.2,537.32,107.46,429.86,58.2,Net Banking,0
TXN002241,2023-07-03,CUST0304,Anita Verma,North,Delhi,Electronics,Router,2,2918.93,1863.66,0.1,5837.86,583.79,5254.07,1526.75,Cash,0
TXN002242,2023-06-28,CUST0089,Arun Patil,West,Surat,Furniture,Dining Table,2,23091.08,15449.08,0.1,46182.16,4618.22,41563.94,10665.78,Credit Card,0
TXN002243,2023-08-28,CUST0312,Rekha Srivastava,West,Mumbai,Sports,Dumbbells Set,2,3755.85,2237.28,0.0,7511.7,0.0,7511.7,3037.14,Cash,0
TXN002244,2023-08-25,CUST0194,Meera Das,East,Bhubaneswar,Groceries,Tea Powder 500g,2,219.37,151.73,0.0,438.74,0.0,438.74,135.28,Credit Card,0
TXN002245,2023-07-12,CUST0190,Sneha Gupta,South,Chennai,Groceries,Tea Powder 500g,1,229.5,152.74,0.05,229.5,11.48,218.02,65.28,Net Banking,0
TXN002246,2024-09-18,CUST0373,Asha Pandey,North,Amritsar,Furniture,Bookshelf,1,6966.64,4412.45,0.0,6966.64,0.0,6966.64,2554.19,Credit Card,0
TXN002247,2024-09-27,CUST0178,Anita Verma,Central,Raipur,Groceries,Basmati Rice 5kg,1,482.93,301.1,0.2,482.93,96.59,386.34,85.24,Net Banking,0
TXN002248,2024-06-19,CUST0292,Meera Das,East,Ranchi,Groceries,Sugar 1kg,2,59.21,42.92,0.0,118.42,0.0,118.42,32.58,Net Banking,0
TXN002249,2024-03-08,CUST0411,Asha Pandey,South,Hyderabad,Sports,Cricket Bat,2,2996.66,1773.93,0.0,5993.32,0.0,5993.32,2445.46,Net Banking,0
TXN002250,2023-02-08,CUST0479,Sanjay Yadav,Central,Raipur,Groceries,Cooking Oil 1L,1,185.86,133.51,0.0,185.86,0.0,185.86,52.35,Debit Card,0
TXN002251,2024-09-17,CUST0359,Sneha Gupta,West,Nagpur,Furniture,Sofa Set,1,36291.8,23938.06,0.05,36291.8,1814.59,34477.21,10539.15,UPI,0
TXN002252,2024-10-19,CUST0042,Rahul Sharma,West,Nagpur,Electronics,Laptop,3,48462.39,38276.39,0.0,145387.17,0.0,145387.17,30558.0,Credit Card,0
TXN002253,2023-09-24,CUST0174,Amit Kumar,West,Mumbai,Groceries,Sugar 1kg,1,55.82,41.56,0.15,55.82,8.37,47.45,5.89,Net Banking,0
TXN002254,2024-03-08,CUST0350,Anita Verma,North,Jaipur,Furniture,Wardrobe,2,17889.83,12045.34,0.15,35779.66,5366.95,30412.71,6322.03,Credit Card,0
TXN002255,2023-08-01,CUST0166,Arun Patil,East,Ranchi,Cosmetics,Foundation,1,973.11,535.36,0.0,973.11,0.0,973.11,437.75,Cash,0
TXN002256,2024-02-23,CUST0384,Rajesh Malhotra,Central,Indore,Furniture,Bookshelf,1,6478.1,4401.64,0.15,6478.1,971.72,5506.38,1104.74,Debit Card,0
TXN002257,2024-07-28,CUST0067,Arjun Reddy,West,Nagpur,Sports,Yoga Mat,3,870.82,565.15,0.2,2612.46,522.49,2089.97,394.52,Cash,1
TXN002258,2024-11-29,CUST0448,Mohit Saxena,Central,Raipur,Cosmetics,Foundation,1,911.74,509.78,0.05,911.74,45.59,866.15,356.37,Debit Card,0
TXN002259,2023-03-15,CUST0344,Kiran Bose,South,Mysore,Cosmetics,Lipstick,1,605.64,311.1,0.0,605.64,0.0,605.64,294.54,Credit Card,0
TXN002260,2023-12-26,CUST0171,Amit Kumar,North,Delhi,Electronics,Smartphone,1,22349.61,17079.67,0.1,22349.61,2234.96,20114.65,3034.98,Net Banking,0
TXN002261,2023-01-02,CUST0199,Arjun Reddy,Central,Raipur,Clothing,Saree,1,5031.03,2496.23,0.0,5031.03,0.0,5031.03,2534.8,UPI,0
TXN002262,2023-07-18,CUST0207,Deepak Tiwari,South,Hyderabad,Groceries,Tea Powder 500g,2,208.36,156.2,0.0,416.72,0.0,416.72,104.32,Net Banking,0
TXN002263,2023-09-08,CUST0432,Pallavi Shah,Central,Bhopal,Cosmetics,Moisturiser 50g,2,524.92,273.09,0.15,1049.84,157.48,892.36,346.18,Cash,0
TXN002264,2023-08-14,CUST0346,Meera Das,West,Ahmedabad,Groceries,Whole Wheat Flour 5kg,3,254.79,194.4,0.0,764.37,0.0,764.37,181.17,Credit Card,0
TXN002265,2024-02-06,CUST0136,Geeta Bhatt,East,Kolkata,Sports,Badminton Racket,2,1623.37,899.37,0.05,3246.74,162.34,3084.4,1285.66,UPI,1
TXN002266,2024-01-19,CUST0435,Rohan Mehta,East,Bhubaneswar,Groceries,Pulses 1kg,1,147.97,97.83,0.0,147.97,0.0,147.97,50.14,UPI,0
TXN002267,2023-09-17,CUST0012,Swati Kapoor,North,Chandigarh,Furniture,Sofa Set,1,34727.31,23661.8,0.0,34727.31,0.0,34727.31,11065.51,UPI,0
TXN002268,2023-12-30,CUST0242,Arun Patil,Central,Varanasi,Groceries,Cooking Oil 1L,3,179.05,126.69,0.2,537.15,107.43,429.72,49.65,Credit Card,0
TXN002269,2023-08-01,CUST0191,Kiran Bose,Central,Bhopal,Electronics,Router,1,2776.66,1846.82,0.05,2776.66,138.83,2637.83,791.01,Debit Card,0
TXN002270,2023-06-03,CUST0336,Rekha Srivastava,East,Patna,Groceries,Cooking Oil 1L,1,185.18,133.58,0.0,185.18,0.0,185.18,51.6,UPI,0
TXN002271,2023-12-17,CUST0442,Priya Patel,South,Chennai,Furniture,Sofa Set,5,38055.96,24246.39,0.0,190279.8,0.0,190279.8,69047.85,Debit Card,0
TXN002272,2024-08-07,CUST0341,Divya Iyer,North,Delhi,Cosmetics,Moisturiser 50g,2,535.05,281.43,0.2,1070.1,214.02,856.08,293.22,UPI,0
TXN002273,2024-09-06,CUST0350,Rajesh Malhotra,Central,Gwalior,Sports,Badminton Racket,2,1647.47,877.69,0.0,3294.94,0.0,3294.94,1539.56,Debit Card,0
TXN002274,2024-04-03,CUST0218,Nisha Trivedi,East,Guwahati,Furniture,Office Chair,1,8472.75,5732.63,0.05,8472.75,423.64,8049.11,2316.48,Cash,0
TXN002275,2024-10-25,CUST0427,Kiran Bose,West,Mumbai,Groceries,Tea Powder 500g,1,212.1,156.4,0.2,212.1,42.42,169.68,13.28,Net Banking,0
TXN002276,2024-12-26,CUST0009,Deepak Tiwari,East,Bhubaneswar,Groceries,Sugar 1kg,3,55.08,42.25,0.0,165.24,0.0,165.24,38.49,Net Banking,0
TXN002277,2023-06-18,CUST0162,Sanjay Yadav,South,Bangalore,Cosmetics,Moisturiser 50g,1,505.7,276.4,0.0,505.7,0.0,505.7,229.3,UPI,0
TXN002278,2024-09-30,CUST0273,Kiran Bose,South,Chennai,Electronics,Tablet,1,17247.95,12662.44,0.0,17247.95,0.0,17247.95,4585.51,UPI,0
TXN002279,2024-05-11,CUST0134,Suresh Pillai,South,Chennai,Sports,Badminton Racket,2,1588.92,900.02,0.0,3177.84,0.0,3177.84,1377.8,Debit Card,0
TXN002280,2023-05-12,CUST0448,Rekha Srivastava,East,Ranchi,Groceries,Whole Wheat Flour 5kg,1,241.37,194.9,0.15,241.37,36.21,205.16,10.26,Credit Card,0
TXN002281,2023-08-20,CUST0159,Nisha Trivedi,West,Pune,Groceries,Basmati Rice 5kg,1,474.73,316.68,0.05,474.73,23.74,450.99,134.31,UPI,0
TXN002282,2023-04-08,CUST0264,Divya Iyer,South,Hyderabad,Electronics,Wireless Earbuds,1,3679.02,2135.14,0.0,3679.02,0.0,3679.02,1543.88,Credit Card,0
TXN002283,2024-03-04,CUST0356,Sneha Gupta,Central,Bhopal,Groceries,Cooking Oil 1L,4,191.95,128.94,0.0,767.8,0.0,767.8,252.04,UPI,0
TXN002284,2023-12-02,CUST0407,Amit Kumar,Central,Gwalior,Electronics,Wireless Earbuds,1,3599.32,2227.18,0.15,3599.32,539.9,3059.42,832.24,Credit Card,1
TXN002285,2024-07-21,CUST0483,Swati Kapoor,East,Patna,Sports,Cricket Bat,1,3128.33,1769.23,0.0,3128.33,0.0,3128.33,1359.1,Cash,0
TXN002286,2023-11-15,CUST0492,Asha Pandey,Central,Bhopal,Sports,Cycle Helmet,3,1383.19,811.15,0.0,4149.57,0.0,4149.57,1716.12,Cash,0
TXN002287,2024-01-30,CUST0382,Mohit Saxena,South,Mysore,Clothing,Denim Jeans,1,2602.06,1190.64,0.05,2602.06,130.1,2471.96,1281.32,Credit Card,1
TXN002288,2023-02-23,CUST0152,Amit Kumar,North,Chandigarh,Electronics,Wireless Earbuds,1,3490.06,2196.33,0.0,3490.06,0.0,3490.06,1293.73,Cash,0
TXN002289,2024-02-16,CUST0020,Rohan Mehta,South,Bangalore,Groceries,Tea Powder 500g,1,201.2,150.93,0.0,201.2,0.0,201.2,50.27,Cash,0
TXN002290,2023-10-31,CUST0455,Pallavi Shah,West,Nagpur,Electronics,Router,3,2959.13,1944.88,0.1,8877.39,887.74,7989.65,2155.01,UPI,0
TXN002291,2024-07-16,CUST0454,Pooja Nair,East,Patna,Furniture,Sofa Set,1,34496.25,24432.32,0.0,34496.25,0.0,34496.25,10063.93,Cash,0
TXN002292,2023-07-08,CUST0079,Priya Patel,North,Chandigarh,Furniture,Dining Table,1,23730.37,15088.16,0.0,23730.37,0.0,23730.37,8642.21,UPI,0
TXN002293,2023-03-26,CUST0048,Rahul Sharma,North,Delhi,Furniture,Office Chair,4,9327.31,5758.43,0.1,37309.24,3730.92,33578.32,10544.6,Cash,0
TXN002294,2024-12-20,CUST0275,Vijay Singh,South,Chennai,Cosmetics,Lipstick,1,581.09,314.46,0.05,581.09,29.05,552.04,237.58,UPI,0
TXN002295,2023-05-09,CUST0196,Vijay Singh,North,Jaipur,Groceries,Tea Powder 500g,1,211.5,156.1,0.2,211.5,42.3,169.2,13.1,Cash,0
TXN002296,2024-10-08,CUST0339,Geeta Bhatt,Central,Bhopal,Cosmetics,Face Wash 100ml,3,284.55,160.66,0.0,853.65,0.0,853.65,371.67,Debit Card,0
TXN002297,2023-05-16,CUST0137,Asha Pandey,West,Mumbai,Cosmetics,Moisturiser 50g,2,545.92,282.7,0.2,1091.84,218.37,873.47,308.07,Debit Card,0
TXN002298,2023-05-12,CUST0172,Anita Verma,South,Mysore,Furniture,Office Chair,2,8259.55,5747.68,0.0,16519.1,0.0,16519.1,5023.74,Cash,0
TXN002299,2024-06-08,CUST0406,Nisha Trivedi,North,Chandigarh,Cosmetics,Hair Serum 100ml,1,668.65,401.26,0.0,668.65,0.0,668.65,267.39,Credit Card,0
TXN002300,2024-03-04,CUST0495,Arjun Reddy,East,Guwahati,Groceries,Sugar 1kg,3,60.13,41.75,0.1,180.39,18.04,162.35,37.1,Cash,0
TXN002301,2023-01-24,CUST0049,Rajesh Malhotra,North,Amritsar,Cosmetics,Hair Serum 100ml,1,765.01,394.23,0.0,765.01,0.0,765.01,370.78,UPI,0
TXN002302,2023-12-29,CUST0227,Pallavi Shah,South,Chennai,Sports,Badminton Racket,2,1534.71,900.47,0.1,3069.42,306.94,2762.48,961.54,UPI,0
TXN002303,2024-12-14,CUST0432,Ravi Chandra,Central,Gwalior,Clothing,Men's T-Shirt,4,765.34,353.09,0.0,3061.36,0.0,3061.36,1649.0,Cash,0
TXN002304,2023-04-11,CUST0142,Rekha Srivastava,South,Mysore,Furniture,Office Chair,4,9250.68,5793.73,0.1,37002.72,3700.27,33302.45,10127.53,UPI,0
TXN002305,2023-03-23,CUST0267,Ravi Chandra,Central,Bhopal,Clothing,Formal Shirt,3,1914.12,912.43,0.2,5742.36,1148.47,4593.89,1856.6,Debit Card,0
TXN002306,2024-07-27,CUST0236,Geeta Bhatt,Central,Raipur,Groceries,Basmati Rice 5kg,1,467.27,314.71,0.0,467.27,0.0,467.27,152.56,Net Banking,0
TXN002307,2024-01-06,CUST0328,Priya Patel,West,Pune,Sports,Yoga Mat,1,983.14,546.99,0.0,983.14,0.0,983.14,436.15,Net Banking,0
TXN002308,2023-08-15,CUST0207,Mohit Saxena,West,Surat,Electronics,Wireless Earbuds,1,3459.32,2201.39,0.1,3459.32,345.93,3113.39,912.0,Net Banking,0
TXN002309,2024-02-28,CUST0274,Rekha Srivastava,East,Guwahati,Cosmetics,Sunscreen SPF50,2,452.31,272.65,0.15,904.62,135.69,768.93,223.63,Credit Card,0
TXN002310,2023-06-12,CUST0108,Priya Patel,South,Mysore,Electronics,Laptop,3,46306.86,37211.72,0.0,138920.58,0.0,138920.58,27285.42,UPI,0
TXN002311,2024-06-10,CUST0143,Arjun Reddy,Central,Raipur,Cosmetics,Foundation,1,920.83,504.98,0.05,920.83,46.04,874.79,369.81,Net Banking,0
TXN002312,2023-10-03,CUST0326,Rohan Mehta,Central,Raipur,Sports,Running Shoes,3,5000.04,3119.24,0.0,15000.12,0.0,15000.12,5642.4,Cash,1
TXN002313,2023-11-27,CUST0495,Sanjay Yadav,East,Ranchi,Cosmetics,Moisturiser 50g,5,510.62,280.63,0.05,2553.1,127.66,2425.44,1022.29,Cash,1
TXN002314,2023-03-07,CUST0228,Arjun Reddy,East,Ranchi,Furniture,Wardrobe,1,19495.77,12308.55,0.05,19495.77,974.79,18520.98,6212.43,Cash,0
TXN002315,2024-10-29,CUST0037,Arun Patil,Central,Gwalior,Furniture,Sofa Set,2,36468.92,23792.05,0.0,72937.84,0.0,72937.84,25353.74,Debit Card,0
TXN002316,2024-03-22,CUST0005,Nisha Trivedi,North,Amritsar,Furniture,Sofa Set,2,36029.29,23894.55,0.15,72058.58,10808.79,61249.79,13460.69,Cash,0
TXN002317,2023-07-31,CUST0295,Lakshmi Rao,Central,Indore,Electronics,Laptop,1,43004.06,38589.61,0.0,43004.06,0.0,43004.06,4414.45,Credit Card,0
TXN002318,2023-10-15,CUST0086,Lakshmi Rao,Central,Raipur,Sports,Cycle Helmet,3,1275.94,813.07,0.1,3827.82,382.78,3445.04,1005.83,UPI,0
TXN002319,2023-02-19,CUST0141,Rahul Sharma,Central,Raipur,Furniture,Wardrobe,1,19272.05,12269.46,0.0,19272.05,0.0,19272.05,7002.59,Credit Card,0
TXN002320,2023-11-04,CUST0205,Kiran Bose,North,Lucknow,Clothing,Winter Jacket,1,4247.59,2183.46,0.1,4247.59,424.76,3822.83,1639.37,UPI,0
TXN002321,2023-12-21,CUST0249,Swati Kapoor,East,Guwahati,Electronics,Tablet,2,18160.97,13089.74,0.05,36321.94,1816.1,34505.84,8326.36,Debit Card,1
TXN002322,2024-02-17,CUST0474,Nikhil Dubey,South,Kochi,Clothing,Men's T-Shirt,2,834.45,355.24,0.05,1668.9,83.45,1585.45,874.97,Debit Card,0
TXN002323,2023-03-06,CUST0378,Priya Patel,South,Mysore,Groceries,Sugar 1kg,1,57.88,42.76,0.0,57.88,0.0,57.88,15.12,Credit Card,1
TXN002324,2024-01-01,CUST0164,Asha Pandey,South,Mysore,Clothing,Men's T-Shirt,2,839.78,349.03,0.2,1679.56,335.91,1343.65,645.59,Credit Card,0
TXN002325,2023-06-12,CUST0002,Suresh Pillai,West,Ahmedabad,Clothing,Formal Shirt,1,1847.21,888.58,0.05,1847.21,92.36,1754.85,866.27,Net Banking,0
TXN002326,2023-01-23,CUST0259,Amit Kumar,East,Kolkata,Cosmetics,Hair Serum 100ml,2,737.13,410.52,0.1,1474.26,147.43,1326.83,505.79,UPI,0
TXN002327,2024-01-15,CUST0220,Nisha Trivedi,Central,Raipur,Groceries,Basmati Rice 5kg,1,438.65,304.53,0.0,438.65,0.0,438.65,134.12,Debit Card,0
TXN002328,2023-07-02,CUST0228,Meera Das,South,Mysore,Cosmetics,Lipstick,1,628.62,309.55,0.05,628.62,31.43,597.19,287.64,Debit Card,0
TXN002329,2023-11-23,CUST0327,Mohit Saxena,North,Jaipur,Electronics,Tablet,1,17810.97,13229.16,0.0,17810.97,0.0,17810.97,4581.81,Debit Card,0
TXN002330,2024-03-18,CUST0372,Rahul Sharma,West,Mumbai,Groceries,Sugar 1kg,3,58.86,41.18,0.0,176.58,0.0,176.58,53.04,Net Banking,0
TXN002331,2024-09-19,CUST0239,Sneha Gupta,North,Jaipur,Furniture,Wardrobe,2,18033.59,11899.16,0.05,36067.18,1803.36,34263.82,10465.5,Cash,0
TXN002332,2023-04-23,CUST0493,Sanjay Yadav,East,Patna,Furniture,Sofa Set,4,37758.74,24383.76,0.1,151034.96,15103.5,135931.46,38396.42,Credit Card,0
TXN002333,2024-11-06,CUST0054,Kavita Joshi,Central,Varanasi,Clothing,Women's Kurti,2,1421.48,594.12,0.0,2842.96,0.0,2842.96,1654.72,Debit Card,0
TXN002334,2024-10-11,CUST0318,Rekha Srivastava,North,Jaipur,Sports,Dumbbells Set,4,3783.58,2183.38,0.0,15134.32,0.0,15134.32,6400.8,Debit Card,0
TXN002335,2023-05-29,CUST0249,Pallavi Shah,East,Patna,Sports,Cricket Bat,3,3110.9,1850.54,0.0,9332.7,0.0,9332.7,3781.08,Net Banking,0
TXN002336,2024-05-14,CUST0396,Nisha Trivedi,Central,Bhopal,Cosmetics,Foundation,1,908.32,509.25,0.1,908.32,90.83,817.49,308.24,Debit Card,0
TXN002337,2023-05-01,CUST0154,Rahul Sharma,West,Pune,Clothing,Women's Kurti,2,1421.56,592.87,0.0,2843.12,0.0,2843.12,1657.38,UPI,0
TXN002338,2024-02-15,CUST0369,Geeta Bhatt,West,Mumbai,Groceries,Tea Powder 500g,1,230.34,156.58,0.05,230.34,11.52,218.82,62.24,Credit Card,1
TXN002339,2023-05-08,CUST0207,Priya Patel,East,Ranchi,Groceries,Basmati Rice 5kg,1,490.87,307.64,0.2,490.87,98.17,392.7,85.06,Cash,0
TXN002340,2023-07-15,CUST0338,Swati Kapoor,West,Mumbai,Electronics,Laptop,2,45855.79,38263.97,0.0,91711.58,0.0,91711.58,15183.64,Cash,0
TXN002341,2024-03-24,CUST0484,Deepak Tiwari,West,Surat,Sports,Cycle Helmet,2,1339.85,809.63,0.0,2679.7,0.0,2679.7,1060.44,Debit Card,0
TXN002342,2023-04-11,CUST0282,Arun Patil,South,Bangalore,Cosmetics,Lipstick,2,621.01,315.22,0.15,1242.02,186.3,1055.72,425.28,Net Banking,0
TXN002343,2024-02-16,CUST0305,Meera Das,East,Bhubaneswar,Furniture,Sofa Set,2,36787.49,23792.71,0.1,73574.98,7357.5,66217.48,18632.06,Cash,0
TXN002344,2024-04-10,CUST0411,Divya Iyer,Central,Gwalior,Clothing,Denim Jeans,2,2666.09,1233.63,0.0,5332.18,0.0,5332.18,2864.92,Cash,0
TXN002345,2024-09-18,CUST0117,Meera Das,East,Bhubaneswar,Electronics,Wireless Earbuds,1,3411.61,2217.85,0.1,3411.61,341.16,3070.45,852.6,UPI,0
TXN002346,2023-08-19,CUST0101,Nikhil Dubey,Central,Varanasi,Furniture,Office Chair,2,9287.13,5719.27,0.0,18574.26,0.0,18574.26,7135.72,Cash,0
TXN002347,2024-04-12,CUST0090,Swati Kapoor,South,Hyderabad,Cosmetics,Foundation,3,874.73,530.12,0.1,2624.19,262.42,2361.77,771.41,Debit Card,0
TXN002348,2024-11-16,CUST0443,Arun Patil,West,Nagpur,Groceries,Tea Powder 500g,1,224.02,150.99,0.1,224.02,22.4,201.62,50.63,Net Banking,0
TXN002349,2024-08-20,CUST0194,Amit Kumar,South,Chennai,Clothing,Women's Kurti,3,1266.47,613.2,0.2,3799.41,759.88,3039.53,1199.93,Cash,0
TXN002350,2024-10-19,CUST0232,Sanjay Yadav,South,Hyderabad,Sports,Dumbbells Set,4,3531.01,2234.09,0.0,14124.04,0.0,14124.04,5187.68,Debit Card,0
TXN002351,2024-01-17,CUST0353,Asha Pandey,South,Hyderabad,Cosmetics,Lipstick,1,578.88,302.51,0.2,578.88,115.78,463.1,160.59,Debit Card,0
TXN002352,2024-01-27,CUST0423,Harish Agarwal,South,Mysore,Electronics,Router,3,2802.01,1849.61,0.1,8406.03,840.6,7565.43,2016.6,Net Banking,0
TXN002353,2024-08-30,CUST0196,Rekha Srivastava,West,Nagpur,Groceries,Basmati Rice 5kg,1,485.68,318.17,0.0,485.68,0.0,485.68,167.51,Credit Card,0
TXN002354,2023-03-18,CUST0057,Anita Verma,Central,Indore,Clothing,Women's Kurti,1,1297.11,617.09,0.0,1297.11,0.0,1297.11,680.02,UPI,0
TXN002355,2023-08-01,CUST0024,Pallavi Shah,North,Chandigarh,Electronics,Wireless Earbuds,1,3808.07,2195.87,0.05,3808.07,190.4,3617.67,1421.8,Net Banking,0
TXN002356,2024-03-07,CUST0380,Sunita Mishra,West,Surat,Electronics,Wireless Earbuds,2,3449.55,2195.38,0.0,6899.1,0.0,6899.1,2508.34,Debit Card,0
TXN002357,2024-03-07,CUST0288,Priya Patel,North,Jaipur,Clothing,Men's T-Shirt,1,824.44,357.26,0.05,824.44,41.22,783.22,425.96,Debit Card,0
TXN002358,2024-02-04,CUST0169,Geeta Bhatt,South,Bangalore,Clothing,Saree,1,4870.4,2551.74,0.15,4870.4,730.56,4139.84,1588.1,UPI,0
TXN002359,2024-03-15,CUST0350,Rahul Sharma,North,Amritsar,Sports,Cricket Bat,1,3256.71,1827.3,0.1,3256.71,325.67,2931.04,1103.74,UPI,0
TXN002360,2023-09-14,CUST0118,Pooja Nair,Central,Bhopal,Sports,Cycle Helmet,2,1372.33,799.35,0.0,2744.66,0.0,2744.66,1145.96,Credit Card,0
TXN002361,2024-11-08,CUST0097,Kiran Bose,Central,Varanasi,Cosmetics,Face Wash 100ml,3,322.77,160.56,0.0,968.31,0.0,968.31,486.63,Net Banking,0
TXN002362,2024-02-05,CUST0035,Sunita Mishra,North,Jaipur,Groceries,Cooking Oil 1L,1,174.18,128.69,0.0,174.18,0.0,174.18,45.49,Credit Card,0
TXN002363,2024-02-12,CUST0282,Nikhil Dubey,East,Bhubaneswar,Furniture,Office Chair,1,8803.52,5949.37,0.0,8803.52,0.0,8803.52,2854.15,Net Banking,0
TXN002364,2023-10-10,CUST0388,Deepak Tiwari,South,Mysore,Clothing,Women's Kurti,3,1384.61,595.25,0.0,4153.83,0.0,4153.83,2368.08,Debit Card,0
TXN002365,2024-09-28,CUST0471,Sanjay Yadav,North,Jaipur,Groceries,Sugar 1kg,2,59.27,41.95,0.0,118.54,0.0,118.54,34.64,UPI,0
TXN002366,2024-12-07,CUST0392,Amit Kumar,North,Delhi,Clothing,Saree,6,4810.15,2432.06,0.2,28860.9,5772.18,23088.72,8496.36,Credit Card,0
TXN002367,2023-09-08,CUST0174,Geeta Bhatt,Central,Raipur,Groceries,Pulses 1kg,3,143.13,100.47,0.0,429.39,0.0,429.39,127.98,Net Banking,0
TXN002368,2024-05-19,CUST0232,Nisha Trivedi,North,Jaipur,Cosmetics,Face Wash 100ml,2,292.67,158.52,0.1,585.34,58.53,526.81,209.77,Cash,0
TXN002369,2023-11-07,CUST0324,Asha Pandey,East,Guwahati,Electronics,Tablet,3,18560.35,12790.85,0.15,55681.05,8352.16,47328.89,8956.34,Net Banking,0
TXN002370,2023-09-02,CUST0238,Swati Kapoor,Central,Raipur,Electronics,Wireless Earbuds,2,3563.11,2243.92,0.05,7126.22,356.31,6769.91,2282.07,UPI,0
TXN002371,2023-01-10,CUST0343,Mohit Saxena,South,Hyderabad,Groceries,Tea Powder 500g,2,224.67,154.58,0.15,449.34,67.4,381.94,72.78,Credit Card,0
TXN002372,2024-10-16,CUST0384,Mohit Saxena,South,Bangalore,Clothing,Women's Kurti,1,1268.55,602.89,0.05,1268.55,63.43,1205.12,602.23,UPI,0
TXN002373,2024-05-26,CUST0359,Swati Kapoor,East,Patna,Electronics,Laptop,2,46349.97,36958.47,0.0,92699.94,0.0,92699.94,18783.0,UPI,0
TXN002374,2023-08-11,CUST0084,Lakshmi Rao,Central,Bhopal,Groceries,Sugar 1kg,3,52.41,41.6,0.0,157.23,0.0,157.23,32.43,Cash,0
TXN002375,2024-08-20,CUST0489,Ravi Chandra,East,Ranchi,Cosmetics,Lipstick,2,579.6,302.7,0.05,1159.2,57.96,1101.24,495.84,UPI,0
TXN002376,2024-04-05,CUST0078,Anita Verma,East,Guwahati,Groceries,Sugar 1kg,1,53.49,42.16,0.05,53.49,2.67,50.82,8.66,UPI,0
TXN002377,2023-08-04,CUST0195,Deepak Tiwari,East,Patna,Cosmetics,Face Wash 100ml,2,311.36,157.68,0.15,622.72,93.41,529.31,213.95,Debit Card,0
TXN002378,2023-01-12,CUST0368,Swati Kapoor,West,Nagpur,Cosmetics,Hair Serum 100ml,1,683.13,408.77,0.15,683.13,102.47,580.66,171.89,UPI,0
TXN002379,2024-06-15,CUST0306,Divya Iyer,West,Nagpur,Furniture,Office Chair,1,9201.02,5935.85,0.05,9201.02,460.05,8740.97,2805.12,UPI,0
TXN002380,2024-10-31,CUST0451,Pallavi Shah,Central,Varanasi,Clothing,Winter Jacket,1,3932.71,2195.83,0.0,3932.71,0.0,3932.71,1736.88,UPI,0
TXN002381,2023-03-29,CUST0209,Asha Pandey,West,Pune,Groceries,Basmati Rice 5kg,2,439.14,312.99,0.0,878.28,0.0,878.28,252.3,Credit Card,0
TXN002382,2023-06-17,CUST0144,Kiran Bose,South,Bangalore,Clothing,Women's Kurti,2,1354.23,615.45,0.0,2708.46,0.0,2708.46,1477.56,Cash,0
TXN002383,2024-12-26,CUST0098,Arjun Reddy,West,Nagpur,Groceries,Tea Powder 500g,3,212.06,153.55,0.0,636.18,0.0,636.18,175.53,UPI,0
TXN002384,2024-02-06,CUST0367,Mohit Saxena,South,Mysore,Groceries,Basmati Rice 5kg,3,436.72,307.09,0.05,1310.16,65.51,1244.65,323.38,Cash,0
TXN002385,2024-01-27,CUST0060,Ravi Chandra,East,Patna,Sports,Badminton Racket,1,1599.4,891.39,0.0,1599.4,0.0,1599.4,708.01,Net Banking,0
TXN002386,2023-09-20,CUST0211,Arun Patil,East,Patna,Clothing,Formal Shirt,2,1925.51,890.5,0.05,3851.02,192.55,3658.47,1877.47,Debit Card,1
TXN002387,2024-01-09,CUST0093,Priya Patel,North,Jaipur,Sports,Running Shoes,1,5083.96,3180.2,0.15,5083.96,762.59,4321.37,1141.17,Credit Card,0
TXN002388,2023-05-14,CUST0463,Arjun Reddy,South,Bangalore,Furniture,Office Chair,1,9225.0,5658.37,0.15,9225.0,1383.75,7841.25,2182.88,Net Banking,0
TXN002389,2024-02-29,CUST0255,Rohan Mehta,Central,Gwalior,Cosmetics,Moisturiser 50g,1,513.31,279.73,0.1,513.31,51.33,461.98,182.25,Cash,0
TXN002390,2023-06-11,CUST0296,Kiran Bose,Central,Raipur,Furniture,Wooden Desk,1,12437.3,8302.68,0.15,12437.3,1865.59,10571.71,2269.03,Debit Card,0
TXN002391,2024-03-13,CUST0092,Deepak Tiwari,South,Chennai,Sports,Badminton Racket,1,1428.41,877.24,0.0,1428.41,0.0,1428.41,551.17,UPI,0
TXN002392,2024-12-02,CUST0043,Pallavi Shah,North,Chandigarh,Cosmetics,Moisturiser 50g,2,528.74,282.62,0.0,1057.48,0.0,1057.48,492.24,UPI,0
TXN002393,2024-01-11,CUST0455,Sanjay Yadav,North,Jaipur,Groceries,Pulses 1kg,1,151.16,97.41,0.2,151.16,30.23,120.93,23.52,UPI,0
TXN002394,2024-04-22,CUST0130,Sanjay Yadav,North,Delhi,Groceries,Cooking Oil 1L,2,181.96,131.41,0.05,363.92,18.2,345.72,82.9,Credit Card,0
TXN002395,2023-08-24,CUST0097,Rohan Mehta,West,Mumbai,Furniture,Dining Table,3,23325.32,15388.8,0.2,69975.96,13995.19,55980.77,9814.37,Cash,0
TXN002396,2024-01-17,CUST0330,Rahul Sharma,West,Pune,Clothing,Saree,1,5165.51,2484.68,0.15,5165.51,774.83,4390.68,1906.0,UPI,0
TXN002397,2023-04-01,CUST0176,Deepak Tiwari,East,Guwahati,Sports,Yoga Mat,2,864.23,557.97,0.1,1728.46,172.85,1555.61,439.67,Cash,0
TXN002398,2024-04-16,CUST0500,Lakshmi Rao,East,Kolkata,Cosmetics,Face Wash 100ml,3,309.41,159.96,0.2,928.23,185.65,742.58,262.7,Credit Card,0
TXN002399,2023-05-13,CUST0117,Nikhil Dubey,Central,Indore,Electronics,Laptop,2,47635.8,37664.46,0.0,95271.6,0.0,95271.6,19942.68,Credit Card,1
TXN002400,2024-04-05,CUST0083,Ravi Chandra,East,Ranchi,Cosmetics,Moisturiser 50g,2,530.48,281.44,0.1,1060.96,106.1,954.86,391.98,Cash,0
TXN002401,2024-10-08,CUST0085,Rahul Sharma,East,Kolkata,Electronics,Smart TV,4,36641.1,26324.92,0.1,146564.4,14656.44,131907.96,26608.28,UPI,0
TXN002402,2024-04-15,CUST0299,Meera Das,North,Lucknow,Clothing,Denim Jeans,1,2584.45,1197.68,0.0,2584.45,0.0,2584.45,1386.77,Credit Card,0
TXN002403,2023-12-21,CUST0469,Lakshmi Rao,Central,Gwalior,Clothing,Saree,4,5180.29,2571.51,0.2,20721.16,4144.23,16576.93,6290.89,UPI,0
TXN002404,2024-10-23,CUST0323,Rajesh Malhotra,West,Surat,Clothing,Denim Jeans,3,2485.41,1209.75,0.0,7456.23,0.0,7456.23,3826.98,Debit Card,0
TXN002405,2024-09-29,CUST0386,Nikhil Dubey,Central,Varanasi,Clothing,Formal Shirt,3,1837.65,891.23,0.05,5512.95,275.65,5237.3,2563.61,Debit Card,0
TXN002406,2024-06-14,CUST0476,Asha Pandey,North,Chandigarh,Sports,Badminton Racket,2,1434.59,916.53,0.0,2869.18,0.0,2869.18,1036.12,Cash,0
TXN002407,2023-05-09,CUST0358,Divya Iyer,Central,Varanasi,Electronics,Router,2,2780.57,1911.56,0.05,5561.14,278.06,5283.08,1459.96,UPI,0
TXN002408,2024-03-01,CUST0065,Divya Iyer,South,Kochi,Furniture,Wardrobe,1,19203.86,12139.59,0.0,19203.86,0.0,19203.86,7064.27,Debit Card,0
TXN002409,2023-02-03,CUST0468,Sneha Gupta,Central,Indore,Electronics,Wireless Earbuds,1,3465.93,2243.58,0.0,3465.93,0.0,3465.93,1222.35,Debit Card,0
TXN002410,2023-09-05,CUST0252,Swati Kapoor,North,Jaipur,Clothing,Women's Kurti,1,1311.21,614.81,0.0,1311.21,0.0,1311.21,696.4,Debit Card,0
TXN002411,2023-01-14,CUST0378,Sanjay Yadav,North,Amritsar,Groceries,Cooking Oil 1L,3,176.87,128.67,0.1,530.61,53.06,477.55,91.54,UPI,0
TXN002412,2023-06-17,CUST0247,Geeta Bhatt,Central,Indore,Cosmetics,Lipstick,1,624.44,313.43,0.15,624.44,93.67,530.77,217.34,UPI,0
TXN002413,2023-03-26,CUST0400,Kavita Joshi,South,Mysore,Electronics,Smartphone,3,21439.64,16797.22,0.15,64318.92,9647.84,54671.08,4279.42,UPI,0
TXN002414,2023-02-13,CUST0029,Meera Das,South,Mysore,Sports,Cricket Bat,2,3107.56,1821.94,0.15,6215.12,932.27,5282.85,1638.97,Debit Card,0
TXN002415,2024-02-21,CUST0338,Priya Patel,East,Patna,Clothing,Winter Jacket,1,4241.47,2176.88,0.0,4241.47,0.0,4241.47,2064.59,Debit Card,0
TXN002416,2023-09-12,CUST0222,Suresh Pillai,Central,Varanasi,Sports,Yoga Mat,1,951.7,558.25,0.15,951.7,142.75,808.95,250.7,Debit Card,0
TXN002417,2023-10-02,CUST0438,Rohan Mehta,South,Mysore,Clothing,Denim Jeans,5,2524.08,1165.38,0.0,12620.4,0.0,12620.4,6793.5,Net Banking,0
TXN002418,2024-12-06,CUST0424,Geeta Bhatt,Central,Varanasi,Sports,Cycle Helmet,2,1277.39,797.92,0.0,2554.78,0.0,2554.78,958.94,Net Banking,0
TXN002419,2023-08-15,CUST0217,Pooja Nair,West,Pune,Groceries,Whole Wheat Flour 5kg,1,262.97,184.88,0.0,262.97,0.0,262.97,78.09,Cash,0
TXN002420,2023-06-06,CUST0420,Suresh Pillai,West,Ahmedabad,Electronics,Router,4,2899.42,1885.67,0.15,11597.68,1739.65,9858.03,2315.35,Credit Card,0
TXN002421,2023-08-24,CUST0363,Amit Kumar,East,Kolkata,Furniture,Office Chair,3,8491.48,5910.96,0.05,25474.44,1273.72,24200.72,6467.84,Debit Card,1
TXN002422,2023-11-29,CUST0078,Vijay Singh,West,Mumbai,Sports,Dumbbells Set,5,3656.83,2226.17,0.0,18284.15,0.0,18284.15,7153.3,Debit Card,1
TXN002423,2024-02-07,CUST0411,Mohit Saxena,North,Amritsar,Sports,Yoga Mat,1,865.86,544.08,0.1,865.86,86.59,779.27,235.19,Cash,1
TXN002424,2024-06-13,CUST0115,Pallavi Shah,North,Chandigarh,Cosmetics,Lipstick,2,650.22,307.2,0.15,1300.44,195.07,1105.37,490.97,Debit Card,0
TXN002425,2023-09-18,CUST0487,Sneha Gupta,North,Amritsar,Cosmetics,Foundation,3,969.79,514.2,0.05,2909.37,145.47,2763.9,1221.3,UPI,0
TXN002426,2023-08-25,CUST0062,Pallavi Shah,Central,Indore,Groceries,Sugar 1kg,2,54.28,42.86,0.05,108.56,5.43,103.13,17.41,UPI,0
TXN002427,2023-03-18,CUST0482,Amit Kumar,Central,Raipur,Cosmetics,Foundation,2,971.91,504.42,0.05,1943.82,97.19,1846.63,837.79,Debit Card,0
TXN002428,2023-06-07,CUST0216,Sunita Mishra,Central,Gwalior,Cosmetics,Foundation,2,921.61,515.59,0.15,1843.22,276.48,1566.74,535.56,UPI,0
TXN002429,2023-03-21,CUST0392,Arun Patil,South,Kochi,Electronics,Wireless Earbuds,3,3344.92,2139.83,0.0,10034.76,0.0,10034.76,3615.27,UPI,0
TXN002430,2023-02-21,CUST0305,Rohan Mehta,Central,Indore,Furniture,Dining Table,2,22630.67,15051.54,0.1,45261.34,4526.13,40735.21,10632.13,Cash,0
TXN002431,2024-02-05,CUST0046,Deepak Tiwari,West,Pune,Sports,Badminton Racket,3,1530.43,901.93,0.0,4591.29,0.0,4591.29,1885.5,Debit Card,1
TXN002432,2024-09-02,CUST0286,Asha Pandey,East,Kolkata,Cosmetics,Hair Serum 100ml,3,704.08,411.84,0.2,2112.24,422.45,1689.79,454.27,Credit Card,0
TXN002433,2023-06-30,CUST0345,Rekha Srivastava,North,Jaipur,Clothing,Saree,1,5291.94,2572.53,0.0,5291.94,0.0,5291.94,2719.41,Debit Card,0
TXN002434,2024-10-09,CUST0371,Nikhil Dubey,South,Hyderabad,Furniture,Bookshelf,2,6192.3,4504.26,0.15,12384.6,1857.69,10526.91,1518.39,Cash,1
TXN002435,2023-08-16,CUST0131,Divya Iyer,West,Nagpur,Furniture,Dining Table,1,24162.53,14884.11,0.15,24162.53,3624.38,20538.15,5654.04,Debit Card,0
TXN002436,2023-07-29,CUST0195,Deepak Tiwari,North,Lucknow,Furniture,Sofa Set,1,34633.04,23330.86,0.05,34633.04,1731.65,32901.39,9570.53,Net Banking,0
TXN002437,2024-04-05,CUST0408,Divya Iyer,Central,Raipur,Furniture,Office Chair,3,8624.66,5748.18,0.1,25873.98,2587.4,23286.58,6042.04,UPI,0
TXN002438,2023-11-07,CUST0009,Pallavi Shah,North,Amritsar,Electronics,Router,3,2935.44,1866.88,0.0,8806.32,0.0,8806.32,3205.68,Cash,0
TXN002439,2024-06-25,CUST0347,Rohan Mehta,East,Guwahati,Groceries,Cooking Oil 1L,2,183.87,132.3,0.0,367.74,0.0,367.74,103.14,Cash,0
TXN002440,2024-12-05,CUST0345,Vijay Singh,North,Amritsar,Clothing,Winter Jacket,4,3863.67,2171.38,0.05,15454.68,772.73,14681.95,5996.43,Cash,0
TXN002441,2023-05-28,CUST0017,Deepak Tiwari,North,Chandigarh,Groceries,Whole Wheat Flour 5kg,2,239.67,188.2,0.1,479.34,47.93,431.41,55.01,Cash,0
TXN002442,2024-08-23,CUST0245,Vijay Singh,South,Mysore,Furniture,Sofa Set,2,36563.26,23621.14,0.1,73126.52,7312.65,65813.87,18571.59,Debit Card,0
TXN002443,2024-02-06,CUST0115,Arjun Reddy,South,Hyderabad,Clothing,Formal Shirt,1,1716.47,904.33,0.0,1716.47,0.0,1716.47,812.14,Credit Card,0
TXN002444,2024-09-25,CUST0290,Harish Agarwal,North,Jaipur,Cosmetics,Sunscreen SPF50,4,446.26,268.99,0.1,1785.04,178.5,1606.54,530.58,UPI,0
TXN002445,2023-10-05,CUST0081,Vijay Singh,West,Pune,Sports,Badminton Racket,1,1446.48,905.7,0.05,1446.48,72.32,1374.16,468.46,Debit Card,0
TXN002446,2023-12-02,CUST0020,Divya Iyer,North,Delhi,Clothing,Women's Kurti,3,1282.73,586.67,0.0,3848.19,0.0,3848.19,2088.18,UPI,0
TXN002447,2024-04-07,CUST0473,Deepak Tiwari,North,Chandigarh,Groceries,Basmati Rice 5kg,1,477.22,316.06,0.0,477.22,0.0,477.22,161.16,Credit Card,0
TXN002448,2024-06-03,CUST0411,Sneha Gupta,North,Lucknow,Electronics,Smart TV,1,35363.37,26260.38,0.1,35363.37,3536.34,31827.03,5566.65,Credit Card,0
TXN002449,2023-05-11,CUST0043,Arjun Reddy,Central,Raipur,Groceries,Sugar 1kg,2,56.84,42.76,0.05,113.68,5.68,108.0,22.48,Credit Card,0
TXN002450,2024-09-18,CUST0133,Nikhil Dubey,Central,Raipur,Groceries,Whole Wheat Flour 5kg,1,243.32,185.95,0.2,243.32,48.66,194.66,8.71,Net Banking,0
TXN002451,2024-07-03,CUST0116,Amit Kumar,West,Pune,Cosmetics,Face Wash 100ml,2,304.77,158.08,0.0,609.54,0.0,609.54,293.38,Cash,0
TXN002452,2023-02-02,CUST0063,Sunita Mishra,West,Surat,Cosmetics,Hair Serum 100ml,2,749.21,410.08,0.2,1498.42,299.68,1198.74,378.58,Credit Card,0
TXN002453,2024-02-23,CUST0064,Mohit Saxena,North,Delhi,Groceries,Sugar 1kg,2,59.46,42.17,0.15,118.92,17.84,101.08,16.74,Cash,0
TXN002454,2024-09-22,CUST0249,Meera Das,East,Guwahati,Cosmetics,Sunscreen SPF50,1,467.95,276.29,0.15,467.95,70.19,397.76,121.47,Net Banking,0
TXN002455,2023-08-05,CUST0438,Asha Pandey,North,Chandigarh,Groceries,Basmati Rice 5kg,1,432.21,302.63,0.2,432.21,86.44,345.77,43.14,Cash,0
TXN002456,2023-12-17,CUST0002,Pooja Nair,South,Chennai,Groceries,Tea Powder 500g,4,203.15,158.48,0.15,812.6,121.89,690.71,56.79,Debit Card,0
TXN002457,2024-05-29,CUST0339,Mohit Saxena,North,Amritsar,Cosmetics,Lipstick,2,650.16,309.13,0.0,1300.32,0.0,1300.32,682.06,Net Banking,0
TXN002458,2023-08-06,CUST0243,Vijay Singh,South,Bangalore,Groceries,Whole Wheat Flour 5kg,1,266.11,188.74,0.0,266.11,0.0,266.11,77.37,Credit Card,0
TXN002459,2024-11-08,CUST0136,Sanjay Yadav,Central,Raipur,Electronics,Smart TV,3,34377.67,27798.87,0.05,103133.01,5156.65,97976.36,14579.75,Net Banking,0
TXN002460,2024-09-20,CUST0363,Kavita Joshi,Central,Varanasi,Electronics,Wireless Earbuds,2,3819.85,2166.6,0.0,7639.7,0.0,7639.7,3306.5,UPI,0
TXN002461,2024-09-21,CUST0231,Divya Iyer,South,Kochi,Groceries,Basmati Rice 5kg,2,442.63,308.64,0.2,885.26,177.05,708.21,90.93,Credit Card,1
TXN002462,2024-12-20,CUST0042,Rahul Sharma,North,Lucknow,Furniture,Sofa Set,3,34517.54,24267.04,0.0,103552.62,0.0,103552.62,30751.5,Net Banking,0
TXN002463,2024-10-21,CUST0226,Pooja Nair,West,Mumbai,Clothing,Denim Jeans,2,2723.04,1165.53,0.0,5446.08,0.0,5446.08,3115.02,Net Banking,0
TXN002464,2024-09-05,CUST0261,Sanjay Yadav,Central,Varanasi,Cosmetics,Sunscreen SPF50,2,466.91,270.3,0.0,933.82,0.0,933.82,393.22,Net Banking,0
TXN002465,2023-01-13,CUST0037,Suresh Pillai,South,Kochi,Electronics,Laptop,3,45827.97,37928.26,0.2,137483.91,27496.78,109987.13,-3797.65,UPI,1
TXN002466,2023-08-16,CUST0228,Deepak Tiwari,East,Ranchi,Groceries,Pulses 1kg,2,137.14,98.21,0.0,274.28,0.0,274.28,77.86,Cash,0
TXN002467,2023-03-17,CUST0045,Geeta Bhatt,Central,Varanasi,Electronics,Laptop,2,48972.92,37471.15,0.0,97945.84,0.0,97945.84,23003.54,Debit Card,0
TXN002468,2024-08-29,CUST0290,Pallavi Shah,East,Bhubaneswar,Clothing,Women's Kurti,2,1363.74,600.68,0.15,2727.48,409.12,2318.36,1117.0,UPI,1
TXN002469,2023-12-17,CUST0125,Nisha Trivedi,South,Chennai,Sports,Cricket Bat,1,3217.27,1824.5,0.0,3217.27,0.0,3217.27,1392.77,Cash,0
TXN002470,2023-02-26,CUST0369,Kiran Bose,Central,Gwalior,Clothing,Winter Jacket,1,4174.86,2263.35,0.0,4174.86,0.0,4174.86,1911.51,Cash,1
TXN002471,2024-09-20,CUST0140,Deepak Tiwari,West,Pune,Electronics,Smart TV,2,34843.05,26882.67,0.0,69686.1,0.0,69686.1,15920.76,UPI,0
TXN002472,2023-06-05,CUST0125,Mohit Saxena,South,Mysore,Groceries,Pulses 1kg,3,140.9,98.98,0.15,422.7,63.4,359.3,62.36,Net Banking,0
TXN002473,2024-05-05,CUST0296,Rohan Mehta,West,Nagpur,Furniture,Wardrobe,4,19775.79,12330.45,0.0,79103.16,0.0,79103.16,29781.36,Cash,0
TXN002474,2024-05-08,CUST0052,Lakshmi Rao,West,Surat,Electronics,Smart TV,3,33280.78,26779.42,0.15,99842.34,14976.35,84865.99,4527.73,Credit Card,0
TXN002475,2024-04-18,CUST0479,Rajesh Malhotra,North,Delhi,Furniture,Wooden Desk,1,12860.64,8529.22,0.0,12860.64,0.0,12860.64,4331.42,Debit Card,0
TXN002476,2024-02-07,CUST0340,Harish Agarwal,South,Mysore,Sports,Cycle Helmet,2,1350.17,776.75,0.0,2700.34,0.0,2700.34,1146.84,Debit Card,0
TXN002477,2023-01-06,CUST0277,Kiran Bose,South,Mysore,Cosmetics,Moisturiser 50g,1,526.12,288.1,0.15,526.12,78.92,447.2,159.1,UPI,1
TXN002478,2024-08-20,CUST0013,Sunita Mishra,East,Patna,Clothing,Formal Shirt,3,1934.04,908.02,0.0,5802.12,0.0,5802.12,3078.06,Credit Card,0
TXN002479,2023-02-24,CUST0300,Suresh Pillai,North,Delhi,Cosmetics,Sunscreen SPF50,2,456.13,268.63,0.2,912.26,182.45,729.81,192.55,Credit Card,0
TXN002480,2023-09-16,CUST0025,Rekha Srivastava,Central,Gwalior,Electronics,Smartphone,3,24026.94,17362.52,0.0,72080.82,0.0,72080.82,19993.26,Net Banking,0
TXN002481,2024-11-01,CUST0420,Asha Pandey,Central,Raipur,Cosmetics,Foundation,4,957.1,525.82,0.15,3828.4,574.26,3254.14,1150.86,UPI,0
TXN002482,2023-07-21,CUST0347,Rajesh Malhotra,South,Bangalore,Electronics,Tablet,1,18896.34,13022.8,0.05,18896.34,944.82,17951.52,4928.72,UPI,1
TXN002483,2023-09-08,CUST0281,Vijay Singh,West,Ahmedabad,Groceries,Tea Powder 500g,1,203.48,151.02,0.1,203.48,20.35,183.13,32.11,Credit Card,0
TXN002484,2023-08-07,CUST0322,Nikhil Dubey,Central,Varanasi,Groceries,Basmati Rice 5kg,2,459.95,301.87,0.15,919.9,137.98,781.92,178.18,Credit Card,0
TXN002485,2023-06-09,CUST0313,Ravi Chandra,East,Kolkata,Cosmetics,Sunscreen SPF50,1,461.71,267.03,0.15,461.71,69.26,392.45,125.42,Cash,0
TXN002486,2024-04-18,CUST0293,Pallavi Shah,North,Chandigarh,Clothing,Women's Kurti,2,1386.34,605.99,0.15,2772.68,415.9,2356.78,1144.8,Credit Card,0
TXN002487,2023-12-18,CUST0237,Ravi Chandra,Central,Indore,Cosmetics,Foundation,3,877.62,532.11,0.0,2632.86,0.0,2632.86,1036.53,Debit Card,0
TXN002488,2024-10-01,CUST0133,Pooja Nair,South,Chennai,Groceries,Cooking Oil 1L,1,195.49,129.33,0.0,195.49,0.0,195.49,66.16,Net Banking,0
TXN002489,2023-09-12,CUST0114,Priya Patel,West,Nagpur,Furniture,Dining Table,4,21283.28,14828.2,0.0,85133.12,0.0,85133.12,25820.32,UPI,0
TXN002490,2024-09-11,CUST0360,Divya Iyer,North,Lucknow,Sports,Running Shoes,4,5108.16,3265.45,0.0,20432.64,0.0,20432.64,7370.84,Net Banking,0
TXN002491,2024-12-11,CUST0353,Vijay Singh,West,Pune,Furniture,Dining Table,1,21466.71,14870.7,0.0,21466.71,0.0,21466.71,6596.01,Cash,0
TXN002492,2023-09-30,CUST0203,Pallavi Shah,South,Kochi,Clothing,Men's T-Shirt,2,808.48,358.11,0.05,1616.96,80.85,1536.11,819.89,Cash,0
TXN002493,2023-07-14,CUST0240,Arun Patil,East,Kolkata,Sports,Cricket Bat,2,3145.0,1809.66,0.05,6290.0,314.5,5975.5,2356.18,Credit Card,0
TXN002494,2024-08-07,CUST0418,Vijay Singh,East,Guwahati,Sports,Dumbbells Set,2,3724.85,2142.9,0.15,7449.7,1117.45,6332.25,2046.45,Debit Card,0
TXN002495,2023-10-03,CUST0271,Meera Das,North,Delhi,Furniture,Wardrobe,3,19590.53,11648.53,0.15,58771.59,8815.74,49955.85,15010.26,Credit Card,1
TXN002496,2024-02-07,CUST0374,Swati Kapoor,West,Surat,Electronics,Laptop,2,43832.11,39021.61,0.0,87664.22,0.0,87664.22,9621.0,Credit Card,0
TXN002497,2023-02-01,CUST0494,Anita Verma,Central,Bhopal,Groceries,Sugar 1kg,1,60.07,42.5,0.1,60.07,6.01,54.06,11.56,Debit Card,1
TXN002498,2024-07-26,CUST0268,Deepak Tiwari,West,Pune,Clothing,Men's T-Shirt,1,763.76,349.41,0.15,763.76,114.56,649.2,299.79,Credit Card,0
TXN002499,2024-10-13,CUST0230,Swati Kapoor,West,Ahmedabad,Groceries,Pulses 1kg,2,142.91,97.04,0.1,285.82,28.58,257.24,63.16,Cash,0
TXN002500,2023-05-22,CUST0221,Arun Patil,East,Kolkata,Furniture,Wardrobe,3,19034.47,11992.84,0.15,57103.41,8565.51,48537.9,12559.38,Credit Card,0
TXN002501,2023-12-01,CUST0017,Deepak Tiwari,Central,Raipur,Groceries,Whole Wheat Flour 5kg,4,238.19,188.44,0.0,952.76,0.0,952.76,199.0,Cash,0
TXN002502,2024-12-06,CUST0007,Rohan Mehta,East,Bhubaneswar,Clothing,Winter Jacket,4,4325.19,2161.45,0.0,17300.76,0.0,17300.76,8654.96,UPI,0
TXN002503,2024-04-07,CUST0140,Rekha Srivastava,South,Hyderabad,Electronics,Smartphone,2,20909.31,17412.5,0.15,41818.62,6272.79,35545.83,720.83,Credit Card,0
TXN002504,2024-10-17,CUST0073,Swati Kapoor,West,Ahmedabad,Clothing,Formal Shirt,1,1740.01,896.48,0.1,1740.01,174.0,1566.01,669.53,Net Banking,0
TXN002505,2024-09-12,CUST0242,Pallavi Shah,West,Surat,Clothing,Men's T-Shirt,1,810.14,347.6,0.1,810.14,81.01,729.13,381.53,Debit Card,0
TXN002506,2023-07-31,CUST0224,Kiran Bose,East,Patna,Groceries,Whole Wheat Flour 5kg,3,239.91,184.52,0.0,719.73,0.0,719.73,166.17,Debit Card,0
TXN002507,2023-01-05,CUST0209,Pooja Nair,Central,Raipur,Groceries,Tea Powder 500g,1,209.87,156.45,0.05,209.87,10.49,199.38,42.93,Credit Card,0
TXN002508,2024-02-27,CUST0004,Arjun Reddy,South,Mysore,Electronics,Wireless Earbuds,1,3393.04,2146.66,0.0,3393.04,0.0,3393.04,1246.38,Cash,0
TXN002509,2024-02-22,CUST0082,Nikhil Dubey,West,Mumbai,Cosmetics,Sunscreen SPF50,1,483.96,273.38,0.0,483.96,0.0,483.96,210.58,Credit Card,0
TXN002510,2023-05-17,CUST0332,Suresh Pillai,Central,Bhopal,Groceries,Pulses 1kg,1,150.59,98.16,0.05,150.59,7.53,143.06,44.9,Debit Card,0
TXN002511,2023-10-05,CUST0396,Sneha Gupta,East,Guwahati,Furniture,Wooden Desk,5,12617.45,8548.87,0.0,63087.25,0.0,63087.25,20342.9,Cash,0
TXN002512,2023-12-04,CUST0361,Asha Pandey,East,Patna,Sports,Cycle Helmet,2,1318.89,784.72,0.05,2637.78,131.89,2505.89,936.45,Net Banking,0
TXN002513,2024-02-16,CUST0411,Rajesh Malhotra,North,Jaipur,Groceries,Pulses 1kg,1,133.42,102.45,0.0,133.42,0.0,133.42,30.97,Net Banking,0
TXN002514,2024-06-03,CUST0432,Pooja Nair,Central,Varanasi,Electronics,Wireless Earbuds,1,3551.68,2239.5,0.2,3551.68,710.34,2841.34,601.84,Credit Card,0
TXN002515,2023-08-14,CUST0289,Meera Das,East,Patna,Cosmetics,Sunscreen SPF50,1,430.55,273.83,0.0,430.55,0.0,430.55,156.72,UPI,0
TXN002516,2024-05-22,CUST0281,Kavita Joshi,North,Delhi,Cosmetics,Moisturiser 50g,4,532.83,288.22,0.2,2131.32,426.26,1705.06,552.18,Cash,0
TXN002517,2023-12-06,CUST0292,Rajesh Malhotra,South,Kochi,Groceries,Whole Wheat Flour 5kg,3,240.79,188.74,0.1,722.37,72.24,650.13,83.91,Debit Card,1
TXN002518,2024-08-07,CUST0398,Rohan Mehta,North,Delhi,Groceries,Tea Powder 500g,1,228.74,151.91,0.0,228.74,0.0,228.74,76.83,Credit Card,0
TXN002519,2024-06-18,CUST0260,Harish Agarwal,West,Mumbai,Electronics,Wireless Earbuds,2,3682.4,2143.29,0.15,7364.8,1104.72,6260.08,1973.5,Net Banking,0
TXN002520,2024-08-23,CUST0060,Pallavi Shah,South,Bangalore,Cosmetics,Foundation,3,891.91,532.56,0.15,2675.73,401.36,2274.37,676.69,Credit Card,0
TXN002521,2024-08-08,CUST0468,Geeta Bhatt,West,Nagpur,Sports,Yoga Mat,1,979.33,556.47,0.0,979.33,0.0,979.33,422.86,Credit Card,0
TXN002522,2024-11-24,CUST0376,Harish Agarwal,Central,Gwalior,Cosmetics,Lipstick,3,648.34,303.41,0.0,1945.02,0.0,1945.02,1034.79,Net Banking,0
TXN002523,2024-06-08,CUST0005,Harish Agarwal,North,Amritsar,Groceries,Cooking Oil 1L,3,189.81,126.5,0.1,569.43,56.94,512.49,132.99,Cash,0
TXN002524,2024-05-23,CUST0161,Suresh Pillai,Central,Gwalior,Sports,Cycle Helmet,2,1361.38,790.27,0.0,2722.76,0.0,2722.76,1142.22,Debit Card,0
TXN002525,2023-11-14,CUST0475,Arjun Reddy,North,Jaipur,Furniture,Dining Table,3,22305.94,14897.04,0.2,66917.82,13383.56,53534.26,8843.14,Debit Card,0
TXN002526,2023-11-01,CUST0133,Kavita Joshi,East,Ranchi,Electronics,Router,2,2824.22,1949.78,0.15,5648.44,847.27,4801.17,901.61,Debit Card,0
TXN002527,2024-06-11,CUST0361,Geeta Bhatt,Central,Gwalior,Groceries,Tea Powder 500g,1,222.83,154.65,0.1,222.83,22.28,200.55,45.9,Net Banking,1
TXN002528,2024-01-08,CUST0341,Geeta Bhatt,East,Guwahati,Sports,Yoga Mat,1,978.37,549.9,0.05,978.37,48.92,929.45,379.55,Net Banking,0
TXN002529,2024-05-03,CUST0344,Sneha Gupta,South,Hyderabad,Cosmetics,Face Wash 100ml,1,293.49,164.76,0.15,293.49,44.02,249.47,84.71,UPI,0
TXN002530,2024-02-02,CUST0274,Rohan Mehta,South,Hyderabad,Cosmetics,Face Wash 100ml,1,312.84,155.23,0.1,312.84,31.28,281.56,126.33,UPI,0
TXN002531,2023-06-02,CUST0489,Asha Pandey,Central,Raipur,Groceries,Basmati Rice 5kg,1,466.76,311.93,0.0,466.76,0.0,466.76,154.83,Debit Card,0
TXN002532,2023-02-14,CUST0235,Kavita Joshi,South,Bangalore,Clothing,Saree,2,5349.8,2472.26,0.0,10699.6,0.0,10699.6,5755.08,Debit Card,0
TXN002533,2024-12-28,CUST0126,Sanjay Yadav,North,Lucknow,Sports,Running Shoes,3,4789.26,3130.81,0.0,14367.78,0.0,14367.78,4975.35,UPI,0
TXN002534,2023-10-27,CUST0177,Nikhil Dubey,Central,Raipur,Electronics,Wireless Earbuds,4,3452.59,2181.12,0.0,13810.36,0.0,13810.36,5085.88,UPI,1
TXN002535,2023-02-12,CUST0480,Nisha Trivedi,South,Bangalore,Electronics,Smart TV,2,34271.45,27768.49,0.0,68542.9,0.0,68542.9,13005.92,Debit Card,0
TXN002536,2024-04-26,CUST0048,Harish Agarwal,North,Chandigarh,Electronics,Wireless Earbuds,3,3620.95,2256.39,0.1,10862.85,1086.29,9776.56,3007.39,Credit Card,0
TXN002537,2023-01-15,CUST0333,Kavita Joshi,East,Kolkata,Furniture,Wardrobe,1,17555.92,11747.59,0.1,17555.92,1755.59,15800.33,4052.74,Cash,0
TXN002538,2023-10-31,CUST0166,Geeta Bhatt,Central,Raipur,Clothing,Saree,4,4752.33,2463.5,0.0,19009.32,0.0,19009.32,9155.32,Debit Card,0
TXN002539,2023-02-22,CUST0345,Pooja Nair,West,Pune,Cosmetics,Lipstick,1,612.83,310.72,0.2,612.83,122.57,490.26,179.54,Credit Card,0
TXN002540,2023-05-21,CUST0019,Rahul Sharma,South,Mysore,Cosmetics,Hair Serum 100ml,3,670.52,404.28,0.05,2011.56,100.58,1910.98,698.14,Net Banking,0
TXN002541,2023-09-08,CUST0192,Arjun Reddy,West,Pune,Furniture,Dining Table,4,21506.41,14605.86,0.05,86025.64,4301.28,81724.36,23300.92,Cash,0
TXN002542,2024-04-13,CUST0348,Sneha Gupta,North,Jaipur,Cosmetics,Foundation,3,857.25,526.9,0.0,2571.75,0.0,2571.75,991.05,Credit Card,0
TXN002543,2023-08-01,CUST0196,Anita Verma,South,Hyderabad,Groceries,Pulses 1kg,3,142.99,97.98,0.0,428.97,0.0,428.97,135.03,Cash,0
TXN002544,2023-07-18,CUST0081,Ravi Chandra,South,Mysore,Cosmetics,Sunscreen SPF50,2,485.22,263.08,0.1,970.44,97.04,873.4,347.24,UPI,0
TXN002545,2024-09-16,CUST0460,Asha Pandey,North,Lucknow,Clothing,Men's T-Shirt,1,869.27,340.38,0.0,869.27,0.0,869.27,528.89,Credit Card,0
TXN002546,2024-06-07,CUST0147,Sunita Mishra,West,Surat,Cosmetics,Lipstick,2,585.39,315.2,0.0,1170.78,0.0,1170.78,540.38,Net Banking,0
TXN002547,2024-07-08,CUST0356,Pallavi Shah,West,Pune,Sports,Yoga Mat,2,875.46,555.29,0.2,1750.92,350.18,1400.74,290.16,Cash,1
TXN002548,2023-06-21,CUST0258,Ravi Chandra,Central,Gwalior,Electronics,Tablet,2,17798.45,13158.88,0.0,35596.9,0.0,35596.9,9279.14,Debit Card,0
TXN002549,2023-10-05,CUST0080,Nikhil Dubey,North,Amritsar,Furniture,Wardrobe,3,19492.51,12324.58,0.05,58477.53,2923.88,55553.65,18579.91,Debit Card,0
TXN002550,2023-12-17,CUST0281,Rajesh Malhotra,West,Pune,Furniture,Dining Table,1,22437.06,14775.55,0.05,22437.06,1121.85,21315.21,6539.66,Net Banking,0
TXN002551,2024-03-28,CUST0073,Rajesh Malhotra,Central,Raipur,Furniture,Bookshelf,1,7020.84,4633.38,0.0,7020.84,0.0,7020.84,2387.46,Net Banking,0
TXN002552,2024-09-13,CUST0070,Deepak Tiwari,South,Mysore,Groceries,Cooking Oil 1L,2,181.77,126.58,0.1,363.54,36.35,327.19,74.03,Credit Card,0
TXN002553,2024-12-04,CUST0483,Meera Das,West,Ahmedabad,Electronics,Smart TV,4,37794.86,26310.74,0.1,151179.44,15117.94,136061.5,30818.54,Cash,0
TXN002554,2024-02-12,CUST0157,Lakshmi Rao,North,Chandigarh,Electronics,Router,1,3012.52,1916.1,0.05,3012.52,150.63,2861.89,945.79,Net Banking,0
TXN002555,2024-10-13,CUST0286,Rekha Srivastava,West,Nagpur,Sports,Yoga Mat,4,956.67,566.39,0.0,3826.68,0.0,3826.68,1561.12,Debit Card,0
TXN002556,2024-01-18,CUST0285,Rekha Srivastava,East,Kolkata,Furniture,Office Chair,1,8183.04,5836.17,0.1,8183.04,818.3,7364.74,1528.57,Debit Card,0
TXN002557,2024-06-18,CUST0188,Anita Verma,North,Jaipur,Electronics,Router,1,2828.16,1942.43,0.0,2828.16,0.0,2828.16,885.73,Cash,0
TXN002558,2024-10-26,CUST0297,Divya Iyer,North,Jaipur,Groceries,Basmati Rice 5kg,2,446.74,304.88,0.1,893.48,89.35,804.13,194.37,UPI,0
TXN002559,2024-04-08,CUST0474,Rahul Sharma,East,Guwahati,Electronics,Router,5,2698.47,1948.61,0.1,13492.35,1349.24,12143.11,2400.06,Cash,0
TXN002560,2023-02-22,CUST0025,Vijay Singh,West,Nagpur,Cosmetics,Lipstick,2,571.57,303.98,0.0,1143.14,0.0,1143.14,535.18,Debit Card,0
TXN002561,2024-08-01,CUST0187,Rajesh Malhotra,South,Mysore,Clothing,Men's T-Shirt,4,779.68,358.43,0.05,3118.72,155.94,2962.78,1529.06,Net Banking,0
TXN002562,2024-04-29,CUST0444,Pallavi Shah,West,Ahmedabad,Cosmetics,Moisturiser 50g,4,539.03,278.69,0.1,2156.12,215.61,1940.51,825.75,UPI,0
TXN002563,2023-09-18,CUST0085,Priya Patel,South,Hyderabad,Clothing,Winter Jacket,1,4257.07,2168.04,0.15,4257.07,638.56,3618.51,1450.47,Debit Card,0
TXN002564,2023-10-19,CUST0188,Amit Kumar,South,Kochi,Groceries,Basmati Rice 5kg,1,491.03,315.34,0.2,491.03,98.21,392.82,77.48,Credit Card,0
TXN002565,2024-09-19,CUST0381,Rekha Srivastava,West,Surat,Furniture,Wardrobe,1,18741.4,11913.11,0.0,18741.4,0.0,18741.4,6828.29,UPI,0
TXN002566,2023-01-05,CUST0337,Priya Patel,East,Patna,Furniture,Office Chair,1,9105.63,5785.32,0.1,9105.63,910.56,8195.07,2409.75,Debit Card,0
TXN002567,2024-09-22,CUST0409,Arjun Reddy,Central,Gwalior,Electronics,Tablet,2,18491.87,12774.92,0.2,36983.74,7396.75,29586.99,4037.15,Net Banking,0
TXN002568,2023-10-18,CUST0286,Meera Das,East,Guwahati,Groceries,Whole Wheat Flour 5kg,5,249.9,190.74,0.1,1249.5,124.95,1124.55,170.85,Credit Card,0
TXN002569,2024-01-18,CUST0467,Nikhil Dubey,East,Bhubaneswar,Furniture,Wardrobe,1,17414.71,12137.86,0.0,17414.71,0.0,17414.71,5276.85,Net Banking,0
TXN002570,2024-12-10,CUST0343,Pallavi Shah,Central,Raipur,Furniture,Wardrobe,2,18245.59,12008.41,0.1,36491.18,3649.12,32842.06,8825.24,Debit Card,0
TXN002571,2023-06-19,CUST0102,Harish Agarwal,East,Ranchi,Furniture,Office Chair,1,9118.89,5783.98,0.15,9118.89,1367.83,7751.06,1967.08,Debit Card,0
TXN002572,2024-06-28,CUST0316,Lakshmi Rao,North,Chandigarh,Clothing,Saree,1,5392.74,2464.7,0.0,5392.74,0.0,5392.74,2928.04,Credit Card,0
TXN002573,2023-12-06,CUST0438,Arun Patil,South,Mysore,Sports,Running Shoes,4,4825.52,3221.07,0.0,19302.08,0.0,19302.08,6417.8,Debit Card,0
TXN002574,2024-11-30,CUST0127,Nisha Trivedi,Central,Raipur,Furniture,Bookshelf,1,6551.93,4444.57,0.1,6551.93,655.19,5896.74,1452.17,UPI,1
TXN002575,2024-05-08,CUST0415,Sanjay Yadav,East,Guwahati,Clothing,Men's T-Shirt,2,781.0,346.55,0.0,1562.0,0.0,1562.0,868.9,Debit Card,0
TXN002576,2024-09-28,CUST0317,Suresh Pillai,South,Kochi,Furniture,Sofa Set,2,36503.29,24004.96,0.15,73006.58,10950.99,62055.59,14045.67,Net Banking,1
TXN002577,2024-06-21,CUST0121,Sanjay Yadav,West,Ahmedabad,Groceries,Whole Wheat Flour 5kg,1,254.45,187.66,0.0,254.45,0.0,254.45,66.79,Cash,0
TXN002578,2024-09-17,CUST0354,Arjun Reddy,South,Mysore,Cosmetics,Moisturiser 50g,3,505.18,286.56,0.0,1515.54,0.0,1515.54,655.86,Net Banking,0
TXN002579,2024-12-13,CUST0143,Mohit Saxena,North,Amritsar,Clothing,Denim Jeans,2,2600.01,1171.98,0.2,5200.02,1040.0,4160.02,1816.06,Net Banking,0
TXN002580,2023-10-29,CUST0185,Meera Das,South,Kochi,Cosmetics,Sunscreen SPF50,3,451.09,263.83,0.0,1353.27,0.0,1353.27,561.78,Net Banking,0
TXN002581,2023-05-20,CUST0496,Kavita Joshi,South,Bangalore,Furniture,Office Chair,1,8396.71,5636.53,0.0,8396.71,0.0,8396.71,2760.18,Cash,0
TXN002582,2023-05-15,CUST0091,Geeta Bhatt,West,Ahmedabad,Clothing,Women's Kurti,1,1244.35,612.13,0.15,1244.35,186.65,1057.7,445.57,UPI,0
TXN002583,2024-02-28,CUST0054,Vijay Singh,South,Hyderabad,Groceries,Sugar 1kg,2,53.8,40.9,0.2,107.6,21.52,86.08,4.28,Cash,0
TXN002584,2024-12-16,CUST0214,Amit Kumar,Central,Indore,Sports,Running Shoes,1,5153.66,3257.21,0.05,5153.66,257.68,4895.98,1638.77,Debit Card,0
TXN002585,2023-11-02,CUST0268,Nisha Trivedi,Central,Raipur,Sports,Running Shoes,1,4993.58,3264.01,0.0,4993.58,0.0,4993.58,1729.57,Cash,0
TXN002586,2024-07-18,CUST0361,Asha Pandey,South,Hyderabad,Clothing,Men's T-Shirt,2,871.49,358.71,0.1,1742.98,174.3,1568.68,851.26,UPI,0
TXN002587,2023-02-12,CUST0257,Rajesh Malhotra,East,Ranchi,Groceries,Sugar 1kg,1,56.59,41.52,0.1,56.59,5.66,50.93,9.41,Credit Card,1
TXN002588,2024-06-29,CUST0430,Rekha Srivastava,West,Mumbai,Groceries,Cooking Oil 1L,1,172.2,126.72,0.0,172.2,0.0,172.2,45.48,Credit Card,0
TXN002589,2024-07-07,CUST0268,Meera Das,West,Mumbai,Cosmetics,Moisturiser 50g,2,475.31,286.17,0.05,950.62,47.53,903.09,330.75,Debit Card,0
TXN002590,2024-03-29,CUST0399,Arjun Reddy,West,Nagpur,Furniture,Wooden Desk,3,12169.46,8521.21,0.15,36508.38,5476.26,31032.12,5468.49,Credit Card,0
TXN002591,2024-06-25,CUST0426,Sanjay Yadav,West,Mumbai,Cosmetics,Moisturiser 50g,2,542.37,279.14,0.0,1084.74,0.0,1084.74,526.46,UPI,1
TXN002592,2023-01-08,CUST0387,Arun Patil,Central,Indore,Clothing,Denim Jeans,2,2613.1,1188.98,0.2,5226.2,1045.24,4180.96,1803.0,Debit Card,0
TXN002593,2023-12-17,CUST0019,Priya Patel,South,Chennai,Cosmetics,Moisturiser 50g,5,507.95,282.42,0.2,2539.75,507.95,2031.8,619.7,Debit Card,0
TXN002594,2023-12-14,CUST0382,Harish Agarwal,Central,Varanasi,Clothing,Men's T-Shirt,1,871.89,355.79,0.0,871.89,0.0,871.89,516.1,Credit Card,0
TXN002595,2023-12-19,CUST0176,Arjun Reddy,West,Mumbai,Groceries,Tea Powder 500g,3,223.54,159.38,0.0,670.62,0.0,670.62,192.48,Debit Card,0
TXN002596,2024-06-17,CUST0213,Lakshmi Rao,South,Mysore,Furniture,Sofa Set,2,36658.5,23702.17,0.0,73317.0,0.0,73317.0,25912.66,Net Banking,0
TXN002597,2023-03-12,CUST0448,Arjun Reddy,Central,Varanasi,Cosmetics,Lipstick,1,589.97,307.97,0.2,589.97,117.99,471.98,164.01,UPI,0
TXN002598,2023-11-01,CUST0117,Rohan Mehta,East,Ranchi,Cosmetics,Lipstick,4,636.09,308.72,0.15,2544.36,381.65,2162.71,927.83,Credit Card,0
TXN002599,2024-09-30,CUST0338,Swati Kapoor,South,Hyderabad,Sports,Badminton Racket,1,1630.47,896.64,0.0,1630.47,0.0,1630.47,733.83,UPI,0
TXN002600,2023-09-02,CUST0216,Sanjay Yadav,East,Patna,Sports,Badminton Racket,3,1576.38,888.07,0.0,4729.14,0.0,4729.14,2064.93,Cash,0
TXN002601,2023-01-25,CUST0295,Deepak Tiwari,Central,Raipur,Clothing,Men's T-Shirt,3,764.71,357.55,0.0,2294.13,0.0,2294.13,1221.48,Cash,0
TXN002602,2023-09-05,CUST0218,Asha Pandey,Central,Varanasi,Electronics,Smart TV,3,34004.85,26552.63,0.0,102014.55,0.0,102014.55,22356.66,Net Banking,0
TXN002603,2024-07-15,CUST0429,Geeta Bhatt,North,Delhi,Sports,Cycle Helmet,2,1393.56,785.92,0.0,2787.12,0.0,2787.12,1215.28,Credit Card,0
TXN002604,2024-04-14,CUST0475,Kiran Bose,West,Surat,Clothing,Formal Shirt,2,1916.01,876.83,0.0,3832.02,0.0,3832.02,2078.36,Debit Card,0
TXN002605,2024-11-06,CUST0500,Divya Iyer,West,Nagpur,Cosmetics,Lipstick,2,620.12,312.08,0.0,1240.24,0.0,1240.24,616.08,Cash,0
TXN002606,2023-11-28,CUST0154,Deepak Tiwari,South,Kochi,Clothing,Formal Shirt,4,1900.66,877.48,0.0,7602.64,0.0,7602.64,4092.72,Debit Card,0
TXN002607,2023-10-21,CUST0074,Geeta Bhatt,Central,Indore,Sports,Dumbbells Set,5,3392.8,2246.63,0.0,16964.0,0.0,16964.0,5730.85,Cash,1
TXN002608,2024-11-15,CUST0313,Harish Agarwal,Central,Indore,Electronics,Smart TV,2,36663.08,26345.97,0.0,73326.16,0.0,73326.16,20634.22,Credit Card,0
TXN002609,2024-01-19,CUST0198,Arun Patil,East,Patna,Clothing,Men's T-Shirt,1,855.75,342.35,0.15,855.75,128.36,727.39,385.04,Net Banking,0
TXN002610,2024-04-19,CUST0186,Rekha Srivastava,Central,Gwalior,Clothing,Denim Jeans,2,2730.56,1177.58,0.15,5461.12,819.17,4641.95,2286.79,Credit Card,0
TXN002611,2023-04-04,CUST0330,Mohit Saxena,East,Patna,Electronics,Router,2,3079.44,1892.76,0.0,6158.88,0.0,6158.88,2373.36,Cash,0
TXN002612,2023-04-03,CUST0245,Ravi Chandra,North,Amritsar,Electronics,Tablet,1,19039.76,13124.83,0.0,19039.76,0.0,19039.76,5914.93,Debit Card,0
TXN002613,2023-03-04,CUST0155,Meera Das,East,Guwahati,Sports,Dumbbells Set,3,3668.04,2253.36,0.0,11004.12,0.0,11004.12,4244.04,Cash,0
TXN002614,2024-08-31,CUST0411,Deepak Tiwari,North,Chandigarh,Groceries,Tea Powder 500g,2,229.84,159.44,0.0,459.68,0.0,459.68,140.8,Debit Card,0
TXN002615,2023-07-26,CUST0149,Mohit Saxena,Central,Varanasi,Cosmetics,Moisturiser 50g,2,505.19,274.72,0.0,1010.38,0.0,1010.38,460.94,Credit Card,0
TXN002616,2023-04-30,CUST0021,Amit Kumar,South,Mysore,Electronics,Router,1,2957.25,1900.29,0.0,2957.25,0.0,2957.25,1056.96,Debit Card,0
TXN002617,2023-11-09,CUST0347,Meera Das,South,Mysore,Sports,Badminton Racket,4,1542.84,876.79,0.05,6171.36,308.57,5862.79,2355.63,Debit Card,0
TXN002618,2023-06-11,CUST0036,Rekha Srivastava,Central,Bhopal,Cosmetics,Hair Serum 100ml,2,755.15,388.87,0.0,1510.3,0.0,1510.3,732.56,Credit Card,0
TXN002619,2024-02-06,CUST0154,Nisha Trivedi,South,Bangalore,Furniture,Wooden Desk,1,12952.64,8448.33,0.0,12952.64,0.0,12952.64,4504.31,Cash,0
TXN002620,2023-03-29,CUST0391,Lakshmi Rao,South,Mysore,Sports,Cricket Bat,2,3127.23,1841.89,0.2,6254.46,1250.89,5003.57,1319.79,Debit Card,0
TXN002621,2023-01-31,CUST0040,Sanjay Yadav,South,Chennai,Electronics,Smartphone,1,22855.03,16928.45,0.05,22855.03,1142.75,21712.28,4783.83,Net Banking,0
TXN002622,2024-02-05,CUST0236,Vijay Singh,West,Surat,Groceries,Tea Powder 500g,2,204.34,156.93,0.15,408.68,61.3,347.38,33.52,Credit Card,0
TXN002623,2024-01-22,CUST0048,Harish Agarwal,South,Bangalore,Furniture,Office Chair,2,9298.59,5801.33,0.0,18597.18,0.0,18597.18,6994.52,Cash,0
TXN002624,2024-12-07,CUST0218,Kiran Bose,North,Chandigarh,Sports,Badminton Racket,1,1509.29,914.66,0.0,1509.29,0.0,1509.29,594.63,UPI,0
TXN002625,2023-12-20,CUST0127,Rohan Mehta,East,Guwahati,Sports,Running Shoes,1,5394.89,3130.29,0.2,5394.89,1078.98,4315.91,1185.62,UPI,0
TXN002626,2024-05-19,CUST0141,Harish Agarwal,East,Ranchi,Electronics,Laptop,3,46664.98,38835.96,0.0,139994.94,0.0,139994.94,23487.06,Cash,0
TXN002627,2023-07-22,CUST0147,Rajesh Malhotra,South,Hyderabad,Clothing,Men's T-Shirt,2,865.66,355.84,0.0,1731.32,0.0,1731.32,1019.64,Net Banking,0
TXN002628,2024-07-19,CUST0253,Anita Verma,South,Chennai,Furniture,Bookshelf,1,6759.78,4366.41,0.1,6759.78,675.98,6083.8,1717.39,Credit Card,0
TXN002629,2023-11-29,CUST0394,Sneha Gupta,South,Hyderabad,Sports,Dumbbells Set,3,3848.34,2148.86,0.1,11545.02,1154.5,10390.52,3943.94,Net Banking,1
TXN002630,2023-01-25,CUST0281,Nikhil Dubey,East,Ranchi,Clothing,Women's Kurti,1,1317.52,601.54,0.0,1317.52,0.0,1317.52,715.98,UPI,0
TXN002631,2024-07-30,CUST0266,Pooja Nair,South,Chennai,Clothing,Formal Shirt,3,1772.57,886.79,0.0,5317.71,0.0,5317.71,2657.34,UPI,0
TXN002632,2023-10-08,CUST0020,Kiran Bose,West,Ahmedabad,Electronics,Smart TV,3,34462.16,27432.09,0.0,103386.48,0.0,103386.48,21090.21,Credit Card,0
TXN002633,2023-12-07,CUST0053,Sneha Gupta,South,Mysore,Furniture,Sofa Set,2,35131.34,23714.75,0.1,70262.68,7026.27,63236.41,15806.91,Debit Card,0
TXN002634,2023-03-23,CUST0457,Amit Kumar,South,Mysore,Electronics,Router,2,2790.87,1867.42,0.05,5581.74,279.09,5302.65,1567.81,Cash,0
TXN002635,2024-01-26,CUST0384,Rahul Sharma,East,Guwahati,Electronics,Smartphone,1,22604.11,16659.71,0.15,22604.11,3390.62,19213.49,2553.78,Debit Card,0
TXN002636,2024-12-27,CUST0195,Deepak Tiwari,West,Ahmedabad,Groceries,Cooking Oil 1L,2,191.02,130.01,0.0,382.04,0.0,382.04,122.02,Debit Card,1
TXN002637,2023-08-26,CUST0174,Swati Kapoor,North,Lucknow,Electronics,Smartphone,1,21799.88,17189.71,0.0,21799.88,0.0,21799.88,4610.17,Net Banking,0
TXN002638,2024-02-25,CUST0330,Vijay Singh,North,Delhi,Clothing,Men's T-Shirt,3,861.07,341.45,0.05,2583.21,129.16,2454.05,1429.7,Credit Card,0
TXN002639,2023-06-03,CUST0495,Arun Patil,Central,Varanasi,Sports,Running Shoes,3,5266.8,3229.11,0.15,15800.4,2370.06,13430.34,3743.01,UPI,0
TXN002640,2023-08-01,CUST0167,Mohit Saxena,Central,Indore,Sports,Dumbbells Set,1,3669.46,2249.47,0.1,3669.46,366.95,3302.51,1053.04,UPI,0
TXN002641,2024-08-22,CUST0097,Meera Das,North,Amritsar,Sports,Cricket Bat,1,3011.32,1804.71,0.0,3011.32,0.0,3011.32,1206.61,Debit Card,0
TXN002642,2023-01-20,CUST0417,Suresh Pillai,Central,Raipur,Sports,Dumbbells Set,2,3423.15,2232.41,0.05,6846.3,342.32,6503.98,2039.16,Cash,0
TXN002643,2024-03-06,CUST0305,Divya Iyer,West,Nagpur,Groceries,Tea Powder 500g,1,221.86,153.19,0.0,221.86,0.0,221.86,68.67,Debit Card,0
TXN002644,2024-02-01,CUST0432,Nikhil Dubey,East,Patna,Clothing,Men's T-Shirt,1,876.62,355.28,0.05,876.62,43.83,832.79,477.51,Debit Card,0
TXN002645,2023-05-14,CUST0443,Amit Kumar,South,Mysore,Electronics,Laptop,4,47761.78,39130.99,0.15,191047.12,28657.07,162390.05,5866.09,UPI,0
TXN002646,2023-11-10,CUST0210,Nikhil Dubey,East,Patna,Sports,Yoga Mat,5,885.64,555.75,0.2,4428.2,885.64,3542.56,763.81,Credit Card,0
TXN002647,2023-06-16,CUST0007,Suresh Pillai,Central,Gwalior,Furniture,Wardrobe,4,19401.05,11678.17,0.05,77604.2,3880.21,73723.99,27011.31,Net Banking,1
TXN002648,2023-04-16,CUST0378,Pallavi Shah,Central,Raipur,Cosmetics,Sunscreen SPF50,3,450.3,268.46,0.0,1350.9,0.0,1350.9,545.52,Credit Card,0
TXN002649,2023-10-05,CUST0435,Rajesh Malhotra,Central,Raipur,Sports,Dumbbells Set,6,3475.43,2216.57,0.15,20852.58,3127.89,17724.69,4425.27,Credit Card,0
TXN002650,2023-12-26,CUST0242,Nikhil Dubey,Central,Indore,Cosmetics,Moisturiser 50g,5,510.23,282.93,0.2,2551.15,510.23,2040.92,626.27,Debit Card,0
TXN002651,2024-11-05,CUST0234,Nikhil Dubey,Central,Bhopal,Cosmetics,Moisturiser 50g,3,540.31,277.96,0.15,1620.93,243.14,1377.79,543.91,UPI,0
TXN002652,2023-03-26,CUST0492,Suresh Pillai,Central,Indore,Cosmetics,Sunscreen SPF50,2,493.96,275.44,0.2,987.92,197.58,790.34,239.46,Cash,0
TXN002653,2024-06-18,CUST0154,Nisha Trivedi,East,Kolkata,Cosmetics,Face Wash 100ml,1,289.25,159.2,0.0,289.25,0.0,289.25,130.05,UPI,0
TXN002654,2024-01-26,CUST0186,Geeta Bhatt,North,Delhi,Sports,Badminton Racket,1,1478.27,913.95,0.05,1478.27,73.91,1404.36,490.41,Debit Card,0
TXN002655,2023-11-06,CUST0095,Kavita Joshi,West,Pune,Cosmetics,Sunscreen SPF50,1,471.48,267.35,0.15,471.48,70.72,400.76,133.41,UPI,1
TXN002656,2024-11-16,CUST0287,Asha Pandey,East,Ranchi,Cosmetics,Sunscreen SPF50,2,460.95,261.98,0.05,921.9,46.09,875.81,351.85,Cash,0
TXN002657,2023-12-15,CUST0387,Anita Verma,East,Kolkata,Clothing,Men's T-Shirt,2,825.56,340.15,0.0,1651.12,0.0,1651.12,970.82,UPI,0
TXN002658,2024-08-22,CUST0467,Pallavi Shah,West,Surat,Furniture,Wardrobe,1,17152.73,12029.62,0.0,17152.73,0.0,17152.73,5123.11,Credit Card,0
TXN002659,2023-08-09,CUST0394,Nikhil Dubey,East,Guwahati,Electronics,Smart TV,1,36760.34,26406.43,0.0,36760.34,0.0,36760.34,10353.91,Cash,0
TXN002660,2023-07-13,CUST0416,Kavita Joshi,West,Mumbai,Cosmetics,Hair Serum 100ml,3,752.42,388.51,0.0,2257.26,0.0,2257.26,1091.73,UPI,0
TXN002661,2023-03-04,CUST0256,Geeta Bhatt,Central,Varanasi,Cosmetics,Sunscreen SPF50,2,490.9,265.54,0.0,981.8,0.0,981.8,450.72,Cash,0
TXN002662,2024-06-11,CUST0370,Pooja Nair,Central,Raipur,Sports,Yoga Mat,1,944.72,556.32,0.05,944.72,47.24,897.48,341.16,Net Banking,0
TXN002663,2024-02-24,CUST0175,Kiran Bose,South,Mysore,Furniture,Bookshelf,2,6454.24,4598.14,0.2,12908.48,2581.7,10326.78,1130.5,Debit Card,0
TXN002664,2024-03-13,CUST0301,Sanjay Yadav,East,Patna,Electronics,Wireless Earbuds,2,3592.66,2200.28,0.05,7185.32,359.27,6826.05,2425.49,UPI,0
TXN002665,2023-12-25,CUST0204,Sunita Mishra,North,Chandigarh,Groceries,Whole Wheat Flour 5kg,2,239.79,189.29,0.0,479.58,0.0,479.58,101.0,Credit Card,0
TXN002666,2023-05-09,CUST0115,Kavita Joshi,West,Ahmedabad,Groceries,Cooking Oil 1L,1,196.73,129.0,0.05,196.73,9.84,186.89,57.89,Cash,0
TXN002667,2023-02-03,CUST0077,Sanjay Yadav,West,Ahmedabad,Electronics,Router,1,2841.73,1882.08,0.15,2841.73,426.26,2415.47,533.39,UPI,0
TXN002668,2024-05-05,CUST0304,Rahul Sharma,South,Hyderabad,Cosmetics,Hair Serum 100ml,3,685.03,406.24,0.1,2055.09,205.51,1849.58,630.86,Cash,0
TXN002669,2024-01-02,CUST0133,Vijay Singh,South,Kochi,Cosmetics,Foundation,1,872.39,517.96,0.0,872.39,0.0,872.39,354.43,Credit Card,0
TXN002670,2023-12-30,CUST0417,Kavita Joshi,South,Mysore,Clothing,Winter Jacket,2,3882.92,2237.82,0.2,7765.84,1553.17,6212.67,1737.03,UPI,0
TXN002671,2023-07-10,CUST0366,Rajesh Malhotra,Central,Indore,Electronics,Laptop,2,45932.86,38608.36,0.15,91865.72,13779.86,78085.86,869.14,Cash,0
TXN002672,2024-12-10,CUST0102,Rohan Mehta,South,Chennai,Groceries,Basmati Rice 5kg,4,441.3,308.99,0.0,1765.2,0.0,1765.2,529.24,Credit Card,0
TXN002673,2023-07-21,CUST0331,Lakshmi Rao,Central,Gwalior,Clothing,Formal Shirt,1,1915.77,877.45,0.0,1915.77,0.0,1915.77,1038.32,Net Banking,0
TXN002674,2023-01-13,CUST0191,Arun Patil,South,Kochi,Electronics,Wireless Earbuds,2,3599.98,2227.83,0.15,7199.96,1079.99,6119.97,1664.31,Cash,0
TXN002675,2024-03-07,CUST0373,Mohit Saxena,West,Nagpur,Electronics,Router,1,3014.54,1883.65,0.0,3014.54,0.0,3014.54,1130.89,Credit Card,0
TXN002676,2024-05-16,CUST0166,Rohan Mehta,Central,Indore,Furniture,Dining Table,1,23106.77,14941.57,0.0,23106.77,0.0,23106.77,8165.2,Credit Card,0
TXN002677,2024-04-06,CUST0110,Harish Agarwal,Central,Varanasi,Sports,Badminton Racket,1,1587.25,880.17,0.1,1587.25,158.73,1428.52,548.35,Net Banking,0
TXN002678,2024-09-09,CUST0042,Nikhil Dubey,Central,Varanasi,Cosmetics,Sunscreen SPF50,2,462.46,265.43,0.0,924.92,0.0,924.92,394.06,Debit Card,0
TXN002679,2023-06-18,CUST0373,Rahul Sharma,Central,Raipur,Sports,Cycle Helmet,1,1304.74,779.87,0.15,1304.74,195.71,1109.03,329.16,Credit Card,0
TXN002680,2024-02-10,CUST0115,Pooja Nair,Central,Varanasi,Cosmetics,Sunscreen SPF50,1,479.3,268.43,0.05,479.3,23.97,455.33,186.9,UPI,0
TXN002681,2023-04-06,CUST0456,Pallavi Shah,Central,Gwalior,Cosmetics,Hair Serum 100ml,2,725.24,405.38,0.0,1450.48,0.0,1450.48,639.72,Cash,0
TXN002682,2023-12-09,CUST0389,Kiran Bose,South,Kochi,Furniture,Wooden Desk,3,11674.87,8410.88,0.1,35024.61,3502.46,31522.15,6289.51,Credit Card,0
TXN002683,2024-03-28,CUST0285,Ravi Chandra,Central,Varanasi,Clothing,Formal Shirt,1,1956.49,888.61,0.0,1956.49,0.0,1956.49,1067.88,Debit Card,0
TXN002684,2023-10-20,CUST0017,Priya Patel,West,Ahmedabad,Clothing,Men's T-Shirt,1,815.37,350.28,0.0,815.37,0.0,815.37,465.09,Credit Card,0
TXN002685,2023-04-04,CUST0200,Rekha Srivastava,South,Kochi,Clothing,Winter Jacket,1,4244.68,2156.14,0.15,4244.68,636.7,3607.98,1451.84,UPI,0
TXN002686,2024-12-22,CUST0034,Meera Das,South,Chennai,Groceries,Pulses 1kg,2,142.49,100.39,0.1,284.98,28.5,256.48,55.7,UPI,0
TXN002687,2023-04-09,CUST0227,Rohan Mehta,North,Amritsar,Electronics,Tablet,1,19043.99,13177.26,0.15,19043.99,2856.6,16187.39,3010.13,Credit Card,0
TXN002688,2023-11-08,CUST0183,Sunita Mishra,West,Nagpur,Sports,Cycle Helmet,2,1368.66,807.89,0.1,2737.32,273.73,2463.59,847.81,Debit Card,0
TXN002689,2023-10-14,CUST0363,Rekha Srivastava,West,Mumbai,Sports,Cycle Helmet,3,1252.9,795.91,0.2,3758.7,751.74,3006.96,619.23,Debit Card,0
TXN002690,2024-07-26,CUST0428,Pooja Nair,East,Patna,Furniture,Wooden Desk,1,12688.39,8458.42,0.1,12688.39,1268.84,11419.55,2961.13,Debit Card,0
TXN002691,2023-08-07,CUST0067,Deepak Tiwari,South,Mysore,Furniture,Dining Table,3,23495.05,15400.28,0.0,70485.15,0.0,70485.15,24284.31,Net Banking,0
TXN002692,2023-12-06,CUST0379,Suresh Pillai,East,Kolkata,Sports,Yoga Mat,1,913.72,559.86,0.0,913.72,0.0,913.72,353.86,UPI,0
TXN002693,2024-06-25,CUST0261,Arjun Reddy,Central,Gwalior,Clothing,Winter Jacket,2,4011.85,2214.02,0.05,8023.7,401.19,7622.51,3194.47,Net Banking,0
TXN002694,2023-02-11,CUST0303,Mohit Saxena,East,Kolkata,Clothing,Women's Kurti,2,1242.83,612.98,0.15,2485.66,372.85,2112.81,886.85,UPI,0
TXN002695,2024-09-14,CUST0091,Sneha Gupta,South,Hyderabad,Clothing,Denim Jeans,2,2468.19,1193.21,0.0,4936.38,0.0,4936.38,2549.96,Credit Card,0
TXN002696,2024-12-03,CUST0108,Arjun Reddy,North,Chandigarh,Sports,Running Shoes,1,4796.66,3204.05,0.0,4796.66,0.0,4796.66,1592.61,Debit Card,0
TXN002697,2023-10-25,CUST0468,Ravi Chandra,North,Lucknow,Sports,Cricket Bat,3,3047.57,1795.63,0.15,9142.71,1371.41,7771.3,2384.41,Cash,0
TXN002698,2023-03-25,CUST0295,Mohit Saxena,South,Chennai,Electronics,Tablet,3,17219.56,13198.56,0.15,51658.68,7748.8,43909.88,4314.2,UPI,0
TXN002699,2023-12-26,CUST0155,Sneha Gupta,West,Nagpur,Cosmetics,Sunscreen SPF50,4,470.62,262.59,0.2,1882.48,376.5,1505.98,455.62,Debit Card,0
TXN002700,2023-08-15,CUST0052,Mohit Saxena,East,Bhubaneswar,Sports,Running Shoes,2,5284.93,3231.01,0.0,10569.86,0.0,10569.86,4107.84,Credit Card,0
TXN002701,2023-11-20,CUST0036,Anita Verma,North,Chandigarh,Sports,Dumbbells Set,3,3738.59,2135.53,0.0,11215.77,0.0,11215.77,4809.18,Debit Card,0
TXN002702,2024-04-21,CUST0414,Amit Kumar,Central,Bhopal,Groceries,Pulses 1kg,1,134.15,101.49,0.15,134.15,20.12,114.03,12.54,Net Banking,0
TXN002703,2024-08-04,CUST0049,Rekha Srivastava,North,Chandigarh,Furniture,Wardrobe,2,19468.14,11881.95,0.1,38936.28,3893.63,35042.65,11278.75,Net Banking,0
TXN002704,2024-08-13,CUST0004,Asha Pandey,West,Mumbai,Sports,Running Shoes,1,5345.15,3198.55,0.05,5345.15,267.26,5077.89,1879.34,Cash,0
TXN002705,2024-09-16,CUST0434,Nisha Trivedi,Central,Indore,Cosmetics,Moisturiser 50g,2,537.64,286.84,0.2,1075.28,215.06,860.22,286.54,Debit Card,0
TXN002706,2024-12-19,CUST0391,Rohan Mehta,West,Mumbai,Clothing,Formal Shirt,1,1768.42,916.89,0.0,1768.42,0.0,1768.42,851.53,Debit Card,0
TXN002707,2023-06-17,CUST0038,Nisha Trivedi,North,Amritsar,Groceries,Basmati Rice 5kg,1,483.31,309.59,0.15,483.31,72.5,410.81,101.22,UPI,0
TXN002708,2024-06-18,CUST0055,Amit Kumar,West,Pune,Cosmetics,Foundation,1,888.42,504.62,0.05,888.42,44.42,844.0,339.38,Credit Card,0
TXN002709,2023-05-15,CUST0048,Anita Verma,South,Bangalore,Furniture,Dining Table,3,21142.33,14836.2,0.15,63426.99,9514.05,53912.94,9404.34,Cash,0
TXN002710,2024-03-17,CUST0364,Harish Agarwal,North,Amritsar,Electronics,Laptop,1,47253.77,37160.41,0.15,47253.77,7088.07,40165.7,3005.29,Credit Card,0
TXN002711,2024-09-21,CUST0369,Nisha Trivedi,South,Chennai,Electronics,Smartphone,1,23360.28,17274.37,0.1,23360.28,2336.03,21024.25,3749.88,Credit Card,0
TXN002712,2023-06-04,CUST0310,Swati Kapoor,East,Patna,Sports,Running Shoes,3,5165.2,3236.0,0.15,15495.6,2324.34,13171.26,3463.26,Cash,0
TXN002713,2024-08-19,CUST0073,Arun Patil,North,Amritsar,Furniture,Dining Table,3,21001.78,14696.95,0.0,63005.34,0.0,63005.34,18914.49,Cash,0
TXN002714,2024-03-08,CUST0007,Sanjay Yadav,North,Jaipur,Groceries,Basmati Rice 5kg,2,491.05,317.25,0.2,982.1,196.42,785.68,151.18,Debit Card,0
TXN002715,2024-02-21,CUST0121,Sanjay Yadav,Central,Bhopal,Cosmetics,Hair Serum 100ml,1,668.05,406.59,0.2,668.05,133.61,534.44,127.85,UPI,0
TXN002716,2023-09-27,CUST0171,Mohit Saxena,East,Kolkata,Furniture,Office Chair,1,8828.04,5908.42,0.15,8828.04,1324.21,7503.83,1595.41,Net Banking,0
TXN002717,2023-05-15,CUST0179,Ravi Chandra,West,Ahmedabad,Groceries,Sugar 1kg,1,57.9,42.35,0.2,57.9,11.58,46.32,3.97,Cash,0
TXN002718,2023-05-26,CUST0318,Divya Iyer,East,Kolkata,Groceries,Cooking Oil 1L,3,188.96,131.23,0.0,566.88,0.0,566.88,173.19,UPI,1
TXN002719,2024-10-28,CUST0310,Amit Kumar,West,Pune,Groceries,Cooking Oil 1L,2,178.77,129.27,0.05,357.54,17.88,339.66,81.12,Net Banking,0
TXN002720,2023-07-19,CUST0241,Pooja Nair,West,Ahmedabad,Furniture,Wooden Desk,1,12343.99,8566.31,0.0,12343.99,0.0,12343.99,3777.68,UPI,0
TXN002721,2023-11-24,CUST0200,Kiran Bose,North,Chandigarh,Cosmetics,Foundation,4,983.14,507.05,0.2,3932.56,786.51,3146.05,1117.85,Credit Card,0
TXN002722,2024-07-07,CUST0449,Asha Pandey,North,Chandigarh,Groceries,Pulses 1kg,3,143.96,98.62,0.05,431.88,21.59,410.29,114.43,Net Banking,0
TXN002723,2024-11-22,CUST0023,Anita Verma,North,Delhi,Furniture,Bookshelf,1,6902.36,4586.81,0.0,6902.36,0.0,6902.36,2315.55,Cash,0
TXN002724,2024-05-24,CUST0175,Vijay Singh,South,Bangalore,Cosmetics,Moisturiser 50g,4,498.17,276.2,0.0,1992.68,0.0,1992.68,887.88,Debit Card,0
TXN002725,2024-02-04,CUST0232,Anita Verma,North,Amritsar,Groceries,Tea Powder 500g,2,209.23,153.98,0.0,418.46,0.0,418.46,110.5,Cash,0
TXN002726,2023-02-27,CUST0102,Arun Patil,South,Bangalore,Cosmetics,Lipstick,1,650.65,317.39,0.0,650.65,0.0,650.65,333.26,Cash,0
TXN002727,2023-05-02,CUST0077,Vijay Singh,East,Guwahati,Electronics,Tablet,1,17720.83,13127.83,0.0,17720.83,0.0,17720.83,4593.0,Cash,0
TXN002728,2023-03-29,CUST0142,Nisha Trivedi,Central,Raipur,Groceries,Tea Powder 500g,1,206.63,151.36,0.2,206.63,41.33,165.3,13.94,Cash,0
TXN002729,2023-02-01,CUST0239,Rajesh Malhotra,Central,Varanasi,Sports,Yoga Mat,1,969.77,555.97,0.15,969.77,145.47,824.3,268.33,UPI,0
TXN002730,2024-07-11,CUST0076,Kavita Joshi,East,Kolkata,Clothing,Men's T-Shirt,3,870.27,348.47,0.1,2610.81,261.08,2349.73,1304.32,Cash,0
TXN002731,2024-09-29,CUST0442,Pooja Nair,Central,Bhopal,Sports,Cricket Bat,1,3210.74,1807.22,0.0,3210.74,0.0,3210.74,1403.52,Credit Card,1
TXN002732,2023-12-19,CUST0232,Pooja Nair,Central,Gwalior,Furniture,Wooden Desk,1,12622.71,8429.43,0.05,12622.71,631.14,11991.57,3562.14,Debit Card,0
TXN002733,2024-03-03,CUST0162,Pooja Nair,East,Ranchi,Sports,Badminton Racket,2,1647.13,917.49,0.0,3294.26,0.0,3294.26,1459.28,Debit Card,0
TXN002734,2023-05-12,CUST0286,Arun Patil,South,Hyderabad,Electronics,Laptop,4,48818.5,39071.59,0.15,195274.0,29291.1,165982.9,9696.54,Credit Card,0
TXN002735,2023-12-06,CUST0004,Sanjay Yadav,South,Hyderabad,Groceries,Whole Wheat Flour 5kg,2,244.5,195.27,0.0,489.0,0.0,489.0,98.46,UPI,0
TXN002736,2024-03-21,CUST0165,Nikhil Dubey,West,Mumbai,Sports,Yoga Mat,3,926.91,565.51,0.0,2780.73,0.0,2780.73,1084.2,Net Banking,0
TXN002737,2024-11-12,CUST0310,Rohan Mehta,West,Ahmedabad,Clothing,Men's T-Shirt,1,844.96,347.69,0.0,844.96,0.0,844.96,497.27,Cash,0
TXN002738,2024-12-27,CUST0461,Amit Kumar,South,Bangalore,Cosmetics,Sunscreen SPF50,1,429.83,275.53,0.15,429.83,64.47,365.36,89.83,Debit Card,0
TXN002739,2023-09-27,CUST0196,Nisha Trivedi,North,Delhi,Furniture,Office Chair,1,8256.48,5900.38,0.1,8256.48,825.65,7430.83,1530.45,Debit Card,0
TXN002740,2024-04-17,CUST0416,Sneha Gupta,South,Chennai,Electronics,Wireless Earbuds,3,3742.74,2246.23,0.0,11228.22,0.0,11228.22,4489.53,Debit Card,0
TXN002741,2023-09-06,CUST0383,Rohan Mehta,Central,Varanasi,Clothing,Formal Shirt,1,1716.74,874.36,0.0,1716.74,0.0,1716.74,842.38,Debit Card,0
TXN002742,2023-11-05,CUST0368,Meera Das,West,Ahmedabad,Cosmetics,Sunscreen SPF50,3,464.13,267.67,0.1,1392.39,139.24,1253.15,450.14,Cash,0
TXN002743,2024-06-20,CUST0294,Ravi Chandra,West,Nagpur,Furniture,Office Chair,5,9106.47,5671.53,0.0,45532.35,0.0,45532.35,17174.7,Credit Card,0
TXN002744,2023-09-19,CUST0024,Nisha Trivedi,West,Pune,Sports,Yoga Mat,1,920.27,543.02,0.2,920.27,184.05,736.22,193.2,Credit Card,0
TXN002745,2023-06-14,CUST0352,Sneha Gupta,South,Mysore,Groceries,Whole Wheat Flour 5kg,1,253.96,187.6,0.0,253.96,0.0,253.96,66.36,Debit Card,0
TXN002746,2024-06-21,CUST0131,Rahul Sharma,West,Nagpur,Furniture,Bookshelf,1,6623.34,4560.23,0.05,6623.34,331.17,6292.17,1731.94,UPI,0
TXN002747,2024-02-17,CUST0282,Swati Kapoor,East,Guwahati,Electronics,Laptop,1,49245.9,37177.49,0.2,49245.9,9849.18,39396.72,2219.23,Credit Card,0
TXN002748,2023-07-05,CUST0258,Meera Das,Central,Indore,Electronics,Wireless Earbuds,1,3760.22,2162.05,0.2,3760.22,752.04,3008.18,846.13,Net Banking,0
TXN002749,2024-07-22,CUST0370,Arun Patil,West,Pune,Furniture,Bookshelf,2,6375.84,4594.63,0.0,12751.68,0.0,12751.68,3562.42,Debit Card,0
TXN002750,2024-03-17,CUST0279,Divya Iyer,North,Jaipur,Furniture,Wardrobe,1,19709.88,11663.37,0.0,19709.88,0.0,19709.88,8046.51,Credit Card,0
TXN002751,2023-07-27,CUST0495,Deepak Tiwari,East,Bhubaneswar,Groceries,Pulses 1kg,2,151.44,100.37,0.0,302.88,0.0,302.88,102.14,Debit Card,1
TXN002752,2024-03-19,CUST0240,Asha Pandey,South,Hyderabad,Clothing,Men's T-Shirt,1,762.54,347.66,0.0,762.54,0.0,762.54,414.88,Cash,0
TXN002753,2024-12-25,CUST0297,Divya Iyer,Central,Indore,Furniture,Bookshelf,1,6256.08,4475.91,0.0,6256.08,0.0,6256.08,1780.17,Debit Card,0
TXN002754,2024-07-19,CUST0387,Rohan Mehta,East,Ranchi,Groceries,Cooking Oil 1L,1,172.98,128.02,0.1,172.98,17.3,155.68,27.66,Cash,0
TXN002755,2024-02-24,CUST0188,Ravi Chandra,West,Ahmedabad,Sports,Running Shoes,1,5069.74,3198.54,0.05,5069.74,253.49,4816.25,1617.71,Credit Card,0
TXN002756,2024-07-26,CUST0178,Kavita Joshi,South,Hyderabad,Electronics,Smart TV,2,34598.4,27154.9,0.1,69196.8,6919.68,62277.12,7967.32,Net Banking,0
TXN002757,2024-07-14,CUST0251,Swati Kapoor,East,Bhubaneswar,Furniture,Sofa Set,2,36440.98,23298.7,0.2,72881.96,14576.39,58305.57,11708.17,UPI,0
TXN002758,2023-01-29,CUST0158,Pooja Nair,North,Delhi,Clothing,Formal Shirt,1,1737.72,889.63,0.0,1737.72,0.0,1737.72,848.09,Credit Card,0
TXN002759,2024-02-27,CUST0269,Kiran Bose,West,Nagpur,Clothing,Men's T-Shirt,1,760.58,339.55,0.15,760.58,114.09,646.49,306.94,Cash,0
TXN002760,2024-01-29,CUST0338,Sunita Mishra,East,Guwahati,Cosmetics,Hair Serum 100ml,2,665.99,408.14,0.2,1331.98,266.4,1065.58,249.3,Net Banking,1
TXN002761,2023-12-17,CUST0342,Kavita Joshi,West,Pune,Sports,Cycle Helmet,4,1353.51,803.47,0.05,5414.04,270.7,5143.34,1929.46,UPI,0
TXN002762,2023-02-07,CUST0157,Kavita Joshi,West,Mumbai,Electronics,Smartphone,1,23413.53,16957.23,0.05,23413.53,1170.68,22242.85,5285.62,Credit Card,0
TXN002763,2024-06-05,CUST0433,Arun Patil,Central,Gwalior,Furniture,Wooden Desk,4,12516.81,8484.18,0.15,50067.24,7510.09,42557.15,8620.43,Debit Card,0
TXN002764,2024-11-29,CUST0158,Rekha Srivastava,South,Chennai,Furniture,Sofa Set,1,33287.34,23446.51,0.0,33287.34,0.0,33287.34,9840.83,Net Banking,0
TXN002765,2024-04-22,CUST0283,Nikhil Dubey,South,Chennai,Cosmetics,Foundation,5,911.23,515.02,0.1,4556.15,455.62,4100.53,1525.43,Net Banking,0
TXN002766,2024-12-04,CUST0257,Kiran Bose,North,Delhi,Sports,Dumbbells Set,3,3677.56,2196.61,0.0,11032.68,0.0,11032.68,4442.85,UPI,0
TXN002767,2024-08-28,CUST0203,Mohit Saxena,South,Chennai,Furniture,Bookshelf,1,6339.01,4419.21,0.05,6339.01,316.95,6022.06,1602.85,UPI,0
TXN002768,2023-12-26,CUST0133,Mohit Saxena,East,Patna,Sports,Running Shoes,4,5240.82,3178.35,0.1,20963.28,2096.33,18866.95,6153.55,Net Banking,0
TXN002769,2024-03-29,CUST0019,Nikhil Dubey,East,Patna,Cosmetics,Sunscreen SPF50,2,488.73,275.89,0.15,977.46,146.62,830.84,279.06,Credit Card,0
TXN002770,2024-01-09,CUST0426,Pallavi Shah,West,Pune,Sports,Cycle Helmet,2,1235.13,810.8,0.15,2470.26,370.54,2099.72,478.12,Net Banking,0
TXN002771,2023-11-19,CUST0396,Lakshmi Rao,Central,Raipur,Groceries,Basmati Rice 5kg,3,451.08,311.0,0.0,1353.24,0.0,1353.24,420.24,Net Banking,0
TXN002772,2023-08-24,CUST0062,Kavita Joshi,South,Mysore,Groceries,Sugar 1kg,4,57.04,41.21,0.1,228.16,22.82,205.34,40.5,UPI,0
TXN002773,2023-11-07,CUST0449,Sanjay Yadav,Central,Bhopal,Cosmetics,Lipstick,3,588.94,304.59,0.2,1766.82,353.36,1413.46,499.69,Cash,0
TXN002774,2024-01-31,CUST0209,Divya Iyer,East,Kolkata,Groceries,Basmati Rice 5kg,1,430.6,314.43,0.0,430.6,0.0,430.6,116.17,Net Banking,0
TXN002775,2024-06-29,CUST0355,Geeta Bhatt,Central,Varanasi,Clothing,Women's Kurti,3,1325.1,605.32,0.0,3975.3,0.0,3975.3,2159.34,UPI,0
TXN002776,2023-02-08,CUST0305,Vijay Singh,South,Kochi,Clothing,Formal Shirt,1,1876.18,887.28,0.0,1876.18,0.0,1876.18,988.9,Cash,0
TXN002777,2024-08-12,CUST0350,Swati Kapoor,North,Delhi,Electronics,Laptop,2,43053.21,38693.56,0.0,86106.42,0.0,86106.42,8719.3,Net Banking,0
TXN002778,2024-02-06,CUST0266,Rohan Mehta,Central,Raipur,Sports,Running Shoes,2,5105.81,3225.7,0.0,10211.62,0.0,10211.62,3760.22,Credit Card,0
TXN002779,2023-01-23,CUST0303,Rohan Mehta,East,Patna,Clothing,Denim Jeans,1,2475.11,1232.15,0.1,2475.11,247.51,2227.6,995.45,Debit Card,0
TXN002780,2023-12-19,CUST0441,Deepak Tiwari,South,Kochi,Electronics,Smartphone,3,23409.74,16519.57,0.05,70229.22,3511.46,66717.76,17159.05,UPI,0
TXN002781,2024-04-26,CUST0442,Rohan Mehta,North,Amritsar,Cosmetics,Face Wash 100ml,3,294.78,162.1,0.0,884.34,0.0,884.34,398.04,Net Banking,0
TXN002782,2023-07-12,CUST0053,Nikhil Dubey,East,Patna,Sports,Cycle Helmet,1,1348.67,822.34,0.15,1348.67,202.3,1146.37,324.03,Credit Card,0
TXN002783,2023-09-12,CUST0389,Priya Patel,Central,Varanasi,Electronics,Tablet,3,19743.87,12991.64,0.0,59231.61,0.0,59231.61,20256.69,UPI,0
TXN002784,2024-01-08,CUST0105,Arun Patil,North,Jaipur,Groceries,Basmati Rice 5kg,1,460.98,318.66,0.1,460.98,46.1,414.88,96.22,Net Banking,0
TXN002785,2023-11-05,CUST0477,Swati Kapoor,East,Ranchi,Clothing,Men's T-Shirt,3,851.19,349.21,0.05,2553.57,127.68,2425.89,1378.26,Debit Card,0
TXN002786,2024-12-07,CUST0006,Rohan Mehta,East,Patna,Sports,Yoga Mat,5,918.67,550.46,0.1,4593.35,459.34,4134.01,1381.71,Cash,0
TXN002787,2024-07-21,CUST0382,Deepak Tiwari,Central,Indore,Cosmetics,Foundation,2,953.75,506.98,0.05,1907.5,95.38,1812.12,798.16,Debit Card,0
TXN002788,2024-05-29,CUST0381,Ravi Chandra,East,Patna,Electronics,Wireless Earbuds,1,3620.03,2209.57,0.0,3620.03,0.0,3620.03,1410.46,Credit Card,0
TXN002789,2023-07-10,CUST0320,Arun Patil,North,Jaipur,Cosmetics,Lipstick,1,643.16,303.57,0.1,643.16,64.32,578.84,275.27,Cash,0
TXN002790,2024-01-06,CUST0113,Rahul Sharma,North,Chandigarh,Sports,Badminton Racket,2,1572.09,894.72,0.0,3144.18,0.0,3144.18,1354.74,Net Banking,0
TXN002791,2023-06-19,CUST0061,Geeta Bhatt,East,Guwahati,Groceries,Whole Wheat Flour 5kg,5,238.6,191.11,0.1,1193.0,119.3,1073.7,118.15,Debit Card,0
TXN002792,2023-03-03,CUST0312,Divya Iyer,West,Pune,Clothing,Men's T-Shirt,1,773.13,357.69,0.15,773.13,115.97,657.16,299.47,Credit Card,0
TXN002793,2023-12-01,CUST0438,Kiran Bose,East,Bhubaneswar,Clothing,Men's T-Shirt,1,842.92,355.42,0.15,842.92,126.44,716.48,361.06,Net Banking,0
TXN002794,2023-02-26,CUST0153,Deepak Tiwari,North,Delhi,Sports,Yoga Mat,1,976.77,535.35,0.0,976.77,0.0,976.77,441.42,Debit Card,0
TXN002795,2023-08-11,CUST0139,Mohit Saxena,East,Guwahati,Furniture,Dining Table,1,23577.45,15397.05,0.0,23577.45,0.0,23577.45,8180.4,Debit Card,0
TXN002796,2023-12-02,CUST0097,Arun Patil,North,Lucknow,Electronics,Wireless Earbuds,3,3407.33,2153.18,0.15,10221.99,1533.3,8688.69,2229.15,Net Banking,0
TXN002797,2024-03-23,CUST0215,Arun Patil,South,Mysore,Groceries,Basmati Rice 5kg,1,451.96,312.73,0.15,451.96,67.79,384.17,71.44,Net Banking,0
TXN002798,2024-11-08,CUST0295,Meera Das,East,Patna,Sports,Cricket Bat,3,2958.67,1847.18,0.0,8876.01,0.0,8876.01,3334.47,Net Banking,0
TXN002799,2023-11-07,CUST0284,Pooja Nair,Central,Varanasi,Furniture,Office Chair,2,9126.31,5891.25,0.1,18252.62,1825.26,16427.36,4644.86,Net Banking,0
TXN002800,2024-12-31,CUST0149,Priya Patel,North,Amritsar,Sports,Yoga Mat,1,942.3,543.01,0.15,942.3,141.34,800.96,257.95,Credit Card,0
TXN002801,2023-01-28,CUST0441,Arjun Reddy,West,Nagpur,Groceries,Whole Wheat Flour 5kg,1,267.5,194.95,0.0,267.5,0.0,267.5,72.55,Net Banking,0
TXN002802,2023-03-05,CUST0429,Suresh Pillai,South,Chennai,Furniture,Sofa Set,1,37323.81,23712.04,0.2,37323.81,7464.76,29859.05,6147.01,UPI,1
TXN002803,2023-10-06,CUST0301,Geeta Bhatt,South,Hyderabad,Groceries,Tea Powder 500g,3,213.59,158.27,0.15,640.77,96.12,544.65,69.84,Credit Card,0
TXN002804,2024-04-26,CUST0308,Pooja Nair,North,Jaipur,Electronics,Router,3,2779.71,1880.73,0.0,8339.13,0.0,8339.13,2696.94,Net Banking,0
TXN002805,2024-08-05,CUST0175,Geeta Bhatt,West,Surat,Groceries,Tea Powder 500g,2,212.93,152.19,0.1,425.86,42.59,383.27,78.89,UPI,0
TXN002806,2024-05-15,CUST0398,Suresh Pillai,East,Patna,Sports,Yoga Mat,1,900.37,534.49,0.0,900.37,0.0,900.37,365.88,UPI,0
TXN002807,2024-10-01,CUST0248,Kiran Bose,North,Jaipur,Groceries,Basmati Rice 5kg,3,494.04,309.83,0.15,1482.12,222.32,1259.8,330.31,Debit Card,0
TXN002808,2023-03-06,CUST0420,Priya Patel,East,Kolkata,Cosmetics,Sunscreen SPF50,1,441.13,263.57,0.15,441.13,66.17,374.96,111.39,Cash,0
TXN002809,2024-01-09,CUST0096,Sneha Gupta,South,Hyderabad,Groceries,Whole Wheat Flour 5kg,1,268.65,194.83,0.2,268.65,53.73,214.92,20.09,UPI,1
TXN002810,2024-11-10,CUST0401,Sunita Mishra,East,Guwahati,Cosmetics,Foundation,1,909.98,506.08,0.2,909.98,182.0,727.98,221.9,Debit Card,0
TXN002811,2023-11-05,CUST0190,Nisha Trivedi,Central,Bhopal,Electronics,Wireless Earbuds,1,3479.19,2144.49,0.0,3479.19,0.0,3479.19,1334.7,Debit Card,0
TXN002812,2024-07-26,CUST0201,Asha Pandey,South,Bangalore,Cosmetics,Sunscreen SPF50,2,466.59,271.35,0.0,933.18,0.0,933.18,390.48,UPI,0
TXN002813,2024-09-22,CUST0280,Divya Iyer,South,Bangalore,Cosmetics,Sunscreen SPF50,1,492.01,276.21,0.1,492.01,49.2,442.81,166.6,Cash,1
TXN002814,2023-02-04,CUST0089,Priya Patel,Central,Indore,Sports,Cricket Bat,2,2890.81,1785.9,0.0,5781.62,0.0,5781.62,2209.82,Credit Card,0
TXN002815,2023-02-19,CUST0341,Rekha Srivastava,South,Chennai,Cosmetics,Moisturiser 50g,2,511.46,272.32,0.0,1022.92,0.0,1022.92,478.28,Credit Card,0
TXN002816,2024-10-13,CUST0488,Suresh Pillai,South,Bangalore,Sports,Badminton Racket,2,1562.32,901.52,0.0,3124.64,0.0,3124.64,1321.6,Net Banking,0
TXN002817,2024-02-27,CUST0120,Pooja Nair,West,Surat,Clothing,Saree,3,5352.22,2535.87,0.1,16056.66,1605.67,14450.99,6843.38,Net Banking,0
TXN002818,2023-07-10,CUST0158,Sanjay Yadav,West,Surat,Groceries,Sugar 1kg,1,54.54,42.57,0.05,54.54,2.73,51.81,9.24,Cash,0
TXN002819,2024-10-25,CUST0350,Nikhil Dubey,South,Kochi,Sports,Running Shoes,1,5337.6,3166.83,0.0,5337.6,0.0,5337.6,2170.77,Net Banking,0
TXN002820,2023-11-06,CUST0478,Sanjay Yadav,Central,Indore,Groceries,Sugar 1kg,3,56.59,42.41,0.0,169.77,0.0,169.77,42.54,UPI,0
TXN002821,2023-08-11,CUST0335,Vijay Singh,Central,Gwalior,Cosmetics,Lipstick,2,598.73,308.83,0.0,1197.46,0.0,1197.46,579.8,Credit Card,0
TXN002822,2023-01-11,CUST0393,Ravi Chandra,West,Nagpur,Electronics,Wireless Earbuds,3,3817.84,2240.29,0.0,11453.52,0.0,11453.52,4732.65,UPI,0
TXN002823,2024-11-14,CUST0125,Rekha Srivastava,Central,Bhopal,Electronics,Router,4,2718.42,1932.09,0.0,10873.68,0.0,10873.68,3145.32,Credit Card,0
TXN002824,2024-07-27,CUST0397,Sanjay Yadav,South,Bangalore,Clothing,Winter Jacket,2,3923.69,2198.15,0.1,7847.38,784.74,7062.64,2666.34,Cash,1
TXN002825,2024-11-22,CUST0257,Kavita Joshi,South,Mysore,Furniture,Sofa Set,5,38444.13,24667.67,0.05,192220.65,9611.03,182609.62,59271.27,Cash,1
TXN002826,2023-12-04,CUST0470,Geeta Bhatt,West,Ahmedabad,Cosmetics,Foundation,1,943.4,524.73,0.15,943.4,141.51,801.89,277.16,Debit Card,0
TXN002827,2024-04-16,CUST0246,Harish Agarwal,Central,Bhopal,Electronics,Tablet,1,17455.76,12918.57,0.15,17455.76,2618.36,14837.4,1918.83,UPI,0
TXN002828,2023-09-19,CUST0055,Sanjay Yadav,East,Bhubaneswar,Furniture,Wooden Desk,4,11698.1,8263.57,0.05,46792.4,2339.62,44452.78,11398.5,UPI,0
TXN002829,2023-09-15,CUST0367,Sneha Gupta,South,Bangalore,Electronics,Tablet,4,18477.27,12955.6,0.05,73909.08,3695.45,70213.63,18391.23,Debit Card,0
TXN002830,2023-09-13,CUST0412,Arjun Reddy,Central,Bhopal,Sports,Badminton Racket,4,1502.21,923.98,0.0,6008.84,0.0,6008.84,2312.92,UPI,0
TXN002831,2023-04-14,CUST0096,Nikhil Dubey,East,Ranchi,Groceries,Basmati Rice 5kg,1,494.25,317.67,0.2,494.25,98.85,395.4,77.73,Net Banking,0
TXN002832,2024-05-02,CUST0400,Sanjay Yadav,West,Pune,Clothing,Winter Jacket,2,4201.92,2225.32,0.0,8403.84,0.0,8403.84,3953.2,Credit Card,0
TXN002833,2024-07-15,CUST0078,Vijay Singh,West,Mumbai,Cosmetics,Hair Serum 100ml,1,750.39,389.04,0.0,750.39,0.0,750.39,361.35,Net Banking,0
TXN002834,2023-10-01,CUST0068,Lakshmi Rao,East,Ranchi,Furniture,Bookshelf,2,6777.68,4370.65,0.2,13555.36,2711.07,10844.29,2102.99,Cash,0
TXN002835,2023-12-26,CUST0483,Swati Kapoor,West,Mumbai,Electronics,Tablet,3,18460.26,12761.12,0.0,55380.78,0.0,55380.78,17097.42,Cash,0
TXN002836,2024-05-05,CUST0079,Rajesh Malhotra,East,Kolkata,Clothing,Men's T-Shirt,5,810.36,339.73,0.2,4051.8,810.36,3241.44,1542.79,Credit Card,0
TXN002837,2024-07-16,CUST0146,Kavita Joshi,East,Patna,Clothing,Winter Jacket,5,3942.54,2244.14,0.0,19712.7,0.0,19712.7,8492.0,Cash,0
TXN002838,2024-03-30,CUST0090,Kavita Joshi,North,Chandigarh,Furniture,Sofa Set,4,35408.98,23853.33,0.0,141635.92,0.0,141635.92,46222.6,Credit Card,0
TXN002839,2024-02-28,CUST0234,Vijay Singh,East,Ranchi,Electronics,Smart TV,1,34960.78,26738.16,0.05,34960.78,1748.04,33212.74,6474.58,Cash,0
TXN002840,2024-02-19,CUST0456,Divya Iyer,West,Mumbai,Clothing,Winter Jacket,1,4233.36,2148.88,0.0,4233.36,0.0,4233.36,2084.48,UPI,0
TXN002841,2023-02-12,CUST0197,Suresh Pillai,North,Lucknow,Furniture,Office Chair,1,8181.12,5807.85,0.2,8181.12,1636.22,6544.9,737.05,Net Banking,0
TXN002842,2023-07-04,CUST0323,Swati Kapoor,East,Bhubaneswar,Sports,Yoga Mat,1,956.57,563.83,0.0,956.57,0.0,956.57,392.74,Debit Card,0
TXN002843,2023-10-16,CUST0441,Sneha Gupta,East,Kolkata,Furniture,Bookshelf,2,6606.3,4445.14,0.0,13212.6,0.0,13212.6,4322.32,Net Banking,0
TXN002844,2023-06-01,CUST0170,Pallavi Shah,West,Ahmedabad,Furniture,Wardrobe,2,18526.47,11880.72,0.15,37052.94,5557.94,31495.0,7733.56,Cash,0
TXN002845,2023-05-27,CUST0026,Sunita Mishra,East,Kolkata,Cosmetics,Face Wash 100ml,2,306.67,162.68,0.0,613.34,0.0,613.34,287.98,Credit Card,0
TXN002846,2024-02-05,CUST0363,Arun Patil,South,Chennai,Furniture,Wooden Desk,2,12775.12,8248.32,0.05,25550.24,1277.51,24272.73,7776.09,Debit Card,0
TXN002847,2023-07-18,CUST0476,Suresh Pillai,North,Delhi,Sports,Badminton Racket,2,1597.42,887.23,0.05,3194.84,159.74,3035.1,1260.64,Cash,0
TXN002848,2023-05-31,CUST0175,Nikhil Dubey,West,Mumbai,Cosmetics,Lipstick,1,608.66,302.77,0.0,608.66,0.0,608.66,305.89,Net Banking,0
TXN002849,2024-11-27,CUST0195,Deepak Tiwari,South,Chennai,Cosmetics,Hair Serum 100ml,3,731.36,408.32,0.0,2194.08,0.0,2194.08,969.12,Cash,0
TXN002850,2024-09-11,CUST0397,Ravi Chandra,North,Lucknow,Sports,Cricket Bat,1,3071.09,1825.87,0.15,3071.09,460.66,2610.43,784.56,Credit Card,0
TXN002851,2024-12-19,CUST0097,Kavita Joshi,North,Lucknow,Cosmetics,Lipstick,4,638.63,311.98,0.1,2554.52,255.45,2299.07,1051.15,Cash,0
TXN002852,2023-08-05,CUST0132,Pallavi Shah,West,Ahmedabad,Cosmetics,Foundation,1,857.82,523.19,0.2,857.82,171.56,686.26,163.07,Debit Card,0
TXN002853,2023-12-25,CUST0255,Swati Kapoor,East,Patna,Clothing,Saree,2,5379.63,2495.06,0.15,10759.26,1613.89,9145.37,4155.25,UPI,0
TXN002854,2023-01-07,CUST0076,Harish Agarwal,West,Pune,Electronics,Smart TV,2,36074.42,27239.81,0.05,72148.84,3607.44,68541.4,14061.78,Credit Card,0
TXN002855,2024-08-17,CUST0492,Amit Kumar,South,Kochi,Electronics,Smartphone,4,23070.24,17293.39,0.2,92280.96,18456.19,73824.77,4651.21,Cash,0
TXN002856,2024-06-08,CUST0430,Rahul Sharma,North,Delhi,Electronics,Wireless Earbuds,2,3790.23,2238.01,0.05,7580.46,379.02,7201.44,2725.42,Net Banking,0
TXN002857,2024-08-26,CUST0354,Kiran Bose,Central,Bhopal,Sports,Cricket Bat,1,3241.48,1853.42,0.05,3241.48,162.07,3079.41,1225.99,Credit Card,0
TXN002858,2023-12-19,CUST0143,Rekha Srivastava,Central,Varanasi,Furniture,Sofa Set,2,37718.47,24410.25,0.0,75436.94,0.0,75436.94,26616.44,Net Banking,0
TXN002859,2024-12-15,CUST0157,Meera Das,South,Bangalore,Electronics,Wireless Earbuds,1,3730.78,2213.19,0.05,3730.78,186.54,3544.24,1331.05,Cash,1
TXN002860,2024-04-05,CUST0304,Mohit Saxena,East,Ranchi,Groceries,Sugar 1kg,3,57.99,42.16,0.0,173.97,0.0,173.97,47.49,Credit Card,0
TXN002861,2023-12-29,CUST0236,Geeta Bhatt,North,Chandigarh,Groceries,Sugar 1kg,3,59.13,43.09,0.15,177.39,26.61,150.78,21.51,Debit Card,0
TXN002862,2024-11-17,CUST0137,Rajesh Malhotra,East,Kolkata,Electronics,Smart TV,6,35123.85,26877.55,0.15,210743.1,31611.47,179131.63,17866.33,Net Banking,0
TXN002863,2024-04-29,CUST0256,Suresh Pillai,Central,Bhopal,Sports,Yoga Mat,2,921.02,550.32,0.0,1842.04,0.0,1842.04,741.4,Net Banking,0
TXN002864,2024-09-20,CUST0297,Ravi Chandra,East,Ranchi,Groceries,Cooking Oil 1L,1,185.5,129.01,0.1,185.5,18.55,166.95,37.94,UPI,0
TXN002865,2023-07-01,CUST0077,Kiran Bose,North,Delhi,Sports,Yoga Mat,2,888.33,554.63,0.0,1776.66,0.0,1776.66,667.4,UPI,0
TXN002866,2023-04-02,CUST0322,Amit Kumar,Central,Gwalior,Clothing,Women's Kurti,3,1306.06,606.42,0.0,3918.18,0.0,3918.18,2098.92,Credit Card,0
TXN002867,2024-05-04,CUST0119,Kavita Joshi,North,Lucknow,Cosmetics,Foundation,1,953.58,528.83,0.0,953.58,0.0,953.58,424.75,Debit Card,0
TXN002868,2023-07-02,CUST0130,Lakshmi Rao,South,Bangalore,Clothing,Formal Shirt,1,1891.34,914.88,0.05,1891.34,94.57,1796.77,881.89,Net Banking,0
TXN002869,2023-07-10,CUST0410,Vijay Singh,West,Nagpur,Cosmetics,Hair Serum 100ml,2,676.86,393.54,0.0,1353.72,0.0,1353.72,566.64,Credit Card,0
TXN002870,2023-03-26,CUST0291,Harish Agarwal,West,Nagpur,Furniture,Bookshelf,3,7058.02,4367.18,0.0,21174.06,0.0,21174.06,8072.52,Debit Card,0
TXN002871,2024-03-25,CUST0235,Pooja Nair,North,Lucknow,Groceries,Sugar 1kg,1,56.23,42.87,0.0,56.23,0.0,56.23,13.36,Credit Card,0
TXN002872,2023-05-09,CUST0040,Amit Kumar,South,Hyderabad,Cosmetics,Lipstick,1,587.59,305.31,0.15,587.59,88.14,499.45,194.14,Debit Card,0
TXN002873,2023-02-02,CUST0360,Swati Kapoor,South,Kochi,Clothing,Men's T-Shirt,1,846.91,343.45,0.1,846.91,84.69,762.22,418.77,Debit Card,0
TXN002874,2023-12-27,CUST0194,Rajesh Malhotra,South,Mysore,Groceries,Cooking Oil 1L,2,176.39,126.88,0.1,352.78,35.28,317.5,63.74,UPI,1
TXN002875,2024-06-17,CUST0137,Geeta Bhatt,East,Kolkata,Furniture,Dining Table,2,23945.04,15128.89,0.0,47890.08,0.0,47890.08,17632.3,Cash,0
TXN002876,2023-03-11,CUST0143,Mohit Saxena,South,Kochi,Cosmetics,Hair Serum 100ml,1,713.74,402.93,0.0,713.74,0.0,713.74,310.81,Net Banking,0
TXN002877,2023-01-02,CUST0059,Rohan Mehta,Central,Bhopal,Sports,Badminton Racket,2,1561.5,923.66,0.15,3123.0,468.45,2654.55,807.23,Credit Card,0
TXN002878,2024-10-04,CUST0040,Sneha Gupta,East,Guwahati,Groceries,Cooking Oil 1L,1,185.27,132.31,0.15,185.27,27.79,157.48,25.17,Cash,0
TXN002879,2024-05-26,CUST0431,Nisha Trivedi,South,Hyderabad,Furniture,Bookshelf,1,7023.88,4591.02,0.0,7023.88,0.0,7023.88,2432.86,Credit Card,0
TXN002880,2023-11-06,CUST0493,Sneha Gupta,East,Patna,Groceries,Sugar 1kg,4,60.41,40.75,0.0,241.64,0.0,241.64,78.64,Credit Card,0
TXN002881,2023-09-14,CUST0228,Kavita Joshi,Central,Indore,Clothing,Saree,2,5116.62,2554.01,0.2,10233.24,2046.65,8186.59,3078.57,Debit Card,0
TXN002882,2024-01-30,CUST0026,Meera Das,North,Amritsar,Groceries,Whole Wheat Flour 5kg,2,255.21,184.87,0.15,510.42,76.56,433.86,64.12,Cash,0
TXN002883,2023-09-13,CUST0039,Sanjay Yadav,Central,Bhopal,Electronics,Smart TV,1,33818.87,26497.62,0.0,33818.87,0.0,33818.87,7321.25,Cash,0
TXN002884,2023-01-01,CUST0264,Priya Patel,South,Hyderabad,Cosmetics,Face Wash 100ml,1,305.92,159.03,0.05,305.92,15.3,290.62,131.59,Net Banking,0
TXN002885,2023-09-17,CUST0375,Geeta Bhatt,North,Amritsar,Cosmetics,Lipstick,2,629.62,308.79,0.0,1259.24,0.0,1259.24,641.66,Cash,0
TXN002886,2023-12-15,CUST0060,Suresh Pillai,Central,Bhopal,Groceries,Sugar 1kg,4,58.0,42.96,0.1,232.0,23.2,208.8,36.96,Net Banking,0
TXN002887,2024-01-18,CUST0044,Mohit Saxena,Central,Indore,Sports,Cricket Bat,1,3210.28,1810.01,0.0,3210.28,0.0,3210.28,1400.27,Net Banking,0
TXN002888,2024-10-20,CUST0149,Sneha Gupta,East,Bhubaneswar,Sports,Badminton Racket,2,1628.77,887.6,0.0,3257.54,0.0,3257.54,1482.34,Debit Card,0
TXN002889,2023-03-28,CUST0087,Meera Das,Central,Raipur,Cosmetics,Sunscreen SPF50,1,440.3,263.86,0.2,440.3,88.06,352.24,88.38,Debit Card,0
TXN002890,2023-05-04,CUST0462,Deepak Tiwari,North,Delhi,Furniture,Bookshelf,3,7042.78,4406.08,0.1,21128.34,2112.83,19015.51,5797.27,Debit Card,0
TXN002891,2024-03-22,CUST0238,Anita Verma,Central,Gwalior,Sports,Running Shoes,1,5156.79,3236.68,0.0,5156.79,0.0,5156.79,1920.11,Net Banking,0
TXN002892,2024-11-08,CUST0296,Sneha Gupta,East,Ranchi,Electronics,Smart TV,4,34888.9,26632.44,0.15,139555.6,20933.34,118622.26,12092.5,Debit Card,0
TXN002893,2023-06-03,CUST0207,Mohit Saxena,Central,Bhopal,Electronics,Laptop,2,48708.02,37356.42,0.0,97416.04,0.0,97416.04,22703.2,Net Banking,0
TXN002894,2023-08-30,CUST0449,Pallavi Shah,Central,Raipur,Cosmetics,Face Wash 100ml,3,316.67,156.62,0.15,950.01,142.5,807.51,337.65,Debit Card,0
TXN002895,2024-02-07,CUST0082,Kavita Joshi,North,Chandigarh,Clothing,Men's T-Shirt,2,871.38,359.82,0.0,1742.76,0.0,1742.76,1023.12,Net Banking,0
TXN002896,2023-02-10,CUST0102,Harish Agarwal,West,Surat,Electronics,Tablet,1,19186.45,13092.88,0.15,19186.45,2877.97,16308.48,3215.6,Net Banking,0
TXN002897,2024-05-20,CUST0442,Vijay Singh,West,Surat,Furniture,Bookshelf,4,7029.6,4598.59,0.05,28118.4,1405.92,26712.48,8318.12,Cash,0
TXN002898,2024-10-27,CUST0190,Swati Kapoor,East,Kolkata,Electronics,Smartphone,3,23647.45,17202.94,0.2,70942.35,14188.47,56753.88,5145.06,Cash,0
TXN002899,2024-11-20,CUST0178,Pooja Nair,Central,Varanasi,Clothing,Denim Jeans,4,2425.62,1183.91,0.05,9702.48,485.12,9217.36,4481.72,Cash,0
TXN002900,2024-11-13,CUST0371,Arun Patil,Central,Indore,Sports,Yoga Mat,1,919.51,561.35,0.2,919.51,183.9,735.61,174.26,Credit Card,0
TXN002901,2023-11-23,CUST0332,Rohan Mehta,South,Mysore,Cosmetics,Face Wash 100ml,3,325.67,160.73,0.05,977.01,48.85,928.16,445.97,Credit Card,0
TXN002902,2024-04-15,CUST0141,Anita Verma,West,Nagpur,Electronics,Smart TV,1,37894.36,27384.9,0.0,37894.36,0.0,37894.36,10509.46,Credit Card,0
TXN002903,2024-04-12,CUST0350,Ravi Chandra,South,Bangalore,Sports,Badminton Racket,1,1439.96,877.35,0.05,1439.96,72.0,1367.96,490.61,Net Banking,0
TXN002904,2023-03-24,CUST0418,Lakshmi Rao,East,Bhubaneswar,Groceries,Tea Powder 500g,1,214.23,150.88,0.0,214.23,0.0,214.23,63.35,Cash,0
TXN002905,2024-01-19,CUST0401,Divya Iyer,Central,Gwalior,Groceries,Pulses 1kg,1,145.85,102.48,0.0,145.85,0.0,145.85,43.37,UPI,0
TXN002906,2024-03-02,CUST0467,Ravi Chandra,West,Pune,Electronics,Smartphone,3,22704.55,16501.71,0.0,68113.65,0.0,68113.65,18608.52,Debit Card,0
TXN002907,2023-09-21,CUST0434,Mohit Saxena,East,Patna,Cosmetics,Moisturiser 50g,2,498.96,273.29,0.2,997.92,199.58,798.34,251.76,Credit Card,0
TXN002908,2023-12-02,CUST0057,Nisha Trivedi,East,Patna,Electronics,Wireless Earbuds,4,3542.07,2221.05,0.0,14168.28,0.0,14168.28,5284.08,Cash,0
TXN002909,2024-02-25,CUST0376,Sunita Mishra,East,Kolkata,Cosmetics,Moisturiser 50g,3,506.15,278.35,0.0,1518.45,0.0,1518.45,683.4,Cash,1
TXN002910,2023-12-10,CUST0073,Kavita Joshi,East,Kolkata,Furniture,Wooden Desk,2,12293.93,8715.01,0.0,24587.86,0.0,24587.86,7157.84,Debit Card,0
TXN002911,2024-12-19,CUST0280,Sneha Gupta,Central,Varanasi,Electronics,Router,4,2944.94,1867.68,0.2,11779.76,2355.95,9423.81,1953.09,Credit Card,0
TXN002912,2024-03-27,CUST0158,Rekha Srivastava,Central,Gwalior,Cosmetics,Sunscreen SPF50,4,465.99,265.63,0.2,1863.96,372.79,1491.17,428.65,UPI,0
TXN002913,2023-11-24,CUST0457,Mohit Saxena,North,Delhi,Clothing,Winter Jacket,3,4052.85,2233.98,0.05,12158.55,607.93,11550.62,4848.68,Credit Card,0
TXN002914,2023-11-10,CUST0499,Kavita Joshi,South,Chennai,Electronics,Laptop,1,49475.1,38008.82,0.0,49475.1,0.0,49475.1,11466.28,Cash,0
TXN002915,2023-12-09,CUST0125,Nikhil Dubey,Central,Raipur,Cosmetics,Face Wash 100ml,6,307.93,160.09,0.0,1847.58,0.0,1847.58,887.04,UPI,0
TXN002916,2024-01-17,CUST0130,Rahul Sharma,North,Delhi,Clothing,Men's T-Shirt,1,819.07,345.9,0.15,819.07,122.86,696.21,350.31,Net Banking,0
TXN002917,2023-02-16,CUST0095,Arun Patil,East,Guwahati,Electronics,Smart TV,1,35589.48,27473.92,0.0,35589.48,0.0,35589.48,8115.56,Cash,0
TXN002918,2024-09-13,CUST0160,Rekha Srivastava,North,Chandigarh,Cosmetics,Moisturiser 50g,1,546.1,276.31,0.15,546.1,81.92,464.18,187.87,UPI,0
TXN002919,2023-07-29,CUST0001,Amit Kumar,South,Bangalore,Electronics,Smart TV,1,37475.15,26666.65,0.05,37475.15,1873.76,35601.39,8934.74,Cash,0
TXN002920,2023-04-24,CUST0069,Priya Patel,South,Hyderabad,Groceries,Whole Wheat Flour 5kg,4,273.5,189.49,0.0,1094.0,0.0,1094.0,336.04,UPI,0
TXN002921,2023-05-31,CUST0251,Kiran Bose,South,Chennai,Sports,Dumbbells Set,1,3687.48,2151.22,0.0,3687.48,0.0,3687.48,1536.26,Cash,0
TXN002922,2024-09-06,CUST0233,Lakshmi Rao,Central,Gwalior,Sports,Running Shoes,3,5285.43,3277.99,0.2,15856.29,3171.26,12685.03,2851.06,UPI,0
TXN002923,2024-03-24,CUST0273,Ravi Chandra,North,Chandigarh,Sports,Running Shoes,1,5341.31,3220.44,0.0,5341.31,0.0,5341.31,2120.87,Credit Card,0
TXN002924,2024-10-20,CUST0060,Ravi Chandra,South,Bangalore,Groceries,Pulses 1kg,3,143.01,97.23,0.0,429.03,0.0,429.03,137.34,Debit Card,0
TXN002925,2024-05-28,CUST0461,Rekha Srivastava,Central,Bhopal,Cosmetics,Sunscreen SPF50,3,442.58,263.74,0.1,1327.74,132.77,1194.97,403.75,Cash,0
TXN002926,2024-08-15,CUST0413,Arjun Reddy,East,Kolkata,Clothing,Saree,1,5224.22,2441.04,0.05,5224.22,261.21,4963.01,2521.97,Net Banking,0
TXN002927,2023-07-17,CUST0424,Pooja Nair,North,Amritsar,Cosmetics,Lipstick,2,581.65,307.43,0.0,1163.3,0.0,1163.3,548.44,Net Banking,0
TXN002928,2023-08-30,CUST0117,Deepak Tiwari,West,Mumbai,Cosmetics,Hair Serum 100ml,3,697.2,388.75,0.05,2091.6,104.58,1987.02,820.77,Debit Card,0
TXN002929,2024-04-12,CUST0352,Rajesh Malhotra,North,Jaipur,Cosmetics,Face Wash 100ml,2,309.12,157.88,0.0,618.24,0.0,618.24,302.48,Debit Card,0
TXN002930,2024-10-26,CUST0019,Suresh Pillai,East,Bhubaneswar,Cosmetics,Lipstick,1,593.04,318.13,0.2,593.04,118.61,474.43,156.3,Net Banking,0
TXN002931,2024-11-24,CUST0070,Geeta Bhatt,West,Nagpur,Sports,Badminton Racket,4,1621.18,907.79,0.15,6484.72,972.71,5512.01,1880.85,Cash,0
TXN002932,2023-02-02,CUST0388,Sunita Mishra,West,Pune,Cosmetics,Sunscreen SPF50,1,428.12,266.39,0.2,428.12,85.62,342.5,76.11,Debit Card,0
TXN002933,2023-03-11,CUST0049,Rajesh Malhotra,South,Hyderabad,Furniture,Office Chair,1,8702.02,5867.11,0.0,8702.02,0.0,8702.02,2834.91,Cash,1
TXN002934,2023-11-15,CUST0492,Meera Das,West,Surat,Electronics,Wireless Earbuds,1,3544.68,2259.54,0.0,3544.68,0.0,3544.68,1285.14,Credit Card,0
TXN002935,2023-11-04,CUST0258,Suresh Pillai,West,Mumbai,Cosmetics,Lipstick,1,576.43,315.68,0.0,576.43,0.0,576.43,260.75,UPI,0
TXN002936,2023-08-25,CUST0387,Rahul Sharma,East,Guwahati,Electronics,Router,1,2779.81,1876.49,0.2,2779.81,555.96,2223.85,347.36,UPI,0
TXN002937,2023-11-12,CUST0031,Arun Patil,West,Nagpur,Sports,Badminton Racket,4,1481.69,916.81,0.15,5926.76,889.01,5037.75,1370.51,Credit Card,0
TXN002938,2023-02-28,CUST0257,Nisha Trivedi,South,Mysore,Electronics,Smart TV,1,35572.13,27153.58,0.15,35572.13,5335.82,30236.31,3082.73,Net Banking,0
TXN002939,2023-09-25,CUST0099,Priya Patel,Central,Indore,Groceries,Sugar 1kg,4,53.25,43.08,0.15,213.0,31.95,181.05,8.73,Cash,0
TXN002940,2023-10-23,CUST0262,Geeta Bhatt,South,Bangalore,Groceries,Whole Wheat Flour 5kg,3,263.35,193.6,0.0,790.05,0.0,790.05,209.25,Cash,0
TXN002941,2024-01-12,CUST0080,Divya Iyer,West,Mumbai,Electronics,Smartphone,1,22418.97,16691.77,0.2,22418.97,4483.79,17935.18,1243.41,UPI,0
TXN002942,2024-04-25,CUST0080,Rohan Mehta,East,Bhubaneswar,Furniture,Wooden Desk,4,11967.36,8691.42,0.15,47869.44,7180.42,40689.02,5923.34,Cash,0
TXN002943,2023-12-11,CUST0206,Harish Agarwal,North,Delhi,Sports,Cricket Bat,2,2854.26,1757.07,0.15,5708.52,856.28,4852.24,1338.1,Net Banking,0
TXN002944,2023-02-03,CUST0218,Geeta Bhatt,South,Chennai,Electronics,Router,1,2789.9,1861.69,0.2,2789.9,557.98,2231.92,370.23,UPI,0
TXN002945,2023-09-08,CUST0056,Rekha Srivastava,East,Bhubaneswar,Sports,Dumbbells Set,1,3546.81,2150.33,0.05,3546.81,177.34,3369.47,1219.14,Debit Card,0
TXN002946,2024-09-28,CUST0274,Sanjay Yadav,Central,Raipur,Groceries,Tea Powder 500g,1,203.96,157.72,0.0,203.96,0.0,203.96,46.24,Debit Card,0
TXN002947,2024-03-25,CUST0139,Swati Kapoor,East,Ranchi,Clothing,Winter Jacket,1,4173.88,2141.92,0.0,4173.88,0.0,4173.88,2031.96,Net Banking,0
TXN002948,2024-11-03,CUST0118,Mohit Saxena,North,Chandigarh,Clothing,Women's Kurti,2,1272.02,601.99,0.1,2544.04,254.4,2289.64,1085.66,Debit Card,0
TXN002949,2024-12-11,CUST0255,Nikhil Dubey,East,Bhubaneswar,Sports,Badminton Racket,3,1605.25,890.07,0.2,4815.75,963.15,3852.6,1182.39,Net Banking,0
TXN002950,2024-12-03,CUST0184,Anita Verma,West,Pune,Groceries,Whole Wheat Flour 5kg,3,267.06,193.68,0.0,801.18,0.0,801.18,220.14,Debit Card,0
TXN002951,2024-04-29,CUST0145,Geeta Bhatt,West,Ahmedabad,Groceries,Whole Wheat Flour 5kg,1,259.52,184.69,0.05,259.52,12.98,246.54,61.85,Cash,0
TXN002952,2023-01-09,CUST0344,Suresh Pillai,Central,Gwalior,Clothing,Winter Jacket,1,3977.6,2191.34,0.15,3977.6,596.64,3380.96,1189.62,Debit Card,0
TXN002953,2023-08-01,CUST0052,Vijay Singh,Central,Indore,Sports,Dumbbells Set,3,3666.89,2184.14,0.1,11000.67,1100.07,9900.6,3348.18,Cash,0
TXN002954,2023-09-18,CUST0048,Arun Patil,South,Hyderabad,Groceries,Whole Wheat Flour 5kg,1,264.92,191.17,0.0,264.92,0.0,264.92,73.75,UPI,0
TXN002955,2024-09-21,CUST0185,Rekha Srivastava,South,Chennai,Cosmetics,Sunscreen SPF50,2,465.55,268.33,0.0,931.1,0.0,931.1,394.44,Cash,0
TXN002956,2023-10-31,CUST0384,Rekha Srivastava,West,Mumbai,Clothing,Women's Kurti,3,1306.48,605.37,0.0,3919.44,0.0,3919.44,2103.33,Net Banking,0
TXN002957,2024-11-21,CUST0219,Amit Kumar,Central,Gwalior,Groceries,Whole Wheat Flour 5kg,4,259.0,186.07,0.0,1036.0,0.0,1036.0,291.72,UPI,0
TXN002958,2023-09-28,CUST0320,Divya Iyer,East,Patna,Groceries,Pulses 1kg,1,147.67,102.38,0.15,147.67,22.15,125.52,23.14,UPI,0
TXN002959,2023-04-29,CUST0374,Sneha Gupta,South,Bangalore,Furniture,Wardrobe,3,19430.55,12216.73,0.05,58291.65,2914.58,55377.07,18726.88,Net Banking,0
TXN002960,2023-05-29,CUST0341,Nisha Trivedi,East,Kolkata,Clothing,Women's Kurti,1,1350.9,589.51,0.2,1350.9,270.18,1080.72,491.21,Credit Card,0
TXN002961,2023-04-15,CUST0051,Amit Kumar,East,Kolkata,Cosmetics,Lipstick,3,651.98,306.96,0.0,1955.94,0.0,1955.94,1035.06,Credit Card,0
TXN002962,2023-08-25,CUST0068,Asha Pandey,North,Delhi,Groceries,Basmati Rice 5kg,1,490.8,313.86,0.2,490.8,98.16,392.64,78.78,Net Banking,0
TXN002963,2024-05-03,CUST0227,Arun Patil,East,Patna,Sports,Dumbbells Set,4,3600.06,2228.8,0.0,14400.24,0.0,14400.24,5485.04,UPI,0
TXN002964,2023-10-07,CUST0420,Harish Agarwal,Central,Indore,Groceries,Tea Powder 500g,5,207.85,158.82,0.0,1039.25,0.0,1039.25,245.15,UPI,0
TXN002965,2023-05-17,CUST0022,Rahul Sharma,Central,Indore,Sports,Running Shoes,2,4808.9,3288.04,0.0,9617.8,0.0,9617.8,3041.72,Credit Card,0
TXN002966,2024-05-16,CUST0268,Kiran Bose,South,Bangalore,Groceries,Cooking Oil 1L,1,195.14,130.99,0.15,195.14,29.27,165.87,34.88,Net Banking,0
TXN002967,2024-01-27,CUST0093,Rahul Sharma,East,Bhubaneswar,Furniture,Office Chair,1,8392.0,5963.42,0.0,8392.0,0.0,8392.0,2428.58,Net Banking,0
TXN002968,2023-07-19,CUST0244,Sunita Mishra,West,Pune,Electronics,Router,2,3000.16,1955.65,0.0,6000.32,0.0,6000.32,2089.02,Credit Card,0
TXN002969,2024-04-23,CUST0160,Deepak Tiwari,South,Bangalore,Clothing,Formal Shirt,1,1964.46,923.83,0.15,1964.46,294.67,1669.79,745.96,Debit Card,0
TXN002970,2023-06-13,CUST0077,Meera Das,West,Ahmedabad,Sports,Cycle Helmet,2,1395.67,809.44,0.1,2791.34,279.13,2512.21,893.33,Net Banking,0
TXN002971,2023-01-01,CUST0063,Deepak Tiwari,West,Pune,Clothing,Men's T-Shirt,1,769.28,342.79,0.2,769.28,153.86,615.42,272.63,Net Banking,0
TXN002972,2023-10-13,CUST0068,Kavita Joshi,South,Mysore,Cosmetics,Sunscreen SPF50,2,449.33,268.6,0.0,898.66,0.0,898.66,361.46,Credit Card,0
TXN002973,2023-12-02,CUST0102,Anita Verma,Central,Gwalior,Cosmetics,Foundation,4,902.7,529.03,0.0,3610.8,0.0,3610.8,1494.68,Credit Card,0
TXN002974,2024-07-18,CUST0007,Anita Verma,North,Jaipur,Electronics,Wireless Earbuds,1,3473.58,2142.85,0.0,3473.58,0.0,3473.58,1330.73,Debit Card,0
TXN002975,2023-08-15,CUST0167,Arjun Reddy,North,Jaipur,Sports,Cycle Helmet,1,1302.16,809.63,0.05,1302.16,65.11,1237.05,427.42,Net Banking,0
TXN002976,2023-01-06,CUST0091,Rajesh Malhotra,Central,Bhopal,Groceries,Whole Wheat Flour 5kg,1,239.12,191.35,0.05,239.12,11.96,227.16,35.81,Credit Card,0
TXN002977,2024-09-28,CUST0393,Nikhil Dubey,West,Pune,Furniture,Wooden Desk,1,11587.89,8709.75,0.0,11587.89,0.0,11587.89,2878.14,Credit Card,0
TXN002978,2023-08-20,CUST0075,Sneha Gupta,East,Patna,Electronics,Router,2,3060.86,1872.55,0.05,6121.72,306.09,5815.63,2070.53,UPI,0
TXN002979,2023-09-25,CUST0386,Rajesh Malhotra,East,Ranchi,Clothing,Formal Shirt,2,1920.64,922.76,0.15,3841.28,576.19,3265.09,1419.57,UPI,0
TXN002980,2023-02-04,CUST0460,Mohit Saxena,Central,Varanasi,Sports,Badminton Racket,1,1589.49,919.7,0.15,1589.49,238.42,1351.07,431.37,Debit Card,0
TXN002981,2024-04-02,CUST0149,Amit Kumar,North,Delhi,Electronics,Smart TV,1,35653.08,26435.0,0.05,35653.08,1782.65,33870.43,7435.43,Net Banking,0
TXN002982,2023-08-30,CUST0496,Anita Verma,West,Nagpur,Sports,Dumbbells Set,1,3437.75,2196.4,0.0,3437.75,0.0,3437.75,1241.35,Debit Card,0
TXN002983,2023-04-23,CUST0480,Suresh Pillai,East,Patna,Cosmetics,Sunscreen SPF50,1,490.03,266.09,0.0,490.03,0.0,490.03,223.94,Net Banking,0
TXN002984,2024-03-26,CUST0261,Mohit Saxena,North,Jaipur,Cosmetics,Hair Serum 100ml,1,685.11,396.27,0.2,685.11,137.02,548.09,151.82,UPI,0
TXN002985,2024-08-16,CUST0082,Lakshmi Rao,West,Nagpur,Clothing,Men's T-Shirt,2,871.77,344.13,0.15,1743.54,261.53,1482.01,793.75,Credit Card,1
TXN002986,2024-05-23,CUST0003,Rahul Sharma,East,Guwahati,Furniture,Wooden Desk,1,13180.21,8323.69,0.0,13180.21,0.0,13180.21,4856.52,Net Banking,0
TXN002987,2024-04-13,CUST0195,Rahul Sharma,Central,Raipur,Sports,Cricket Bat,2,2986.22,1782.77,0.05,5972.44,298.62,5673.82,2108.28,Cash,0
TXN002988,2023-01-01,CUST0489,Rohan Mehta,East,Guwahati,Sports,Yoga Mat,2,908.97,553.49,0.15,1817.94,272.69,1545.25,438.27,Cash,0
TXN002989,2023-10-03,CUST0137,Sunita Mishra,South,Kochi,Groceries,Tea Powder 500g,3,209.68,157.16,0.1,629.04,62.9,566.14,94.66,Net Banking,1
TXN002990,2024-03-30,CUST0256,Sanjay Yadav,West,Mumbai,Cosmetics,Foundation,3,962.1,517.7,0.0,2886.3,0.0,2886.3,1333.2,UPI,0
TXN002991,2023-10-12,CUST0159,Rajesh Malhotra,South,Kochi,Electronics,Laptop,3,43285.58,38838.32,0.05,129856.74,6492.84,123363.9,6848.94,Debit Card,0
TXN002992,2024-07-27,CUST0465,Divya Iyer,West,Pune,Sports,Cycle Helmet,1,1323.38,784.95,0.0,1323.38,0.0,1323.38,538.43,UPI,0
TXN002993,2023-11-05,CUST0256,Pooja Nair,East,Patna,Groceries,Pulses 1kg,2,136.13,101.56,0.15,272.26,40.84,231.42,28.3,Cash,0
TXN002994,2024-05-15,CUST0241,Anita Verma,South,Bangalore,Groceries,Basmati Rice 5kg,2,476.49,311.94,0.1,952.98,95.3,857.68,233.8,UPI,0
TXN002995,2023-09-22,CUST0269,Rajesh Malhotra,South,Bangalore,Cosmetics,Moisturiser 50g,3,517.18,281.43,0.2,1551.54,310.31,1241.23,396.94,Credit Card,0
TXN002996,2024-07-30,CUST0357,Rahul Sharma,North,Jaipur,Cosmetics,Face Wash 100ml,3,293.54,164.51,0.15,880.62,132.09,748.53,255.0,Debit Card,0
TXN002997,2024-06-07,CUST0333,Nikhil Dubey,East,Guwahati,Furniture,Sofa Set,3,36750.46,23439.07,0.05,110251.38,5512.57,104738.81,34421.6,UPI,0
TXN002998,2023-10-31,CUST0420,Pallavi Shah,Central,Gwalior,Clothing,Formal Shirt,4,1731.86,878.33,0.15,6927.44,1039.12,5888.32,2375.0,Debit Card,0
TXN002999,2024-10-30,CUST0024,Asha Pandey,West,Surat,Groceries,Sugar 1kg,2,59.36,41.95,0.05,118.72,5.94,112.78,28.88,Debit Card,0
TXN003000,2024-05-27,CUST0037,Lakshmi Rao,East,Bhubaneswar,Sports,Running Shoes,1,4982.14,3273.05,0.0,4982.14,0.0,4982.14,1709.09,Debit Card,0
TXN003001,2024-08-09,CUST0380,Sanjay Yadav,Central,Varanasi,Sports,Yoga Mat,1,988.37,548.94,0.0,988.37,0.0,988.37,439.43,Credit Card,0
TXN003002,2024-03-17,CUST0424,Asha Pandey,Central,Raipur,Cosmetics,Face Wash 100ml,1,302.62,161.03,0.1,302.62,30.26,272.36,111.33,UPI,0
TXN003003,2023-08-26,CUST0104,Ravi Chandra,West,Ahmedabad,Electronics,Laptop,1,44810.71,38822.72,0.05,44810.71,2240.54,42570.17,3747.45,Cash,0
TXN003004,2023-03-31,CUST0460,Kavita Joshi,North,Chandigarh,Electronics,Wireless Earbuds,2,3690.56,2265.98,0.2,7381.12,1476.22,5904.9,1372.94,Credit Card,0
TXN003005,2023-03-22,CUST0256,Arjun Reddy,North,Amritsar,Groceries,Tea Powder 500g,2,215.31,153.36,0.1,430.62,43.06,387.56,80.84,Debit Card,0
TXN003006,2023-10-24,CUST0235,Nisha Trivedi,Central,Varanasi,Electronics,Tablet,3,17302.01,12760.43,0.1,51906.03,5190.6,46715.43,8434.14,Debit Card,0
TXN003007,2024-12-25,CUST0474,Amit Kumar,South,Hyderabad,Electronics,Smart TV,6,34298.52,27002.71,0.15,205791.12,30868.67,174922.45,12906.19,Credit Card,0
TXN003008,2024-02-11,CUST0365,Geeta Bhatt,Central,Varanasi,Clothing,Saree,1,5489.16,2546.18,0.1,5489.16,548.92,4940.24,2394.06,Net Banking,0
TXN003009,2024-07-04,CUST0355,Sneha Gupta,East,Kolkata,Furniture,Wardrobe,1,19650.29,11918.69,0.0,19650.29,0.0,19650.29,7731.6,Net Banking,0
TXN003010,2024-08-20,CUST0216,Nikhil Dubey,West,Pune,Groceries,Sugar 1kg,2,59.96,41.51,0.05,119.92,6.0,113.92,30.9,Credit Card,0
TXN003011,2024-02-07,CUST0098,Meera Das,Central,Raipur,Clothing,Winter Jacket,1,3869.19,2261.53,0.05,3869.19,193.46,3675.73,1414.2,UPI,0
TXN003012,2024-09-12,CUST0254,Mohit Saxena,North,Delhi,Electronics,Smartphone,2,23061.43,17439.16,0.2,46122.86,9224.57,36898.29,2019.97,Cash,0
TXN003013,2023-03-01,CUST0233,Anita Verma,Central,Raipur,Cosmetics,Sunscreen SPF50,1,428.11,270.65,0.15,428.11,64.22,363.89,93.24,Cash,0
TXN003014,2023-05-08,CUST0408,Kiran Bose,East,Kolkata,Sports,Cricket Bat,2,3134.22,1843.1,0.15,6268.44,940.27,5328.17,1641.97,Credit Card,0
TXN003015,2023-10-05,CUST0109,Rekha Srivastava,South,Chennai,Electronics,Laptop,1,44215.2,38665.74,0.1,44215.2,4421.52,39793.68,1127.94,Debit Card,0
TXN003016,2023-06-09,CUST0008,Kavita Joshi,South,Kochi,Clothing,Denim Jeans,2,2464.23,1202.77,0.0,4928.46,0.0,4928.46,2522.92,Cash,0
TXN003017,2023-11-18,CUST0153,Rohan Mehta,Central,Gwalior,Groceries,Basmati Rice 5kg,1,431.64,317.15,0.1,431.64,43.16,388.48,71.33,Debit Card,0
TXN003018,2023-10-14,CUST0300,Harish Agarwal,Central,Indore,Cosmetics,Moisturiser 50g,1,544.53,280.26,0.2,544.53,108.91,435.62,155.36,Net Banking,0
TXN003019,2024-04-21,CUST0248,Sneha Gupta,East,Patna,Electronics,Tablet,2,17164.93,13093.39,0.05,34329.86,1716.49,32613.37,6426.59,Net Banking,0
TXN003020,2024-11-24,CUST0182,Arjun Reddy,South,Chennai,Furniture,Sofa Set,2,36555.4,23597.68,0.05,73110.8,3655.54,69455.26,22259.9,Debit Card,0
TXN003021,2023-03-08,CUST0093,Nisha Trivedi,West,Ahmedabad,Furniture,Wooden Desk,1,13068.15,8391.93,0.0,13068.15,0.0,13068.15,4676.22,UPI,0
TXN003022,2023-04-19,CUST0092,Suresh Pillai,South,Mysore,Clothing,Formal Shirt,3,1910.08,879.89,0.0,5730.24,0.0,5730.24,3090.57,Cash,0
TXN003023,2023-03-12,CUST0380,Asha Pandey,North,Chandigarh,Groceries,Cooking Oil 1L,1,182.79,129.79,0.2,182.79,36.56,146.23,16.44,Net Banking,0
TXN003024,2023-12-05,CUST0036,Mohit Saxena,East,Guwahati,Furniture,Wooden Desk,1,11787.39,8696.13,0.1,11787.39,1178.74,10608.65,1912.52,Credit Card,0
TXN003025,2024-09-10,CUST0357,Geeta Bhatt,South,Kochi,Electronics,Router,1,2845.47,1911.34,0.1,2845.47,284.55,2560.92,649.58,Debit Card,0
TXN003026,2024-11-14,CUST0091,Priya Patel,East,Bhubaneswar,Electronics,Router,2,2697.62,1950.21,0.0,5395.24,0.0,5395.24,1494.82,UPI,0
TXN003027,2024-11-20,CUST0137,Pooja Nair,North,Delhi,Electronics,Router,2,2825.43,1942.93,0.05,5650.86,282.54,5368.32,1482.46,Debit Card,0
TXN003028,2023-06-14,CUST0473,Nikhil Dubey,Central,Varanasi,Sports,Cricket Bat,3,2962.81,1762.88,0.2,8888.43,1777.69,7110.74,1822.1,Cash,0
TXN003029,2024-04-19,CUST0260,Rajesh Malhotra,South,Kochi,Furniture,Wardrobe,1,18346.9,11673.81,0.15,18346.9,2752.04,15594.86,3921.05,UPI,1
TXN003030,2023-11-24,CUST0021,Rahul Sharma,North,Delhi,Sports,Yoga Mat,3,879.45,558.27,0.0,2638.35,0.0,2638.35,963.54,Cash,0
TXN003031,2023-03-03,CUST0146,Kiran Bose,South,Chennai,Groceries,Pulses 1kg,2,153.1,102.59,0.0,306.2,0.0,306.2,101.02,Debit Card,0
TXN003032,2023-05-04,CUST0216,Harish Agarwal,Central,Raipur,Furniture,Wardrobe,1,17175.09,11848.29,0.2,17175.09,3435.02,13740.07,1891.78,Credit Card,0
TXN003033,2024-12-29,CUST0172,Pooja Nair,West,Ahmedabad,Cosmetics,Sunscreen SPF50,1,446.74,275.22,0.0,446.74,0.0,446.74,171.52,UPI,0
TXN003034,2023-12-07,CUST0264,Divya Iyer,East,Guwahati,Clothing,Denim Jeans,4,2738.73,1218.45,0.2,10954.92,2190.98,8763.94,3890.14,Cash,0
TXN003035,2024-05-26,CUST0403,Nisha Trivedi,West,Ahmedabad,Cosmetics,Hair Serum 100ml,1,698.36,397.88,0.0,698.36,0.0,698.36,300.48,Credit Card,0
TXN003036,2024-04-03,CUST0072,Amit Kumar,South,Chennai,Sports,Running Shoes,3,5301.51,3203.04,0.15,15904.53,2385.68,13518.85,3909.73,Cash,0
TXN003037,2023-07-08,CUST0369,Rohan Mehta,South,Hyderabad,Electronics,Router,2,3045.48,1915.26,0.2,6090.96,1218.19,4872.77,1042.25,UPI,0
TXN003038,2023-08-24,CUST0110,Priya Patel,West,Mumbai,Groceries,Basmati Rice 5kg,3,446.72,318.1,0.0,1340.16,0.0,1340.16,385.86,Credit Card,0
TXN003039,2024-04-28,CUST0186,Harish Agarwal,North,Chandigarh,Furniture,Wooden Desk,2,11619.35,8561.17,0.0,23238.7,0.0,23238.7,6116.36,Credit Card,0
TXN003040,2024-11-18,CUST0342,Nisha Trivedi,South,Chennai,Sports,Cycle Helmet,4,1306.0,780.17,0.15,5224.0,783.6,4440.4,1319.72,Debit Card,0
TXN003041,2023-05-17,CUST0240,Asha Pandey,North,Jaipur,Furniture,Wardrobe,1,17986.74,12074.49,0.1,17986.74,1798.67,16188.07,4113.58,Credit Card,0
TXN003042,2024-11-03,CUST0259,Vijay Singh,West,Surat,Furniture,Wardrobe,1,18784.0,11676.21,0.05,18784.0,939.2,17844.8,6168.59,Debit Card,0
TXN003043,2024-03-17,CUST0325,Pooja Nair,West,Nagpur,Groceries,Tea Powder 500g,1,221.05,150.4,0.1,221.05,22.11,198.94,48.54,Credit Card,0
TXN003044,2024-06-01,CUST0325,Meera Das,East,Kolkata,Sports,Dumbbells Set,1,3500.08,2157.86,0.2,3500.08,700.02,2800.06,642.2,Credit Card,0
TXN003045,2023-07-08,CUST0368,Mohit Saxena,Central,Indore,Clothing,Women's Kurti,1,1265.0,590.82,0.0,1265.0,0.0,1265.0,674.18,UPI,1
TXN003046,2024-09-12,CUST0345,Rekha Srivastava,West,Mumbai,Cosmetics,Sunscreen SPF50,3,445.76,264.76,0.2,1337.28,267.46,1069.82,275.54,Credit Card,0
TXN003047,2023-09-15,CUST0198,Amit Kumar,West,Surat,Furniture,Office Chair,2,9294.43,5834.62,0.15,18588.86,2788.33,15800.53,4131.29,Net Banking,0
TXN003048,2024-01-23,CUST0357,Deepak Tiwari,West,Pune,Sports,Badminton Racket,1,1510.87,912.9,0.1,1510.87,151.09,1359.78,446.88,UPI,1
TXN003049,2024-09-22,CUST0347,Nisha Trivedi,East,Patna,Sports,Dumbbells Set,3,3681.04,2239.11,0.15,11043.12,1656.47,9386.65,2669.32,Net Banking,0
TXN003050,2024-06-16,CUST0436,Asha Pandey,Central,Raipur,Furniture,Office Chair,1,8367.67,5730.29,0.0,8367.67,0.0,8367.67,2637.38,Net Banking,0
TXN003051,2024-11-02,CUST0300,Amit Kumar,North,Amritsar,Clothing,Formal Shirt,4,1909.06,887.46,0.05,7636.24,381.81,7254.43,3704.59,Credit Card,0
TXN003052,2023-07-28,CUST0047,Arun Patil,West,Nagpur,Clothing,Saree,2,5476.2,2507.66,0.0,10952.4,0.0,10952.4,5937.08,Credit Card,0
TXN003053,2023-01-29,CUST0078,Rohan Mehta,South,Bangalore,Sports,Dumbbells Set,1,3404.5,2210.55,0.0,3404.5,0.0,3404.5,1193.95,Cash,1
TXN003054,2023-09-06,CUST0091,Amit Kumar,West,Pune,Cosmetics,Face Wash 100ml,2,297.11,155.25,0.1,594.22,59.42,534.8,224.3,Credit Card,0
TXN003055,2023-07-07,CUST0460,Swati Kapoor,Central,Gwalior,Furniture,Sofa Set,2,34210.4,23780.66,0.0,68420.8,0.0,68420.8,20859.48,Credit Card,0
TXN003056,2024-04-12,CUST0354,Sneha Gupta,East,Guwahati,Sports,Cycle Helmet,4,1368.35,776.37,0.0,5473.4,0.0,5473.4,2367.92,Net Banking,0
TXN003057,2023-03-23,CUST0402,Swati Kapoor,West,Ahmedabad,Clothing,Women's Kurti,4,1337.24,591.26,0.0,5348.96,0.0,5348.96,2983.92,Net Banking,0
TXN003058,2024-05-07,CUST0059,Suresh Pillai,North,Lucknow,Groceries,Tea Powder 500g,1,215.02,154.4,0.0,215.02,0.0,215.02,60.62,Cash,0
TXN003059,2024-12-07,CUST0320,Kavita Joshi,North,Chandigarh,Furniture,Wooden Desk,2,11459.72,8374.8,0.0,22919.44,0.0,22919.44,6169.84,Net Banking,0
TXN003060,2024-07-12,CUST0105,Anita Verma,South,Hyderabad,Cosmetics,Sunscreen SPF50,2,465.83,263.75,0.2,931.66,186.33,745.33,217.83,Cash,0
TXN003061,2024-11-28,CUST0387,Divya Iyer,East,Ranchi,Cosmetics,Moisturiser 50g,3,514.95,273.93,0.15,1544.85,231.73,1313.12,491.33,Credit Card,0
TXN003062,2024-01-29,CUST0289,Divya Iyer,South,Bangalore,Clothing,Men's T-Shirt,2,785.45,341.57,0.05,1570.9,78.55,1492.35,809.21,Debit Card,0
TXN003063,2023-08-09,CUST0412,Meera Das,West,Surat,Cosmetics,Face Wash 100ml,3,302.03,160.05,0.0,906.09,0.0,906.09,425.94,UPI,0
TXN003064,2024-07-03,CUST0204,Swati Kapoor,South,Mysore,Electronics,Smartphone,3,21955.53,16829.75,0.1,65866.59,6586.66,59279.93,8790.68,Debit Card,0
TXN003065,2024-03-18,CUST0107,Harish Agarwal,North,Chandigarh,Clothing,Men's T-Shirt,1,816.98,356.45,0.0,816.98,0.0,816.98,460.53,Cash,0
TXN003066,2024-11-20,CUST0176,Rahul Sharma,South,Bangalore,Sports,Badminton Racket,1,1487.24,877.01,0.15,1487.24,223.09,1264.15,387.14,UPI,0
TXN003067,2023-11-24,CUST0255,Deepak Tiwari,East,Ranchi,Groceries,Cooking Oil 1L,1,184.21,126.59,0.2,184.21,36.84,147.37,20.78,Debit Card,0
TXN003068,2024-09-16,CUST0202,Sanjay Yadav,North,Amritsar,Cosmetics,Sunscreen SPF50,1,442.84,262.28,0.05,442.84,22.14,420.7,158.42,Debit Card,0
TXN003069,2023-12-14,CUST0329,Sunita Mishra,South,Hyderabad,Groceries,Tea Powder 500g,3,227.94,154.46,0.05,683.82,34.19,649.63,186.25,UPI,0
TXN003070,2023-05-21,CUST0185,Sneha Gupta,Central,Bhopal,Electronics,Router,2,2889.8,1869.93,0.0,5779.6,0.0,5779.6,2039.74,Cash,0
TXN003071,2023-03-06,CUST0187,Rahul Sharma,East,Kolkata,Furniture,Wooden Desk,3,11531.39,8560.15,0.0,34594.17,0.0,34594.17,8913.72,Credit Card,0
TXN003072,2024-02-15,CUST0411,Amit Kumar,North,Jaipur,Cosmetics,Sunscreen SPF50,1,483.65,275.76,0.05,483.65,24.18,459.47,183.71,Cash,0
TXN003073,2024-11-15,CUST0046,Anita Verma,Central,Raipur,Furniture,Dining Table,1,22238.28,14725.72,0.15,22238.28,3335.74,18902.54,4176.82,Debit Card,0
TXN003074,2024-04-03,CUST0278,Rekha Srivastava,Central,Bhopal,Groceries,Tea Powder 500g,3,208.88,156.72,0.0,626.64,0.0,626.64,156.48,Net Banking,0
TXN003075,2023-03-05,CUST0300,Swati Kapoor,North,Lucknow,Groceries,Tea Powder 500g,1,212.17,154.43,0.0,212.17,0.0,212.17,57.74,Debit Card,0
TXN003076,2024-08-01,CUST0217,Pooja Nair,North,Delhi,Furniture,Office Chair,3,8799.51,5900.97,0.05,26398.53,1319.93,25078.6,7375.69,Debit Card,0
TXN003077,2024-05-09,CUST0157,Suresh Pillai,West,Mumbai,Clothing,Women's Kurti,1,1283.07,617.47,0.0,1283.07,0.0,1283.07,665.6,Net Banking,0
TXN003078,2024-03-26,CUST0326,Ravi Chandra,South,Hyderabad,Clothing,Saree,1,4860.6,2517.59,0.0,4860.6,0.0,4860.6,2343.01,Credit Card,0
TXN003079,2024-06-20,CUST0449,Rohan Mehta,West,Pune,Groceries,Tea Powder 500g,1,213.95,151.94,0.1,213.95,21.39,192.56,40.62,Credit Card,0
TXN003080,2023-12-14,CUST0295,Deepak Tiwari,North,Chandigarh,Cosmetics,Lipstick,3,571.75,315.87,0.0,1715.25,0.0,1715.25,767.64,UPI,0
TXN003081,2023-07-20,CUST0120,Arjun Reddy,Central,Raipur,Furniture,Bookshelf,1,6835.4,4432.08,0.1,6835.4,683.54,6151.86,1719.78,UPI,0
TXN003082,2023-12-22,CUST0208,Anita Verma,South,Mysore,Electronics,Wireless Earbuds,2,3709.85,2188.95,0.05,7419.7,370.99,7048.71,2670.81,Credit Card,0
TXN003083,2023-12-08,CUST0100,Kavita Joshi,South,Chennai,Groceries,Basmati Rice 5kg,5,431.32,302.64,0.05,2156.6,107.83,2048.77,535.57,Debit Card,0
TXN003084,2023-04-30,CUST0176,Anita Verma,South,Bangalore,Groceries,Sugar 1kg,1,57.94,41.38,0.15,57.94,8.69,49.25,7.87,UPI,0
TXN003085,2023-06-25,CUST0187,Divya Iyer,Central,Gwalior,Furniture,Wooden Desk,2,12226.87,8389.49,0.0,24453.74,0.0,24453.74,7674.76,Cash,0
TXN003086,2024-10-30,CUST0136,Rajesh Malhotra,South,Hyderabad,Groceries,Cooking Oil 1L,2,173.27,126.92,0.0,346.54,0.0,346.54,92.7,Net Banking,0
TXN003087,2024-08-04,CUST0194,Kavita Joshi,East,Bhubaneswar,Electronics,Router,1,2735.45,1914.3,0.0,2735.45,0.0,2735.45,821.15,Net Banking,0
TXN003088,2024-01-11,CUST0089,Rajesh Malhotra,Central,Bhopal,Electronics,Smart TV,1,34683.83,26985.61,0.1,34683.83,3468.38,31215.45,4229.84,Debit Card,0
TXN003089,2023-10-23,CUST0317,Deepak Tiwari,Central,Gwalior,Furniture,Wooden Desk,2,11981.78,8577.43,0.1,23963.56,2396.36,21567.2,4412.34,UPI,0
TXN003090,2024-10-22,CUST0134,Divya Iyer,North,Lucknow,Clothing,Men's T-Shirt,5,766.38,346.14,0.0,3831.9,0.0,3831.9,2101.2,Cash,0
TXN003091,2023-08-14,CUST0088,Sanjay Yadav,West,Nagpur,Clothing,Saree,2,5467.3,2546.92,0.1,10934.6,1093.46,9841.14,4747.3,Debit Card,0
TXN003092,2023-03-20,CUST0381,Lakshmi Rao,Central,Bhopal,Clothing,Denim Jeans,1,2525.68,1185.59,0.0,2525.68,0.0,2525.68,1340.09,Net Banking,0
TXN003093,2024-01-29,CUST0218,Meera Das,East,Bhubaneswar,Cosmetics,Face Wash 100ml,3,325.35,161.27,0.0,976.05,0.0,976.05,492.24,Net Banking,0
TXN003094,2023-01-28,CUST0452,Geeta Bhatt,Central,Varanasi,Clothing,Saree,1,5083.39,2471.43,0.0,5083.39,0.0,5083.39,2611.96,Credit Card,0
TXN003095,2023-03-07,CUST0225,Amit Kumar,West,Nagpur,Cosmetics,Sunscreen SPF50,3,456.17,275.66,0.0,1368.51,0.0,1368.51,541.53,Debit Card,0
TXN003096,2023-04-15,CUST0023,Rahul Sharma,South,Hyderabad,Electronics,Smartphone,2,23299.59,16684.83,0.05,46599.18,2329.96,44269.22,10899.56,Debit Card,0
TXN003097,2023-07-11,CUST0328,Vijay Singh,West,Pune,Sports,Badminton Racket,1,1640.41,900.62,0.0,1640.41,0.0,1640.41,739.79,Cash,1
TXN003098,2023-03-03,CUST0019,Swati Kapoor,North,Lucknow,Cosmetics,Sunscreen SPF50,1,469.15,266.68,0.0,469.15,0.0,469.15,202.47,UPI,0
TXN003099,2024-01-25,CUST0139,Vijay Singh,West,Nagpur,Groceries,Cooking Oil 1L,1,172.82,126.76,0.2,172.82,34.56,138.26,11.5,Debit Card,0
TXN003100,2024-10-19,CUST0368,Divya Iyer,West,Pune,Clothing,Saree,3,5381.88,2562.6,0.0,16145.64,0.0,16145.64,8457.84,Net Banking,0
TXN003101,2024-06-15,CUST0459,Arun Patil,East,Ranchi,Cosmetics,Hair Serum 100ml,1,733.22,404.74,0.0,733.22,0.0,733.22,328.48,UPI,0
TXN003102,2024-09-15,CUST0338,Mohit Saxena,Central,Indore,Electronics,Tablet,4,17948.86,12982.73,0.05,71795.44,3589.77,68205.67,16274.75,Net Banking,0
TXN003103,2023-08-02,CUST0374,Rekha Srivastava,West,Mumbai,Furniture,Bookshelf,1,6534.75,4423.97,0.0,6534.75,0.0,6534.75,2110.78,Net Banking,0
TXN003104,2023-01-05,CUST0014,Swati Kapoor,South,Mysore,Electronics,Smartphone,1,22025.3,17314.66,0.15,22025.3,3303.79,18721.51,1406.85,Credit Card,0
TXN003105,2024-07-18,CUST0465,Nisha Trivedi,Central,Varanasi,Furniture,Wardrobe,3,17670.99,11861.22,0.05,53012.97,2650.65,50362.32,14778.66,UPI,0
TXN003106,2024-05-12,CUST0085,Rekha Srivastava,North,Chandigarh,Electronics,Laptop,2,43348.07,37523.4,0.05,86696.14,4334.81,82361.33,7314.53,Credit Card,0
TXN003107,2024-11-02,CUST0311,Harish Agarwal,North,Amritsar,Electronics,Smartphone,3,21868.2,17001.74,0.2,65604.6,13120.92,52483.68,1478.46,Credit Card,0
TXN003108,2024-01-18,CUST0484,Ravi Chandra,South,Hyderabad,Cosmetics,Moisturiser 50g,1,509.28,279.21,0.15,509.28,76.39,432.89,153.68,Debit Card,0
TXN003109,2024-04-02,CUST0410,Pallavi Shah,West,Ahmedabad,Groceries,Sugar 1kg,3,59.34,42.15,0.15,178.02,26.7,151.32,24.87,Debit Card,0
TXN003110,2023-06-08,CUST0407,Ravi Chandra,South,Chennai,Groceries,Tea Powder 500g,1,216.85,153.05,0.05,216.85,10.84,206.01,52.96,Cash,0
TXN003111,2024-05-18,CUST0434,Meera Das,South,Chennai,Furniture,Dining Table,2,22949.85,15056.35,0.2,45899.7,9179.94,36719.76,6607.06,Debit Card,0
TXN003112,2023-08-03,CUST0316,Priya Patel,West,Surat,Groceries,Tea Powder 500g,1,227.01,159.19,0.1,227.01,22.7,204.31,45.12,Credit Card,0
TXN003113,2023-08-18,CUST0043,Vijay Singh,East,Patna,Electronics,Smart TV,3,37237.94,26744.83,0.15,111713.82,16757.07,94956.75,14722.26,Debit Card,0
TXN003114,2024-07-31,CUST0346,Sunita Mishra,West,Ahmedabad,Clothing,Saree,2,5156.49,2435.38,0.0,10312.98,0.0,10312.98,5442.22,UPI,0
TXN003115,2023-09-11,CUST0262,Divya Iyer,Central,Raipur,Furniture,Office Chair,1,9028.49,5633.57,0.0,9028.49,0.0,9028.49,3394.92,Credit Card,0
TXN003116,2023-09-09,CUST0230,Vijay Singh,West,Mumbai,Electronics,Wireless Earbuds,3,3639.38,2203.38,0.0,10918.14,0.0,10918.14,4308.0,Net Banking,0
TXN003117,2024-01-27,CUST0247,Amit Kumar,Central,Indore,Cosmetics,Moisturiser 50g,1,481.72,287.63,0.0,481.72,0.0,481.72,194.09,UPI,0
TXN003118,2023-09-09,CUST0155,Kavita Joshi,South,Bangalore,Sports,Dumbbells Set,1,3477.24,2145.46,0.15,3477.24,521.59,2955.65,810.19,UPI,0
TXN003119,2024-03-16,CUST0375,Anita Verma,South,Bangalore,Cosmetics,Hair Serum 100ml,2,713.46,401.28,0.0,1426.92,0.0,1426.92,624.36,Cash,0
TXN003120,2023-09-04,CUST0214,Arjun Reddy,West,Surat,Furniture,Sofa Set,2,37361.39,23935.08,0.2,74722.78,14944.56,59778.22,11908.06,UPI,0
TXN003121,2024-01-01,CUST0357,Sanjay Yadav,East,Ranchi,Electronics,Smartphone,1,21265.73,16827.44,0.2,21265.73,4253.15,17012.58,185.14,Credit Card,0
TXN003122,2023-04-24,CUST0121,Mohit Saxena,North,Chandigarh,Furniture,Dining Table,5,21574.25,14833.62,0.0,107871.25,0.0,107871.25,33703.15,Cash,0
TXN003123,2023-05-19,CUST0267,Arjun Reddy,South,Chennai,Cosmetics,Face Wash 100ml,2,328.16,158.19,0.15,656.32,98.45,557.87,241.49,Debit Card,0
TXN003124,2023-01-30,CUST0008,Kiran Bose,South,Kochi,Groceries,Basmati Rice 5kg,2,456.67,315.59,0.05,913.34,45.67,867.67,236.49,UPI,0
TXN003125,2023-04-19,CUST0492,Pooja Nair,North,Lucknow,Groceries,Pulses 1kg,1,152.58,102.43,0.05,152.58,7.63,144.95,42.52,Net Banking,1
TXN003126,2023-09-19,CUST0224,Ravi Chandra,West,Nagpur,Furniture,Wooden Desk,2,11498.16,8542.4,0.0,22996.32,0.0,22996.32,5911.52,Debit Card,0
TXN003127,2023-06-22,CUST0394,Sneha Gupta,North,Chandigarh,Clothing,Saree,2,5129.41,2455.94,0.05,10258.82,512.94,9745.88,4834.0,Credit Card,0
TXN003128,2023-07-05,CUST0302,Pooja Nair,Central,Gwalior,Sports,Cricket Bat,1,3115.24,1842.16,0.15,3115.24,467.29,2647.95,805.79,Net Banking,0
TXN003129,2023-03-26,CUST0337,Pooja Nair,East,Ranchi,Sports,Cricket Bat,2,2973.34,1836.31,0.05,5946.68,297.33,5649.35,1976.73,Debit Card,0
TXN003130,2023-11-26,CUST0447,Vijay Singh,Central,Bhopal,Electronics,Tablet,1,17295.89,12898.91,0.0,17295.89,0.0,17295.89,4396.98,Net Banking,0
TXN003131,2024-07-05,CUST0024,Sneha Gupta,East,Guwahati,Electronics,Laptop,1,46044.46,38427.49,0.2,46044.46,9208.89,36835.57,-1591.92,Debit Card,0
TXN003132,2023-02-14,CUST0463,Priya Patel,Central,Indore,Furniture,Sofa Set,1,34002.08,24204.02,0.0,34002.08,0.0,34002.08,9798.06,Credit Card,0
TXN003133,2024-12-15,CUST0436,Meera Das,East,Kolkata,Furniture,Sofa Set,2,36585.04,23627.49,0.15,73170.08,10975.51,62194.57,14939.59,Cash,0
TXN003134,2023-04-19,CUST0351,Pallavi Shah,South,Hyderabad,Electronics,Router,2,2864.68,1913.46,0.2,5729.36,1145.87,4583.49,756.57,Cash,0
TXN003135,2023-10-02,CUST0104,Swati Kapoor,East,Bhubaneswar,Furniture,Bookshelf,2,6665.27,4613.83,0.2,13330.54,2666.11,10664.43,1436.77,Credit Card,0
TXN003136,2024-02-14,CUST0267,Nisha Trivedi,Central,Raipur,Electronics,Tablet,2,18936.15,12939.87,0.05,37872.3,1893.62,35978.68,10098.94,Net Banking,0
TXN003137,2024-01-03,CUST0457,Pooja Nair,North,Lucknow,Groceries,Sugar 1kg,1,55.73,42.15,0.1,55.73,5.57,50.16,8.01,Cash,0
TXN003138,2024-03-06,CUST0161,Sneha Gupta,South,Kochi,Groceries,Sugar 1kg,1,57.52,41.6,0.0,57.52,0.0,57.52,15.92,UPI,0
TXN003139,2023-03-15,CUST0192,Kiran Bose,Central,Raipur,Furniture,Wooden Desk,2,12068.61,8283.07,0.0,24137.22,0.0,24137.22,7571.08,Net Banking,0
TXN003140,2024-08-30,CUST0430,Arun Patil,South,Kochi,Sports,Running Shoes,2,5383.17,3275.26,0.1,10766.34,1076.63,9689.71,3139.19,UPI,0
TXN003141,2024-07-20,CUST0030,Divya Iyer,West,Nagpur,Sports,Cycle Helmet,1,1272.67,803.44,0.0,1272.67,0.0,1272.67,469.23,Credit Card,0
TXN003142,2023-02-22,CUST0375,Amit Kumar,South,Kochi,Sports,Yoga Mat,1,878.38,544.97,0.1,878.38,87.84,790.54,245.57,UPI,0
TXN003143,2023-08-29,CUST0105,Sneha Gupta,North,Chandigarh,Furniture,Bookshelf,1,6922.0,4394.86,0.05,6922.0,346.1,6575.9,2181.04,Net Banking,0
TXN003144,2024-05-29,CUST0178,Kavita Joshi,South,Kochi,Cosmetics,Sunscreen SPF50,4,428.65,270.39,0.15,1714.6,257.19,1457.41,375.85,UPI,0
TXN003145,2023-06-03,CUST0201,Sunita Mishra,North,Jaipur,Clothing,Denim Jeans,1,2650.28,1199.3,0.0,2650.28,0.0,2650.28,1450.98,Debit Card,0
TXN003146,2024-09-14,CUST0438,Pallavi Shah,North,Delhi,Groceries,Basmati Rice 5kg,2,484.07,313.9,0.0,968.14,0.0,968.14,340.34,Credit Card,0
TXN003147,2023-01-19,CUST0407,Arjun Reddy,South,Hyderabad,Sports,Yoga Mat,1,947.74,546.07,0.15,947.74,142.16,805.58,259.51,Credit Card,0
TXN003148,2023-08-23,CUST0495,Kavita Joshi,West,Mumbai,Electronics,Wireless Earbuds,1,3595.3,2233.37,0.0,3595.3,0.0,3595.3,1361.93,Net Banking,0
TXN003149,2024-03-15,CUST0471,Harish Agarwal,Central,Raipur,Sports,Cycle Helmet,5,1362.91,802.98,0.0,6814.55,0.0,6814.55,2799.65,Cash,0
TXN003150,2023-04-07,CUST0481,Rohan Mehta,South,Mysore,Electronics,Smart TV,2,35793.24,27166.69,0.2,71586.48,14317.3,57269.18,2935.8,UPI,0
TXN003151,2024-02-07,CUST0298,Deepak Tiwari,Central,Raipur,Furniture,Wooden Desk,1,11685.06,8730.35,0.0,11685.06,0.0,11685.06,2954.71,Debit Card,0
TXN003152,2023-07-17,CUST0016,Mohit Saxena,West,Nagpur,Electronics,Router,1,2732.67,1918.7,0.0,2732.67,0.0,2732.67,813.97,Credit Card,0
TXN003153,2023-08-12,CUST0488,Nikhil Dubey,South,Bangalore,Cosmetics,Moisturiser 50g,2,499.72,285.8,0.05,999.44,49.97,949.47,377.87,Debit Card,0
TXN003154,2023-04-11,CUST0285,Priya Patel,East,Kolkata,Cosmetics,Moisturiser 50g,3,478.13,278.37,0.05,1434.39,71.72,1362.67,527.56,UPI,0
TXN003155,2023-05-09,CUST0183,Anita Verma,West,Ahmedabad,Clothing,Denim Jeans,3,2672.24,1207.46,0.1,8016.72,801.67,7215.05,3592.67,Net Banking,1
TXN003156,2023-09-01,CUST0227,Lakshmi Rao,South,Bangalore,Cosmetics,Face Wash 100ml,1,298.76,157.85,0.05,298.76,14.94,283.82,125.97,UPI,0
TXN003157,2023-04-02,CUST0361,Geeta Bhatt,North,Jaipur,Groceries,Sugar 1kg,1,56.44,43.25,0.0,56.44,0.0,56.44,13.19,UPI,0
TXN003158,2024-08-04,CUST0157,Asha Pandey,East,Ranchi,Cosmetics,Face Wash 100ml,2,323.94,164.39,0.1,647.88,64.79,583.09,254.31,Debit Card,0
TXN003159,2023-10-31,CUST0471,Asha Pandey,East,Patna,Furniture,Sofa Set,4,37783.07,23390.63,0.0,151132.28,0.0,151132.28,57569.76,Net Banking,0
TXN003160,2023-12-18,CUST0178,Pallavi Shah,North,Delhi,Cosmetics,Hair Serum 100ml,1,753.26,404.74,0.1,753.26,75.33,677.93,273.19,UPI,0
TXN003161,2024-06-11,CUST0388,Rohan Mehta,South,Mysore,Cosmetics,Sunscreen SPF50,3,452.11,277.06,0.1,1356.33,135.63,1220.7,389.52,UPI,0
TXN003162,2023-04-30,CUST0288,Arun Patil,East,Kolkata,Clothing,Saree,2,5093.74,2487.26,0.0,10187.48,0.0,10187.48,5212.96,Debit Card,0
TXN003163,2024-02-24,CUST0463,Kavita Joshi,Central,Varanasi,Sports,Cricket Bat,2,2849.37,1761.1,0.2,5698.74,1139.75,4558.99,1036.79,Credit Card,0
TXN003164,2024-07-16,CUST0220,Kavita Joshi,North,Chandigarh,Electronics,Wireless Earbuds,1,3649.35,2186.27,0.05,3649.35,182.47,3466.88,1280.61,UPI,0
TXN003165,2023-01-18,CUST0236,Harish Agarwal,West,Pune,Groceries,Whole Wheat Flour 5kg,1,251.58,189.09,0.0,251.58,0.0,251.58,62.49,Cash,0
TXN003166,2024-12-14,CUST0209,Lakshmi Rao,West,Ahmedabad,Furniture,Bookshelf,2,6993.02,4593.56,0.1,13986.04,1398.6,12587.44,3400.32,UPI,0
TXN003167,2023-09-24,CUST0175,Sanjay Yadav,West,Pune,Sports,Yoga Mat,2,934.55,552.98,0.15,1869.1,280.36,1588.74,482.78,UPI,0
TXN003168,2024-10-31,CUST0030,Swati Kapoor,South,Bangalore,Groceries,Pulses 1kg,3,153.33,99.57,0.0,459.99,0.0,459.99,161.28,Credit Card,0
TXN003169,2023-04-07,CUST0352,Priya Patel,Central,Indore,Furniture,Sofa Set,2,35850.52,24012.08,0.0,71701.04,0.0,71701.04,23676.88,Net Banking,0
TXN003170,2023-02-22,CUST0394,Pallavi Shah,North,Lucknow,Furniture,Office Chair,1,9135.78,5837.72,0.05,9135.78,456.79,8678.99,2841.27,Cash,0
TXN003171,2023-03-14,CUST0364,Kavita Joshi,North,Delhi,Furniture,Wooden Desk,1,11863.74,8469.92,0.2,11863.74,2372.75,9490.99,1021.07,Debit Card,0
TXN003172,2023-10-17,CUST0142,Sneha Gupta,West,Nagpur,Clothing,Formal Shirt,2,1880.74,874.75,0.1,3761.48,376.15,3385.33,1635.83,Credit Card,0
TXN003173,2024-06-27,CUST0065,Nisha Trivedi,Central,Varanasi,Furniture,Office Chair,1,8331.44,5630.62,0.0,8331.44,0.0,8331.44,2700.82,Net Banking,0
TXN003174,2024-11-01,CUST0336,Priya Patel,South,Hyderabad,Cosmetics,Face Wash 100ml,3,288.69,164.48,0.1,866.07,86.61,779.46,286.02,Credit Card,0
TXN003175,2024-09-07,CUST0319,Sunita Mishra,North,Amritsar,Groceries,Cooking Oil 1L,1,193.29,128.55,0.05,193.29,9.66,183.63,55.08,Net Banking,0
TXN003176,2024-11-30,CUST0200,Swati Kapoor,South,Chennai,Sports,Badminton Racket,1,1583.63,909.69,0.05,1583.63,79.18,1504.45,594.76,UPI,0
TXN003177,2024-10-09,CUST0159,Rahul Sharma,South,Mysore,Sports,Dumbbells Set,5,3793.39,2237.11,0.2,18966.95,3793.39,15173.56,3988.01,Credit Card,0
TXN003178,2024-04-26,CUST0271,Sneha Gupta,Central,Varanasi,Groceries,Whole Wheat Flour 5kg,1,262.59,191.74,0.0,262.59,0.0,262.59,70.85,Net Banking,0
TXN003179,2023-09-02,CUST0196,Kavita Joshi,Central,Indore,Cosmetics,Hair Serum 100ml,3,738.04,392.33,0.2,2214.12,442.82,1771.3,594.31,Net Banking,0
TXN003180,2023-01-05,CUST0423,Swati Kapoor,East,Patna,Sports,Cricket Bat,1,3096.89,1758.66,0.0,3096.89,0.0,3096.89,1338.23,Cash,0
TXN003181,2024-04-26,CUST0401,Swati Kapoor,North,Lucknow,Furniture,Sofa Set,1,33625.25,23476.7,0.15,33625.25,5043.79,28581.46,5104.76,Net Banking,0
TXN003182,2023-05-19,CUST0412,Suresh Pillai,South,Bangalore,Clothing,Formal Shirt,3,1970.84,926.51,0.0,5912.52,0.0,5912.52,3132.99,Debit Card,0
TXN003183,2024-05-30,CUST0305,Swati Kapoor,South,Chennai,Cosmetics,Face Wash 100ml,2,303.69,160.29,0.0,607.38,0.0,607.38,286.8,Credit Card,0
TXN003184,2024-09-03,CUST0473,Kiran Bose,South,Kochi,Groceries,Whole Wheat Flour 5kg,2,265.65,189.6,0.0,531.3,0.0,531.3,152.1,Debit Card,0
TXN003185,2024-02-29,CUST0228,Pallavi Shah,East,Patna,Electronics,Router,1,2850.1,1930.27,0.0,2850.1,0.0,2850.1,919.83,Debit Card,1
TXN003186,2023-11-01,CUST0486,Sunita Mishra,Central,Gwalior,Clothing,Denim Jeans,1,2426.34,1194.19,0.2,2426.34,485.27,1941.07,746.88,Net Banking,1
TXN003187,2024-12-25,CUST0119,Asha Pandey,Central,Raipur,Electronics,Laptop,3,45671.27,38896.39,0.2,137013.81,27402.76,109611.05,-7078.12,Debit Card,0
TXN003188,2024-04-15,CUST0444,Swati Kapoor,West,Surat,Electronics,Router,1,2814.67,1918.36,0.2,2814.67,562.93,2251.74,333.38,Net Banking,0
TXN003189,2024-09-15,CUST0164,Deepak Tiwari,Central,Indore,Electronics,Wireless Earbuds,2,3693.84,2157.43,0.05,7387.68,369.38,7018.3,2703.44,UPI,0
TXN003190,2024-10-02,CUST0296,Vijay Singh,East,Guwahati,Clothing,Saree,4,4929.8,2455.99,0.1,19719.2,1971.92,17747.28,7923.32,Credit Card,0
TXN003191,2024-01-04,CUST0272,Harish Agarwal,East,Guwahati,Electronics,Tablet,2,19459.23,13173.52,0.2,38918.46,7783.69,31134.77,4787.73,Credit Card,0
TXN003192,2024-07-02,CUST0046,Kiran Bose,South,Chennai,Groceries,Tea Powder 500g,3,222.78,158.79,0.05,668.34,33.42,634.92,158.55,Cash,0
TXN003193,2024-11-18,CUST0413,Anita Verma,South,Mysore,Cosmetics,Foundation,1,953.28,519.42,0.15,953.28,142.99,810.29,290.87,Credit Card,0
TXN003194,2023-01-26,CUST0446,Nikhil Dubey,Central,Raipur,Cosmetics,Lipstick,1,611.24,314.79,0.2,611.24,122.25,488.99,174.2,Credit Card,0
TXN003195,2023-04-09,CUST0494,Anita Verma,South,Bangalore,Sports,Yoga Mat,3,891.88,558.97,0.15,2675.64,401.35,2274.29,597.38,Credit Card,0
TXN003196,2024-12-14,CUST0049,Nisha Trivedi,West,Pune,Groceries,Cooking Oil 1L,4,189.5,128.06,0.15,758.0,113.7,644.3,132.06,Net Banking,0
TXN003197,2023-12-16,CUST0134,Arun Patil,North,Amritsar,Sports,Yoga Mat,1,973.77,563.74,0.0,973.77,0.0,973.77,410.03,Cash,0
TXN003198,2023-08-26,CUST0168,Rekha Srivastava,South,Bangalore,Clothing,Women's Kurti,3,1332.47,597.52,0.0,3997.41,0.0,3997.41,2204.85,Debit Card,0
TXN003199,2023-01-10,CUST0224,Harish Agarwal,West,Nagpur,Sports,Running Shoes,1,5370.16,3200.72,0.15,5370.16,805.52,4564.64,1363.92,Credit Card,0
TXN003200,2023-06-01,CUST0161,Kiran Bose,East,Kolkata,Sports,Running Shoes,2,4878.49,3207.66,0.1,9756.98,975.7,8781.28,2365.96,Debit Card,1
TXN003201,2023-08-04,CUST0088,Swati Kapoor,West,Mumbai,Cosmetics,Sunscreen SPF50,1,463.83,265.32,0.1,463.83,46.38,417.45,152.13,Debit Card,0
TXN003202,2023-07-01,CUST0104,Kavita Joshi,East,Guwahati,Furniture,Wardrobe,1,17676.36,11790.72,0.05,17676.36,883.82,16792.54,5001.82,Cash,0
TXN003203,2023-10-28,CUST0359,Rajesh Malhotra,North,Jaipur,Clothing,Saree,1,5134.59,2427.14,0.0,5134.59,0.0,5134.59,2707.45,UPI,0
TXN003204,2023-02-20,CUST0123,Sanjay Yadav,East,Guwahati,Groceries,Pulses 1kg,2,134.7,97.54,0.2,269.4,53.88,215.52,20.44,Credit Card,0
TXN003205,2024-11-27,CUST0498,Vijay Singh,North,Delhi,Cosmetics,Sunscreen SPF50,3,479.38,268.89,0.2,1438.14,287.63,1150.51,343.84,Net Banking,0
TXN003206,2023-11-22,CUST0488,Kiran Bose,East,Kolkata,Sports,Cycle Helmet,3,1298.6,805.54,0.2,3895.8,779.16,3116.64,700.02,Credit Card,0
TXN003207,2024-08-11,CUST0383,Priya Patel,North,Delhi,Sports,Dumbbells Set,1,3524.88,2263.68,0.05,3524.88,176.24,3348.64,1084.96,Cash,0
TXN003208,2024-02-03,CUST0338,Arjun Reddy,East,Guwahati,Sports,Cricket Bat,1,3135.67,1793.76,0.1,3135.67,313.57,2822.1,1028.34,Credit Card,0
TXN003209,2024-10-11,CUST0148,Arjun Reddy,West,Pune,Groceries,Whole Wheat Flour 5kg,3,252.08,189.9,0.1,756.24,75.62,680.62,110.92,UPI,0
TXN003210,2023-08-15,CUST0141,Vijay Singh,South,Bangalore,Furniture,Bookshelf,2,6229.58,4412.98,0.15,12459.16,1868.87,10590.29,1764.33,Credit Card,0
TXN003211,2024-08-08,CUST0088,Sunita Mishra,East,Patna,Electronics,Smart TV,2,38106.27,27302.97,0.2,76212.54,15242.51,60970.03,6364.09,Net Banking,0
TXN003212,2023-06-22,CUST0049,Sanjay Yadav,North,Lucknow,Cosmetics,Sunscreen SPF50,2,429.55,268.8,0.05,859.1,42.96,816.14,278.54,Net Banking,0
TXN003213,2023-08-16,CUST0088,Ravi Chandra,North,Jaipur,Electronics,Tablet,1,18063.45,13183.72,0.0,18063.45,0.0,18063.45,4879.73,Net Banking,0
TXN003214,2023-10-27,CUST0462,Asha Pandey,Central,Indore,Clothing,Men's T-Shirt,3,857.41,343.28,0.15,2572.23,385.83,2186.4,1156.56,Cash,0
TXN003215,2024-10-31,CUST0498,Mohit Saxena,Central,Gwalior,Cosmetics,Lipstick,4,647.48,310.88,0.0,2589.92,0.0,2589.92,1346.4,Credit Card,0
TXN003216,2024-03-16,CUST0143,Pallavi Shah,North,Lucknow,Electronics,Smart TV,3,37117.52,27788.7,0.0,111352.56,0.0,111352.56,27986.46,Net Banking,0
TXN003217,2024-09-07,CUST0417,Vijay Singh,North,Chandigarh,Cosmetics,Moisturiser 50g,1,486.65,275.81,0.05,486.65,24.33,462.32,186.51,Credit Card,0
TXN003218,2024-06-01,CUST0108,Sunita Mishra,East,Kolkata,Cosmetics,Moisturiser 50g,3,510.12,278.2,0.0,1530.36,0.0,1530.36,695.76,Net Banking,0
TXN003219,2023-06-08,CUST0421,Sneha Gupta,Central,Raipur,Cosmetics,Hair Serum 100ml,3,666.81,397.86,0.0,2000.43,0.0,2000.43,806.85,Debit Card,0
TXN003220,2024-11-02,CUST0499,Priya Patel,South,Mysore,Cosmetics,Face Wash 100ml,2,307.16,163.0,0.0,614.32,0.0,614.32,288.32,Debit Card,1
TXN003221,2024-06-07,CUST0088,Sneha Gupta,North,Lucknow,Sports,Cricket Bat,2,2905.4,1768.83,0.05,5810.8,290.54,5520.26,1982.6,Cash,0
TXN003222,2024-05-09,CUST0242,Sneha Gupta,East,Guwahati,Sports,Cycle Helmet,1,1279.16,781.15,0.0,1279.16,0.0,1279.16,498.01,UPI,1
TXN003223,2023-01-11,CUST0169,Rekha Srivastava,East,Patna,Furniture,Dining Table,1,21814.24,15403.27,0.05,21814.24,1090.71,20723.53,5320.26,UPI,0
TXN003224,2024-05-05,CUST0113,Kiran Bose,East,Ranchi,Furniture,Sofa Set,1,35229.44,23287.07,0.0,35229.44,0.0,35229.44,11942.37,UPI,0
TXN003225,2023-10-27,CUST0108,Deepak Tiwari,West,Ahmedabad,Electronics,Smartphone,4,20905.19,16935.08,0.1,83620.76,8362.08,75258.68,7518.36,Credit Card,0
TXN003226,2023-05-16,CUST0060,Kiran Bose,Central,Raipur,Electronics,Tablet,2,17683.05,12802.71,0.0,35366.1,0.0,35366.1,9760.68,Cash,0
TXN003227,2024-09-14,CUST0479,Priya Patel,East,Guwahati,Furniture,Bookshelf,3,6583.27,4443.21,0.1,19749.81,1974.98,17774.83,4445.2,Credit Card,0
TXN003228,2023-04-12,CUST0332,Asha Pandey,West,Surat,Sports,Cricket Bat,4,3055.95,1762.14,0.2,12223.8,2444.76,9779.04,2730.48,Cash,0
TXN003229,2023-09-07,CUST0184,Kavita Joshi,East,Bhubaneswar,Sports,Badminton Racket,2,1426.62,924.64,0.2,2853.24,570.65,2282.59,433.31,Net Banking,0
TXN003230,2024-12-15,CUST0308,Geeta Bhatt,West,Mumbai,Sports,Cycle Helmet,5,1338.74,792.59,0.0,6693.7,0.0,6693.7,2730.75,Net Banking,0
TXN003231,2023-08-31,CUST0140,Pallavi Shah,North,Delhi,Electronics,Tablet,1,19356.57,12847.57,0.0,19356.57,0.0,19356.57,6509.0,UPI,0
TXN003232,2024-10-31,CUST0235,Asha Pandey,West,Mumbai,Groceries,Pulses 1kg,1,153.01,97.24,0.05,153.01,7.65,145.36,48.12,Cash,0
TXN003233,2024-01-09,CUST0340,Rohan Mehta,West,Ahmedabad,Sports,Running Shoes,2,5037.7,3253.72,0.0,10075.4,0.0,10075.4,3567.96,Debit Card,0
TXN003234,2024-04-26,CUST0382,Rahul Sharma,West,Nagpur,Cosmetics,Hair Serum 100ml,2,674.18,389.23,0.2,1348.36,269.67,1078.69,300.23,Debit Card,0
TXN003235,2024-12-23,CUST0413,Sneha Gupta,East,Guwahati,Sports,Cycle Helmet,2,1326.37,810.24,0.0,2652.74,0.0,2652.74,1032.26,Net Banking,0
TXN003236,2024-06-02,CUST0052,Kiran Bose,West,Mumbai,Cosmetics,Sunscreen SPF50,2,456.14,276.86,0.1,912.28,91.23,821.05,267.33,Debit Card,0
TXN003237,2023-07-05,CUST0215,Suresh Pillai,South,Hyderabad,Electronics,Laptop,3,44989.74,39132.54,0.15,134969.22,20245.38,114723.84,-2673.78,Cash,1
TXN003238,2024-01-30,CUST0301,Mohit Saxena,West,Pune,Sports,Cricket Bat,1,3097.92,1761.51,0.2,3097.92,619.58,2478.34,716.83,Cash,0
TXN003239,2024-05-17,CUST0320,Rajesh Malhotra,Central,Gwalior,Sports,Dumbbells Set,3,3627.13,2222.94,0.0,10881.39,0.0,10881.39,4212.57,UPI,0
TXN003240,2024-06-26,CUST0362,Geeta Bhatt,East,Ranchi,Groceries,Whole Wheat Flour 5kg,1,244.75,192.43,0.0,244.75,0.0,244.75,52.32,Debit Card,0
TXN003241,2024-03-02,CUST0319,Mohit Saxena,Central,Raipur,Groceries,Pulses 1kg,1,143.35,97.74,0.2,143.35,28.67,114.68,16.94,Debit Card,0
TXN003242,2024-12-28,CUST0140,Priya Patel,North,Lucknow,Cosmetics,Lipstick,4,569.25,301.8,0.15,2277.0,341.55,1935.45,728.25,UPI,0
TXN003243,2023-02-16,CUST0082,Ravi Chandra,North,Delhi,Cosmetics,Foundation,1,914.0,535.35,0.05,914.0,45.7,868.3,332.95,UPI,0
TXN003244,2023-06-15,CUST0474,Rohan Mehta,Central,Gwalior,Cosmetics,Lipstick,3,636.36,306.38,0.05,1909.08,95.45,1813.63,894.49,Debit Card,0
TXN003245,2024-08-25,CUST0416,Meera Das,Central,Gwalior,Clothing,Denim Jeans,3,2718.8,1198.59,0.0,8156.4,0.0,8156.4,4560.63,UPI,0
TXN003246,2023-11-26,CUST0496,Pallavi Shah,West,Ahmedabad,Sports,Running Shoes,5,5376.16,3238.83,0.15,26880.8,4032.12,22848.68,6654.53,Credit Card,1
TXN003247,2024-05-10,CUST0221,Nikhil Dubey,North,Lucknow,Clothing,Formal Shirt,2,1883.79,904.86,0.2,3767.58,753.52,3014.06,1204.34,UPI,0
TXN003248,2024-07-25,CUST0011,Sanjay Yadav,West,Mumbai,Cosmetics,Face Wash 100ml,1,305.37,164.11,0.15,305.37,45.81,259.56,95.45,Cash,1
TXN003249,2023-06-11,CUST0181,Vijay Singh,North,Delhi,Groceries,Basmati Rice 5kg,2,473.54,316.45,0.05,947.08,47.35,899.73,266.83,UPI,0
TXN003250,2023-01-01,CUST0221,Rohan Mehta,South,Kochi,Sports,Cycle Helmet,1,1377.26,798.5,0.05,1377.26,68.86,1308.4,509.9,Debit Card,0
TXN003251,2023-10-30,CUST0052,Lakshmi Rao,West,Pune,Sports,Cycle Helmet,2,1291.36,800.56,0.15,2582.72,387.41,2195.31,594.19,UPI,0
TXN003252,2023-05-19,CUST0203,Harish Agarwal,South,Kochi,Electronics,Smartphone,2,23336.2,16808.25,0.0,46672.4,0.0,46672.4,13055.9,Credit Card,0
TXN003253,2023-11-23,CUST0081,Harish Agarwal,West,Ahmedabad,Furniture,Wooden Desk,2,11908.97,8656.52,0.1,23817.94,2381.79,21436.15,4123.11,Cash,0
TXN003254,2024-03-22,CUST0417,Anita Verma,West,Mumbai,Groceries,Tea Powder 500g,2,224.56,153.61,0.15,449.12,67.37,381.75,74.53,UPI,0
TXN003255,2023-09-01,CUST0365,Meera Das,Central,Varanasi,Clothing,Men's T-Shirt,2,851.43,340.66,0.2,1702.86,340.57,1362.29,680.97,UPI,0
TXN003256,2024-02-20,CUST0322,Harish Agarwal,East,Kolkata,Groceries,Cooking Oil 1L,1,190.87,127.49,0.0,190.87,0.0,190.87,63.38,Cash,0
TXN003257,2024-02-26,CUST0239,Asha Pandey,East,Bhubaneswar,Groceries,Cooking Oil 1L,1,184.52,129.49,0.0,184.52,0.0,184.52,55.03,Cash,0
TXN003258,2023-03-11,CUST0398,Geeta Bhatt,Central,Bhopal,Groceries,Sugar 1kg,1,54.1,41.03,0.05,54.1,2.71,51.39,10.36,UPI,0
TXN003259,2024-10-31,CUST0179,Rekha Srivastava,East,Patna,Groceries,Whole Wheat Flour 5kg,3,241.97,189.32,0.15,725.91,108.89,617.02,49.06,Debit Card,1
TXN003260,2023-01-09,CUST0137,Pooja Nair,South,Mysore,Groceries,Basmati Rice 5kg,1,465.44,310.59,0.2,465.44,93.09,372.35,61.76,Cash,0
TXN003261,2023-07-15,CUST0306,Vijay Singh,Central,Gwalior,Cosmetics,Hair Serum 100ml,1,761.85,395.63,0.05,761.85,38.09,723.76,328.13,UPI,0
TXN003262,2024-03-17,CUST0410,Arun Patil,West,Pune,Groceries,Tea Powder 500g,1,210.39,153.76,0.05,210.39,10.52,199.87,46.11,Net Banking,0
TXN003263,2024-04-02,CUST0089,Suresh Pillai,East,Kolkata,Sports,Yoga Mat,1,933.34,540.69,0.2,933.34,186.67,746.67,205.98,Credit Card,0
TXN003264,2023-09-15,CUST0217,Nikhil Dubey,East,Ranchi,Cosmetics,Face Wash 100ml,2,314.06,161.19,0.05,628.12,31.41,596.71,274.33,Credit Card,0
TXN003265,2023-10-03,CUST0395,Arjun Reddy,North,Jaipur,Groceries,Tea Powder 500g,2,229.06,157.83,0.05,458.12,22.91,435.21,119.55,Credit Card,0
TXN003266,2023-05-25,CUST0055,Sanjay Yadav,East,Guwahati,Electronics,Router,2,2944.13,1853.8,0.0,5888.26,0.0,5888.26,2180.66,Net Banking,0
TXN003267,2023-06-21,CUST0129,Kavita Joshi,West,Mumbai,Sports,Badminton Racket,1,1612.94,905.46,0.15,1612.94,241.94,1371.0,465.54,UPI,0
TXN003268,2023-11-06,CUST0128,Rahul Sharma,North,Chandigarh,Furniture,Dining Table,2,21262.89,15228.67,0.1,42525.78,4252.58,38273.2,7815.86,Cash,0
TXN003269,2023-01-19,CUST0138,Rahul Sharma,Central,Gwalior,Sports,Cricket Bat,1,3294.06,1750.51,0.0,3294.06,0.0,3294.06,1543.55,Credit Card,0
TXN003270,2024-12-30,CUST0174,Kiran Bose,East,Kolkata,Sports,Cycle Helmet,5,1255.93,810.64,0.0,6279.65,0.0,6279.65,2226.45,Credit Card,0
TXN003271,2024-10-18,CUST0211,Nikhil Dubey,West,Nagpur,Sports,Cricket Bat,1,3198.99,1853.96,0.0,3198.99,0.0,3198.99,1345.03,UPI,0
TXN003272,2024-03-04,CUST0217,Arun Patil,South,Bangalore,Clothing,Denim Jeans,1,2713.56,1233.32,0.2,2713.56,542.71,2170.85,937.53,Debit Card,0
TXN003273,2023-04-28,CUST0261,Mohit Saxena,East,Ranchi,Sports,Yoga Mat,1,915.68,560.19,0.1,915.68,91.57,824.11,263.92,Net Banking,0
TXN003274,2023-09-27,CUST0001,Kavita Joshi,East,Ranchi,Electronics,Smartphone,2,22183.02,17369.22,0.0,44366.04,0.0,44366.04,9627.6,Credit Card,0
TXN003275,2023-09-23,CUST0252,Swati Kapoor,East,Guwahati,Cosmetics,Lipstick,1,579.83,308.5,0.0,579.83,0.0,579.83,271.33,Net Banking,0
TXN003276,2023-08-05,CUST0346,Arun Patil,Central,Gwalior,Groceries,Basmati Rice 5kg,1,447.97,317.94,0.1,447.97,44.8,403.17,85.23,UPI,0
TXN003277,2023-04-13,CUST0407,Rajesh Malhotra,East,Kolkata,Sports,Running Shoes,3,5447.96,3272.48,0.0,16343.88,0.0,16343.88,6526.44,Credit Card,0
TXN003278,2023-08-20,CUST0470,Anita Verma,South,Hyderabad,Cosmetics,Hair Serum 100ml,2,760.25,397.25,0.0,1520.5,0.0,1520.5,726.0,UPI,0
TXN003279,2023-08-11,CUST0166,Swati Kapoor,Central,Raipur,Groceries,Sugar 1kg,2,53.23,42.62,0.15,106.46,15.97,90.49,5.25,Net Banking,0
TXN003280,2023-09-09,CUST0431,Vijay Singh,North,Amritsar,Clothing,Denim Jeans,3,2475.75,1222.72,0.0,7427.25,0.0,7427.25,3759.09,UPI,0
TXN003281,2023-12-28,CUST0190,Rekha Srivastava,Central,Bhopal,Sports,Yoga Mat,5,904.33,553.74,0.0,4521.65,0.0,4521.65,1752.95,Net Banking,0
TXN003282,2023-05-26,CUST0090,Lakshmi Rao,West,Pune,Clothing,Women's Kurti,2,1314.78,590.49,0.2,2629.56,525.91,2103.65,922.67,Debit Card,0
TXN003283,2023-09-18,CUST0428,Asha Pandey,South,Mysore,Cosmetics,Hair Serum 100ml,1,765.26,403.23,0.05,765.26,38.26,727.0,323.77,Cash,0
TXN003284,2023-05-18,CUST0067,Ravi Chandra,North,Delhi,Furniture,Sofa Set,1,33673.49,24681.35,0.05,33673.49,1683.67,31989.82,7308.47,Debit Card,0
TXN003285,2023-01-19,CUST0329,Pooja Nair,West,Nagpur,Groceries,Whole Wheat Flour 5kg,1,262.51,187.46,0.2,262.51,52.5,210.01,22.55,Credit Card,0
TXN003286,2023-02-01,CUST0340,Pallavi Shah,South,Chennai,Cosmetics,Sunscreen SPF50,2,435.85,270.46,0.2,871.7,174.34,697.36,156.44,UPI,1
TXN003287,2024-08-09,CUST0027,Nikhil Dubey,West,Surat,Cosmetics,Foundation,2,919.06,524.2,0.2,1838.12,367.62,1470.5,422.1,Cash,0
TXN003288,2023-03-04,CUST0089,Kiran Bose,Central,Indore,Sports,Dumbbells Set,1,3453.64,2195.81,0.1,3453.64,345.36,3108.28,912.47,Cash,0
TXN003289,2024-10-19,CUST0069,Arjun Reddy,West,Surat,Sports,Dumbbells Set,2,3813.84,2257.08,0.0,7627.68,0.0,7627.68,3113.52,Credit Card,0
TXN003290,2024-09-22,CUST0234,Sanjay Yadav,East,Bhubaneswar,Groceries,Sugar 1kg,1,56.18,42.68,0.05,56.18,2.81,53.37,10.69,Debit Card,0
TXN003291,2023-12-14,CUST0018,Kavita Joshi,North,Amritsar,Sports,Dumbbells Set,2,3809.84,2203.48,0.05,7619.68,380.98,7238.7,2831.74,UPI,0
TXN003292,2023-08-24,CUST0416,Geeta Bhatt,West,Nagpur,Furniture,Dining Table,2,23646.21,15335.86,0.0,47292.42,0.0,47292.42,16620.7,Cash,0
TXN003293,2024-11-14,CUST0029,Rajesh Malhotra,East,Ranchi,Sports,Yoga Mat,1,934.16,548.25,0.05,934.16,46.71,887.45,339.2,UPI,0
TXN003294,2023-09-08,CUST0499,Nisha Trivedi,South,Mysore,Groceries,Cooking Oil 1L,3,174.53,131.08,0.0,523.59,0.0,523.59,130.35,Debit Card,0
TXN003295,2023-03-25,CUST0267,Arun Patil,West,Nagpur,Groceries,Sugar 1kg,2,55.98,42.41,0.0,111.96,0.0,111.96,27.14,Net Banking,0
TXN003296,2024-03-20,CUST0327,Arjun Reddy,West,Mumbai,Clothing,Formal Shirt,1,1796.9,911.81,0.2,1796.9,359.38,1437.52,525.71,Net Banking,0
TXN003297,2023-03-08,CUST0317,Sanjay Yadav,Central,Raipur,Cosmetics,Foundation,2,898.85,524.07,0.0,1797.7,0.0,1797.7,749.56,UPI,0
TXN003298,2024-05-14,CUST0453,Mohit Saxena,South,Kochi,Cosmetics,Moisturiser 50g,5,511.86,284.74,0.05,2559.3,127.97,2431.33,1007.63,Debit Card,0
TXN003299,2024-07-30,CUST0070,Rahul Sharma,West,Surat,Sports,Cricket Bat,1,3133.2,1833.49,0.2,3133.2,626.64,2506.56,673.07,Cash,0
TXN003300,2024-10-22,CUST0214,Sunita Mishra,North,Delhi,Cosmetics,Lipstick,1,585.03,315.9,0.15,585.03,87.75,497.28,181.38,Cash,0
TXN003301,2023-11-24,CUST0359,Kiran Bose,West,Ahmedabad,Sports,Dumbbells Set,4,3726.72,2234.47,0.1,14906.88,1490.69,13416.19,4478.31,UPI,0
TXN003302,2024-12-15,CUST0264,Nikhil Dubey,North,Amritsar,Electronics,Laptop,5,47563.92,38299.05,0.0,237819.6,0.0,237819.6,46324.35,UPI,0
TXN003303,2023-10-07,CUST0179,Nikhil Dubey,South,Kochi,Cosmetics,Sunscreen SPF50,1,474.23,277.43,0.05,474.23,23.71,450.52,173.09,Credit Card,0
TXN003304,2024-06-12,CUST0170,Amit Kumar,North,Lucknow,Electronics,Smart TV,4,33902.56,26942.89,0.15,135610.24,20341.54,115268.7,7497.14,Credit Card,0
TXN003305,2023-09-20,CUST0129,Rajesh Malhotra,South,Hyderabad,Clothing,Winter Jacket,1,4206.86,2199.7,0.0,4206.86,0.0,4206.86,2007.16,Credit Card,0
TXN003306,2023-12-09,CUST0332,Ravi Chandra,West,Ahmedabad,Electronics,Smartphone,3,23096.53,16499.26,0.15,69289.59,10393.44,58896.15,9398.37,UPI,0
TXN003307,2023-09-20,CUST0482,Rekha Srivastava,West,Mumbai,Cosmetics,Sunscreen SPF50,1,429.51,274.67,0.0,429.51,0.0,429.51,154.84,Net Banking,0
TXN003308,2024-05-07,CUST0140,Lakshmi Rao,West,Surat,Cosmetics,Foundation,1,935.53,519.92,0.15,935.53,140.33,795.2,275.28,Credit Card,0
TXN003309,2023-04-03,CUST0026,Rohan Mehta,South,Hyderabad,Clothing,Denim Jeans,1,2677.55,1220.35,0.15,2677.55,401.63,2275.92,1055.57,Credit Card,0
TXN003310,2023-07-21,CUST0373,Pallavi Shah,Central,Raipur,Cosmetics,Moisturiser 50g,2,540.19,277.08,0.05,1080.38,54.02,1026.36,472.2,UPI,0
TXN003311,2023-11-24,CUST0153,Geeta Bhatt,West,Nagpur,Electronics,Router,4,2879.49,1868.54,0.1,11517.96,1151.8,10366.16,2892.0,UPI,0
TXN003312,2023-10-02,CUST0328,Geeta Bhatt,West,Mumbai,Clothing,Saree,4,5033.15,2464.05,0.15,20132.6,3019.89,17112.71,7256.51,Net Banking,0
TXN003313,2024-02-19,CUST0131,Kavita Joshi,South,Bangalore,Sports,Running Shoes,2,5080.03,3179.74,0.0,10160.06,0.0,10160.06,3800.58,Net Banking,0
TXN003314,2023-02-09,CUST0032,Harish Agarwal,North,Amritsar,Groceries,Sugar 1kg,3,59.58,41.75,0.0,178.74,0.0,178.74,53.49,UPI,0
TXN003315,2023-05-29,CUST0495,Geeta Bhatt,North,Delhi,Groceries,Tea Powder 500g,3,213.53,154.65,0.15,640.59,96.09,544.5,80.55,Cash,0
TXN003316,2024-05-28,CUST0324,Kavita Joshi,South,Hyderabad,Clothing,Saree,2,5296.04,2537.29,0.15,10592.08,1588.81,9003.27,3928.69,Net Banking,0
TXN003317,2023-06-13,CUST0185,Pooja Nair,South,Mysore,Groceries,Pulses 1kg,2,142.68,101.18,0.0,285.36,0.0,285.36,83.0,Net Banking,0
TXN003318,2023-02-07,CUST0167,Pooja Nair,South,Mysore,Sports,Running Shoes,1,5205.7,3219.45,0.0,5205.7,0.0,5205.7,1986.25,Net Banking,0
TXN003319,2024-05-04,CUST0293,Rohan Mehta,South,Mysore,Clothing,Women's Kurti,2,1275.39,586.63,0.1,2550.78,255.08,2295.7,1122.44,UPI,0
TXN003320,2024-03-06,CUST0256,Lakshmi Rao,North,Chandigarh,Furniture,Dining Table,1,23686.21,14808.41,0.0,23686.21,0.0,23686.21,8877.8,Cash,0
TXN003321,2024-09-14,CUST0386,Amit Kumar,Central,Raipur,Clothing,Saree,1,5290.77,2477.98,0.05,5290.77,264.54,5026.23,2548.25,UPI,0
TXN003322,2024-01-09,CUST0354,Asha Pandey,Central,Indore,Clothing,Women's Kurti,1,1369.03,595.02,0.0,1369.03,0.0,1369.03,774.01,Debit Card,0
TXN003323,2024-11-15,CUST0476,Kavita Joshi,West,Pune,Electronics,Router,3,2986.87,1924.34,0.1,8960.61,896.06,8064.55,2291.53,Credit Card,0
TXN003324,2023-05-28,CUST0180,Geeta Bhatt,West,Nagpur,Sports,Running Shoes,3,4826.94,3243.43,0.0,14480.82,0.0,14480.82,4750.53,Net Banking,0
TXN003325,2023-11-04,CUST0165,Priya Patel,South,Kochi,Sports,Cycle Helmet,2,1285.9,789.3,0.0,2571.8,0.0,2571.8,993.2,UPI,0
TXN003326,2024-06-16,CUST0026,Nisha Trivedi,North,Delhi,Sports,Dumbbells Set,3,3705.08,2140.5,0.1,11115.24,1111.52,10003.72,3582.22,Net Banking,0
TXN003327,2024-02-17,CUST0001,Asha Pandey,East,Kolkata,Cosmetics,Sunscreen SPF50,1,428.31,270.48,0.0,428.31,0.0,428.31,157.83,Net Banking,0
TXN003328,2024-03-06,CUST0273,Geeta Bhatt,West,Ahmedabad,Groceries,Sugar 1kg,2,55.84,42.22,0.05,111.68,5.58,106.1,21.66,Net Banking,1
TXN003329,2024-01-21,CUST0381,Ravi Chandra,West,Ahmedabad,Furniture,Bookshelf,1,6467.84,4484.94,0.0,6467.84,0.0,6467.84,1982.9,UPI,1
TXN003330,2023-07-23,CUST0059,Sunita Mishra,Central,Indore,Clothing,Saree,3,5071.79,2558.88,0.1,15215.37,1521.54,13693.83,6017.19,Cash,0
TXN003331,2023-07-05,CUST0060,Sunita Mishra,East,Bhubaneswar,Sports,Cycle Helmet,1,1295.08,791.51,0.0,1295.08,0.0,1295.08,503.57,Debit Card,0
TXN003332,2024-10-10,CUST0289,Meera Das,West,Pune,Furniture,Office Chair,2,8871.0,5926.78,0.15,17742.0,2661.3,15080.7,3227.14,Credit Card,0
TXN003333,2023-10-04,CUST0480,Arjun Reddy,Central,Varanasi,Furniture,Wooden Desk,4,11428.93,8516.64,0.15,45715.72,6857.36,38858.36,4791.8,Net Banking,0
TXN003334,2024-07-24,CUST0226,Harish Agarwal,East,Guwahati,Cosmetics,Moisturiser 50g,1,503.16,277.73,0.1,503.16,50.32,452.84,175.11,Net Banking,0
TXN003335,2024-06-20,CUST0126,Sneha Gupta,East,Ranchi,Cosmetics,Hair Serum 100ml,1,732.68,396.69,0.0,732.68,0.0,732.68,335.99,Net Banking,0
TXN003336,2023-09-26,CUST0174,Lakshmi Rao,Central,Varanasi,Electronics,Smart TV,1,34526.58,27104.47,0.0,34526.58,0.0,34526.58,7422.11,Debit Card,0
TXN003337,2024-05-09,CUST0038,Geeta Bhatt,West,Pune,Electronics,Smartphone,2,22401.84,16866.57,0.2,44803.68,8960.74,35842.94,2109.8,Net Banking,0
TXN003338,2024-07-15,CUST0435,Kavita Joshi,Central,Varanasi,Groceries,Whole Wheat Flour 5kg,3,255.98,194.22,0.1,767.94,76.79,691.15,108.49,Credit Card,0
TXN003339,2024-08-31,CUST0165,Asha Pandey,North,Delhi,Groceries,Pulses 1kg,2,148.53,99.63,0.05,297.06,14.85,282.21,82.95,Debit Card,0
TXN003340,2023-11-27,CUST0065,Swati Kapoor,North,Amritsar,Clothing,Denim Jeans,3,2487.6,1177.31,0.05,7462.8,373.14,7089.66,3557.73,UPI,0
TXN003341,2023-05-18,CUST0189,Sunita Mishra,South,Chennai,Electronics,Smart TV,1,37855.73,26505.49,0.15,37855.73,5678.36,32177.37,5671.88,UPI,0
TXN003342,2024-08-22,CUST0305,Kiran Bose,North,Amritsar,Furniture,Wooden Desk,2,12306.78,8617.42,0.0,24613.56,0.0,24613.56,7378.72,Cash,0
TXN003343,2024-07-27,CUST0239,Swati Kapoor,East,Guwahati,Sports,Cycle Helmet,2,1370.75,798.85,0.0,2741.5,0.0,2741.5,1143.8,UPI,0
TXN003344,2024-08-25,CUST0224,Swati Kapoor,West,Pune,Sports,Cycle Helmet,1,1392.45,810.79,0.2,1392.45,278.49,1113.96,303.17,UPI,0
TXN003345,2024-08-05,CUST0330,Pooja Nair,Central,Varanasi,Sports,Dumbbells Set,4,3739.19,2233.54,0.15,14956.76,2243.51,12713.25,3779.09,Debit Card,1
TXN003346,2024-11-08,CUST0498,Arun Patil,South,Mysore,Furniture,Wooden Desk,1,13101.28,8701.3,0.15,13101.28,1965.19,11136.09,2434.79,Cash,0
TXN003347,2023-01-18,CUST0177,Pooja Nair,Central,Indore,Cosmetics,Moisturiser 50g,1,500.67,279.14,0.0,500.67,0.0,500.67,221.53,UPI,0
TXN003348,2023-12-07,CUST0105,Ravi Chandra,North,Lucknow,Furniture,Sofa Set,2,33885.6,23940.69,0.0,67771.2,0.0,67771.2,19889.82,Net Banking,0
TXN003349,2024-03-28,CUST0260,Rekha Srivastava,East,Ranchi,Electronics,Router,3,3015.93,1895.48,0.0,9047.79,0.0,9047.79,3361.35,Net Banking,0
TXN003350,2024-05-21,CUST0201,Arjun Reddy,East,Bhubaneswar,Cosmetics,Hair Serum 100ml,1,748.6,396.75,0.15,748.6,112.29,636.31,239.56,Net Banking,0
TXN003351,2023-05-26,CUST0098,Swati Kapoor,South,Mysore,Groceries,Basmati Rice 5kg,2,493.23,307.2,0.2,986.46,197.29,789.17,174.77,Cash,0
TXN003352,2024-03-01,CUST0231,Geeta Bhatt,North,Chandigarh,Sports,Cricket Bat,1,2991.91,1805.13,0.1,2991.91,299.19,2692.72,887.59,Cash,0
TXN003353,2023-07-07,CUST0294,Anita Verma,Central,Raipur,Clothing,Winter Jacket,1,4261.48,2148.74,0.15,4261.48,639.22,3622.26,1473.52,Debit Card,0
TXN003354,2024-04-29,CUST0191,Deepak Tiwari,South,Bangalore,Furniture,Wardrobe,1,17618.98,11665.44,0.1,17618.98,1761.9,15857.08,4191.64,Credit Card,0
TXN003355,2024-07-26,CUST0173,Rekha Srivastava,Central,Indore,Furniture,Dining Table,2,21434.21,15032.16,0.05,42868.42,2143.42,40725.0,10660.68,UPI,0
TXN003356,2024-02-13,CUST0405,Arjun Reddy,East,Patna,Sports,Dumbbells Set,1,3559.66,2166.14,0.2,3559.66,711.93,2847.73,681.59,Debit Card,0
TXN003357,2023-01-04,CUST0412,Pallavi Shah,West,Surat,Cosmetics,Moisturiser 50g,1,476.98,277.11,0.2,476.98,95.4,381.58,104.47,Net Banking,0
TXN003358,2024-05-29,CUST0249,Deepak Tiwari,North,Amritsar,Groceries,Whole Wheat Flour 5kg,2,257.32,186.02,0.0,514.64,0.0,514.64,142.6,Debit Card,0
TXN003359,2024-04-28,CUST0405,Suresh Pillai,North,Amritsar,Electronics,Smartphone,2,23516.8,16577.36,0.0,47033.6,0.0,47033.6,13878.88,Debit Card,0
TXN003360,2023-04-30,CUST0045,Arjun Reddy,North,Amritsar,Cosmetics,Face Wash 100ml,3,303.25,161.73,0.0,909.75,0.0,909.75,424.56,Debit Card,0
TXN003361,2024-03-23,CUST0160,Arjun Reddy,East,Kolkata,Cosmetics,Lipstick,1,573.1,301.47,0.2,573.1,114.62,458.48,157.01,Net Banking,0
TXN003362,2024-10-18,CUST0319,Rekha Srivastava,South,Chennai,Cosmetics,Foundation,3,857.17,531.67,0.1,2571.51,257.15,2314.36,719.35,Cash,1
TXN003363,2024-01-29,CUST0260,Priya Patel,East,Ranchi,Clothing,Denim Jeans,1,2634.95,1228.49,0.2,2634.95,526.99,2107.96,879.47,Credit Card,0
TXN003364,2024-02-08,CUST0167,Arun Patil,South,Kochi,Groceries,Sugar 1kg,1,53.41,41.16,0.0,53.41,0.0,53.41,12.25,Net Banking,0
TXN003365,2023-04-10,CUST0134,Sanjay Yadav,Central,Indore,Clothing,Denim Jeans,4,2485.3,1210.28,0.0,9941.2,0.0,9941.2,5100.08,Net Banking,0
TXN003366,2024-12-28,CUST0303,Nisha Trivedi,South,Mysore,Electronics,Laptop,3,47675.01,37452.46,0.0,143025.03,0.0,143025.03,30667.65,Net Banking,0
TXN003367,2024-12-19,CUST0295,Kiran Bose,Central,Gwalior,Cosmetics,Foundation,2,896.69,513.81,0.15,1793.38,269.01,1524.37,496.75,Cash,0
TXN003368,2023-02-22,CUST0257,Sneha Gupta,Central,Varanasi,Clothing,Men's T-Shirt,1,818.71,339.79,0.1,818.71,81.87,736.84,397.05,UPI,1
TXN003369,2024-06-30,CUST0282,Sneha Gupta,North,Chandigarh,Electronics,Smartphone,3,22153.1,16600.75,0.0,66459.3,0.0,66459.3,16657.05,Debit Card,0
TXN003370,2024-01-26,CUST0444,Divya Iyer,East,Guwahati,Furniture,Wooden Desk,1,12065.45,8363.13,0.0,12065.45,0.0,12065.45,3702.32,Credit Card,0
TXN003371,2023-05-11,CUST0182,Nisha Trivedi,Central,Gwalior,Furniture,Sofa Set,3,37379.82,24639.5,0.1,112139.46,11213.95,100925.51,27007.01,UPI,0
TXN003372,2024-10-16,CUST0332,Deepak Tiwari,East,Guwahati,Groceries,Whole Wheat Flour 5kg,5,238.89,184.98,0.1,1194.45,119.45,1075.0,150.1,Net Banking,0
TXN003373,2023-05-03,CUST0196,Mohit Saxena,South,Chennai,Electronics,Tablet,2,18245.62,13307.17,0.0,36491.24,0.0,36491.24,9876.9,Cash,0
TXN003374,2023-09-16,CUST0221,Sanjay Yadav,West,Ahmedabad,Electronics,Tablet,1,17808.73,12691.74,0.0,17808.73,0.0,17808.73,5116.99,Debit Card,1
TXN003375,2024-11-29,CUST0430,Ravi Chandra,South,Mysore,Furniture,Wardrobe,1,18096.6,11702.14,0.15,18096.6,2714.49,15382.11,3679.97,Cash,0
TXN003376,2024-04-19,CUST0097,Geeta Bhatt,East,Ranchi,Sports,Running Shoes,1,5370.29,3129.93,0.1,5370.29,537.03,4833.26,1703.33,Net Banking,0
TXN003377,2024-03-30,CUST0411,Lakshmi Rao,West,Ahmedabad,Cosmetics,Moisturiser 50g,1,509.62,278.6,0.15,509.62,76.44,433.18,154.58,Debit Card,0
TXN003378,2023-05-04,CUST0098,Pooja Nair,East,Patna,Electronics,Smartphone,3,22336.59,16616.45,0.0,67009.77,0.0,67009.77,17160.42,Credit Card,0
TXN003379,2023-12-16,CUST0442,Nikhil Dubey,Central,Indore,Clothing,Winter Jacket,2,3923.71,2167.77,0.0,7847.42,0.0,7847.42,3511.88,Debit Card,0
TXN003380,2023-01-10,CUST0174,Rahul Sharma,East,Patna,Clothing,Saree,1,5020.52,2446.2,0.05,5020.52,251.03,4769.49,2323.29,Debit Card,0
TXN003381,2024-07-08,CUST0037,Vijay Singh,North,Amritsar,Groceries,Tea Powder 500g,3,221.46,154.43,0.05,664.38,33.22,631.16,167.87,UPI,0
TXN003382,2023-11-11,CUST0128,Vijay Singh,South,Mysore,Clothing,Winter Jacket,1,4116.67,2147.9,0.2,4116.67,823.33,3293.34,1145.44,UPI,0
TXN003383,2024-04-07,CUST0172,Nisha Trivedi,South,Kochi,Clothing,Winter Jacket,1,4062.36,2191.34,0.1,4062.36,406.24,3656.12,1464.78,Net Banking,0
TXN003384,2023-05-07,CUST0299,Rekha Srivastava,East,Guwahati,Sports,Running Shoes,3,5229.08,3191.9,0.0,15687.24,0.0,15687.24,6111.54,Credit Card,1
TXN003385,2023-10-24,CUST0425,Pallavi Shah,Central,Indore,Electronics,Smartphone,1,23819.92,16650.12,0.2,23819.92,4763.98,19055.94,2405.82,UPI,0
TXN003386,2023-09-24,CUST0331,Deepak Tiwari,Central,Bhopal,Cosmetics,Lipstick,2,589.71,312.77,0.05,1179.42,58.97,1120.45,494.91,Credit Card,0
TXN003387,2023-02-02,CUST0125,Pooja Nair,West,Mumbai,Cosmetics,Sunscreen SPF50,1,460.15,271.57,0.0,460.15,0.0,460.15,188.58,Cash,0
TXN003388,2024-07-21,CUST0482,Rajesh Malhotra,South,Chennai,Clothing,Men's T-Shirt,1,837.45,356.21,0.15,837.45,125.62,711.83,355.62,Cash,0
TXN003389,2023-04-18,CUST0114,Deepak Tiwari,East,Ranchi,Electronics,Smartphone,2,21092.46,16611.62,0.1,42184.92,4218.49,37966.43,4743.19,Net Banking,0
TXN003390,2024-09-21,CUST0458,Kavita Joshi,East,Bhubaneswar,Electronics,Laptop,2,45136.88,38626.76,0.15,90273.76,13541.06,76732.7,-520.82,Net Banking,0
TXN003391,2023-04-07,CUST0257,Meera Das,South,Hyderabad,Electronics,Tablet,1,18919.13,13214.42,0.0,18919.13,0.0,18919.13,5704.71,Credit Card,0
TXN003392,2024-01-25,CUST0415,Vijay Singh,East,Guwahati,Electronics,Smartphone,1,22254.31,17498.64,0.0,22254.31,0.0,22254.31,4755.67,Debit Card,0
TXN003393,2024-05-21,CUST0493,Harish Agarwal,Central,Indore,Clothing,Denim Jeans,4,2746.32,1174.54,0.05,10985.28,549.26,10436.02,5737.86,Cash,1
TXN003394,2023-09-08,CUST0444,Lakshmi Rao,West,Pune,Electronics,Laptop,3,46323.22,36935.62,0.0,138969.66,0.0,138969.66,28162.8,Net Banking,0
TXN003395,2024-05-23,CUST0329,Divya Iyer,North,Jaipur,Clothing,Saree,1,4776.92,2574.82,0.05,4776.92,238.85,4538.07,1963.25,Credit Card,0
TXN003396,2024-03-08,CUST0201,Asha Pandey,West,Ahmedabad,Electronics,Wireless Earbuds,1,3437.57,2206.91,0.2,3437.57,687.51,2750.06,543.15,Credit Card,0
TXN003397,2023-02-12,CUST0297,Rahul Sharma,South,Kochi,Clothing,Men's T-Shirt,1,768.97,345.39,0.0,768.97,0.0,768.97,423.58,Credit Card,0
TXN003398,2024-09-09,CUST0091,Kiran Bose,South,Bangalore,Electronics,Tablet,1,19382.9,13186.37,0.05,19382.9,969.15,18413.75,5227.38,Cash,0
TXN003399,2024-10-09,CUST0432,Deepak Tiwari,East,Guwahati,Groceries,Pulses 1kg,4,142.43,100.14,0.1,569.72,56.97,512.75,112.19,Net Banking,0
TXN003400,2023-08-25,CUST0424,Rohan Mehta,South,Mysore,Electronics,Tablet,1,19636.07,12729.09,0.2,19636.07,3927.21,15708.86,2979.77,Credit Card,0
TXN003401,2024-04-09,CUST0487,Swati Kapoor,South,Hyderabad,Groceries,Basmati Rice 5kg,3,485.11,305.33,0.15,1455.33,218.3,1237.03,321.04,Debit Card,0
TXN003402,2024-01-12,CUST0233,Asha Pandey,North,Amritsar,Sports,Running Shoes,2,5339.49,3173.31,0.0,10678.98,0.0,10678.98,4332.36,Cash,0
TXN003403,2024-10-06,CUST0124,Lakshmi Rao,Central,Indore,Cosmetics,Lipstick,3,605.99,311.83,0.1,1817.97,181.8,1636.17,700.68,Debit Card,0
TXN003404,2024-10-15,CUST0007,Swati Kapoor,North,Lucknow,Groceries,Pulses 1kg,2,138.12,99.96,0.0,276.24,0.0,276.24,76.32,UPI,0
TXN003405,2023-02-02,CUST0186,Ravi Chandra,North,Chandigarh,Electronics,Smart TV,1,37863.77,27475.63,0.2,37863.77,7572.75,30291.02,2815.39,Net Banking,0
TXN003406,2023-07-17,CUST0025,Amit Kumar,North,Lucknow,Cosmetics,Foundation,1,932.36,512.66,0.0,932.36,0.0,932.36,419.7,Debit Card,0
TXN003407,2023-04-03,CUST0028,Rekha Srivastava,South,Chennai,Groceries,Cooking Oil 1L,5,175.49,127.46,0.05,877.45,43.87,833.58,196.28,Net Banking,0
TXN003408,2024-02-02,CUST0027,Rajesh Malhotra,South,Kochi,Furniture,Wooden Desk,1,11815.99,8438.36,0.0,11815.99,0.0,11815.99,3377.63,Net Banking,1
TXN003409,2023-07-14,CUST0129,Priya Patel,North,Jaipur,Electronics,Router,1,2904.47,1879.07,0.15,2904.47,435.67,2468.8,589.73,Debit Card,0
TXN003410,2024-09-10,CUST0003,Mohit Saxena,Central,Raipur,Electronics,Wireless Earbuds,2,3363.64,2252.27,0.0,6727.28,0.0,6727.28,2222.74,Debit Card,0
TXN003411,2024-03-27,CUST0123,Divya Iyer,South,Hyderabad,Clothing,Winter Jacket,3,4020.44,2196.28,0.05,12061.32,603.07,11458.25,4869.41,Credit Card,0
TXN003412,2023-09-03,CUST0388,Kiran Bose,North,Chandigarh,Cosmetics,Moisturiser 50g,2,534.4,287.94,0.2,1068.8,213.76,855.04,279.16,UPI,1
TXN003413,2023-02-25,CUST0228,Pooja Nair,East,Guwahati,Electronics,Smartphone,1,21537.79,17391.29,0.05,21537.79,1076.89,20460.9,3069.61,Cash,0
TXN003414,2024-08-16,CUST0443,Rekha Srivastava,West,Mumbai,Furniture,Bookshelf,2,6361.85,4399.7,0.05,12723.7,636.19,12087.51,3288.11,Net Banking,1
TXN003415,2024-05-20,CUST0474,Deepak Tiwari,East,Bhubaneswar,Furniture,Office Chair,2,9238.67,5843.31,0.2,18477.34,3695.47,14781.87,3095.25,Net Banking,0
TXN003416,2023-04-29,CUST0048,Amit Kumar,Central,Indore,Electronics,Smart TV,3,38346.72,26703.94,0.0,115040.16,0.0,115040.16,34928.34,Debit Card,0
TXN003417,2023-09-27,CUST0479,Rohan Mehta,East,Ranchi,Groceries,Whole Wheat Flour 5kg,3,253.99,185.15,0.15,761.97,114.3,647.67,92.22,UPI,0
TXN003418,2024-04-26,CUST0159,Rajesh Malhotra,East,Kolkata,Sports,Cricket Bat,1,3156.02,1789.45,0.0,3156.02,0.0,3156.02,1366.57,Debit Card,0
TXN003419,2024-07-09,CUST0453,Nisha Trivedi,North,Chandigarh,Groceries,Basmati Rice 5kg,3,481.17,318.06,0.05,1443.51,72.18,1371.33,417.15,Cash,0
TXN003420,2024-02-01,CUST0439,Amit Kumar,North,Delhi,Electronics,Router,1,2712.8,1867.31,0.0,2712.8,0.0,2712.8,845.49,Net Banking,0
TXN003421,2024-10-27,CUST0016,Amit Kumar,South,Bangalore,Clothing,Denim Jeans,1,2732.04,1194.38,0.0,2732.04,0.0,2732.04,1537.66,Net Banking,0
TXN003422,2024-10-27,CUST0225,Asha Pandey,East,Patna,Clothing,Winter Jacket,3,4232.62,2227.67,0.2,12697.86,2539.57,10158.29,3475.28,Credit Card,0
TXN003423,2023-03-18,CUST0063,Sanjay Yadav,East,Bhubaneswar,Groceries,Tea Powder 500g,2,221.78,158.18,0.2,443.56,88.71,354.85,38.49,UPI,0
TXN003424,2023-10-26,CUST0032,Harish Agarwal,West,Pune,Groceries,Pulses 1kg,6,136.06,98.37,0.2,816.36,163.27,653.09,62.87,UPI,0
TXN003425,2023-10-28,CUST0415,Divya Iyer,North,Delhi,Furniture,Dining Table,2,22611.11,15404.35,0.1,45222.22,4522.22,40700.0,9891.3,Cash,0
TXN003426,2023-12-13,CUST0386,Lakshmi Rao,South,Hyderabad,Cosmetics,Foundation,3,906.76,508.98,0.2,2720.28,544.06,2176.22,649.28,Debit Card,0
TXN003427,2023-11-29,CUST0421,Pooja Nair,South,Bangalore,Furniture,Bookshelf,1,6594.39,4575.36,0.15,6594.39,989.16,5605.23,1029.87,Cash,0
TXN003428,2023-08-07,CUST0124,Harish Agarwal,North,Chandigarh,Cosmetics,Sunscreen SPF50,1,447.12,268.79,0.2,447.12,89.42,357.7,88.91,Cash,0
TXN003429,2023-01-13,CUST0232,Pallavi Shah,Central,Gwalior,Cosmetics,Face Wash 100ml,1,309.91,161.77,0.0,309.91,0.0,309.91,148.14,UPI,0
TXN003430,2024-07-24,CUST0440,Sanjay Yadav,Central,Indore,Electronics,Tablet,1,17387.49,13135.47,0.15,17387.49,2608.12,14779.37,1643.9,Debit Card,0
TXN003431,2024-05-25,CUST0245,Priya Patel,East,Bhubaneswar,Groceries,Tea Powder 500g,3,214.27,154.37,0.1,642.81,64.28,578.53,115.42,Cash,0
TXN003432,2024-05-29,CUST0409,Swati Kapoor,South,Hyderabad,Clothing,Men's T-Shirt,1,838.84,357.18,0.05,838.84,41.94,796.9,439.72,Debit Card,0
TXN003433,2023-01-05,CUST0357,Suresh Pillai,South,Kochi,Electronics,Laptop,2,44960.45,37767.05,0.1,89920.9,8992.09,80928.81,5394.71,Debit Card,0
TXN003434,2024-09-27,CUST0307,Divya Iyer,Central,Bhopal,Groceries,Tea Powder 500g,1,224.32,159.07,0.0,224.32,0.0,224.32,65.25,UPI,1
TXN003435,2023-06-06,CUST0450,Sunita Mishra,Central,Raipur,Furniture,Wardrobe,2,17233.99,12321.35,0.15,34467.98,5170.2,29297.78,4655.08,Net Banking,0
TXN003436,2023-06-26,CUST0354,Pallavi Shah,West,Mumbai,Electronics,Wireless Earbuds,2,3506.82,2169.56,0.2,7013.64,1402.73,5610.91,1271.79,UPI,0
TXN003437,2024-05-14,CUST0046,Arun Patil,Central,Bhopal,Sports,Badminton Racket,4,1436.18,900.12,0.0,5744.72,0.0,5744.72,2144.24,Cash,0
TXN003438,2024-11-14,CUST0423,Rajesh Malhotra,West,Nagpur,Groceries,Pulses 1kg,3,135.93,100.33,0.2,407.79,81.56,326.23,25.24,Credit Card,0
TXN003439,2023-03-25,CUST0177,Arun Patil,West,Surat,Furniture,Wooden Desk,1,12675.2,8354.24,0.2,12675.2,2535.04,10140.16,1785.92,UPI,0
TXN003440,2023-06-29,CUST0363,Lakshmi Rao,North,Lucknow,Electronics,Smartphone,3,21821.59,16667.96,0.15,65464.77,9819.72,55645.05,5641.17,Credit Card,0
TXN003441,2023-11-20,CUST0312,Sanjay Yadav,South,Kochi,Groceries,Cooking Oil 1L,3,195.19,131.73,0.0,585.57,0.0,585.57,190.38,Credit Card,0
TXN003442,2024-08-31,CUST0363,Sunita Mishra,West,Ahmedabad,Electronics,Tablet,1,18853.6,12965.17,0.1,18853.6,1885.36,16968.24,4003.07,Debit Card,0
TXN003443,2023-02-21,CUST0414,Nisha Trivedi,East,Ranchi,Clothing,Saree,3,4918.68,2555.49,0.15,14756.04,2213.41,12542.63,4876.16,Cash,0
TXN003444,2024-08-11,CUST0203,Pooja Nair,Central,Varanasi,Furniture,Dining Table,1,23542.4,15185.52,0.0,23542.4,0.0,23542.4,8356.88,Credit Card,0
TXN003445,2024-04-16,CUST0066,Ravi Chandra,West,Pune,Clothing,Formal Shirt,2,1968.35,915.38,0.0,3936.7,0.0,3936.7,2105.94,Credit Card,0
TXN003446,2023-11-25,CUST0097,Divya Iyer,North,Chandigarh,Cosmetics,Moisturiser 50g,2,477.85,272.09,0.0,955.7,0.0,955.7,411.52,Cash,0
TXN003447,2023-09-24,CUST0065,Anita Verma,Central,Raipur,Sports,Dumbbells Set,1,3413.55,2152.41,0.15,3413.55,512.03,2901.52,749.11,Credit Card,0
TXN003448,2023-02-04,CUST0388,Arun Patil,South,Mysore,Groceries,Tea Powder 500g,1,226.59,154.76,0.2,226.59,45.32,181.27,26.51,Net Banking,0
TXN003449,2024-08-21,CUST0106,Lakshmi Rao,North,Chandigarh,Furniture,Office Chair,5,8791.37,5778.98,0.1,43956.85,4395.69,39561.16,10666.26,Net Banking,0
TXN003450,2023-08-19,CUST0265,Rahul Sharma,North,Jaipur,Cosmetics,Hair Serum 100ml,2,683.53,397.02,0.0,1367.06,0.0,1367.06,573.02,Net Banking,1
TXN003451,2024-09-02,CUST0307,Asha Pandey,North,Lucknow,Electronics,Wireless Earbuds,2,3767.29,2173.81,0.15,7534.58,1130.19,6404.39,2056.77,Net Banking,0
TXN003452,2023-09-10,CUST0412,Kavita Joshi,South,Kochi,Cosmetics,Lipstick,4,657.52,308.84,0.15,2630.08,394.51,2235.57,1000.21,Net Banking,0
TXN003453,2023-08-17,CUST0016,Suresh Pillai,West,Mumbai,Cosmetics,Lipstick,1,596.56,307.51,0.0,596.56,0.0,596.56,289.05,UPI,0
TXN003454,2023-01-16,CUST0105,Nisha Trivedi,South,Hyderabad,Groceries,Tea Powder 500g,1,229.21,155.17,0.2,229.21,45.84,183.37,28.2,Debit Card,0
TXN003455,2023-04-14,CUST0030,Geeta Bhatt,Central,Bhopal,Cosmetics,Hair Serum 100ml,3,742.27,400.42,0.0,2226.81,0.0,2226.81,1025.55,Credit Card,0
TXN003456,2024-07-01,CUST0182,Kavita Joshi,West,Nagpur,Sports,Yoga Mat,1,983.71,550.51,0.15,983.71,147.56,836.15,285.64,UPI,0
TXN003457,2024-01-16,CUST0349,Rajesh Malhotra,East,Kolkata,Groceries,Cooking Oil 1L,1,191.84,129.07,0.05,191.84,9.59,182.25,53.18,UPI,0
TXN003458,2024-11-09,CUST0221,Nikhil Dubey,South,Chennai,Electronics,Laptop,3,46618.23,39110.17,0.15,139854.69,20978.2,118876.49,1545.98,Cash,1
TXN003459,2024-08-27,CUST0118,Lakshmi Rao,South,Bangalore,Sports,Yoga Mat,1,967.46,541.94,0.0,967.46,0.0,967.46,425.52,UPI,0
TXN003460,2024-04-22,CUST0416,Asha Pandey,South,Kochi,Sports,Cycle Helmet,2,1361.12,777.32,0.0,2722.24,0.0,2722.24,1167.6,Net Banking,0
TXN003461,2023-02-22,CUST0230,Nikhil Dubey,East,Patna,Sports,Yoga Mat,2,867.06,539.52,0.0,1734.12,0.0,1734.12,655.08,Debit Card,0
TXN003462,2024-03-17,CUST0394,Meera Das,West,Pune,Clothing,Denim Jeans,2,2703.57,1230.31,0.0,5407.14,0.0,5407.14,2946.52,Debit Card,0
TXN003463,2024-08-12,CUST0013,Mohit Saxena,North,Lucknow,Cosmetics,Moisturiser 50g,1,507.07,282.28,0.0,507.07,0.0,507.07,224.79,UPI,1
TXN003464,2023-02-05,CUST0500,Nikhil Dubey,West,Nagpur,Cosmetics,Hair Serum 100ml,2,666.43,393.62,0.15,1332.86,199.93,1132.93,345.69,Debit Card,0
TXN003465,2024-07-04,CUST0357,Pallavi Shah,Central,Varanasi,Sports,Cycle Helmet,1,1297.7,809.79,0.15,1297.7,194.66,1103.04,293.25,Net Banking,0
TXN003466,2024-04-02,CUST0463,Amit Kumar,South,Bangalore,Groceries,Whole Wheat Flour 5kg,3,239.58,195.22,0.0,718.74,0.0,718.74,133.08,Debit Card,1
TXN003467,2024-11-12,CUST0162,Sunita Mishra,West,Ahmedabad,Electronics,Wireless Earbuds,2,3707.91,2219.27,0.2,7415.82,1483.16,5932.66,1494.12,Net Banking,0
TXN003468,2023-02-06,CUST0018,Divya Iyer,North,Delhi,Clothing,Denim Jeans,1,2697.96,1169.65,0.2,2697.96,539.59,2158.37,988.72,Net Banking,0
TXN003469,2024-10-07,CUST0007,Priya Patel,Central,Bhopal,Groceries,Whole Wheat Flour 5kg,4,256.97,184.36,0.0,1027.88,0.0,1027.88,290.44,Debit Card,0
TXN003470,2023-10-27,CUST0152,Pallavi Shah,East,Patna,Groceries,Pulses 1kg,2,142.7,100.17,0.0,285.4,0.0,285.4,85.06,Net Banking,0
TXN003471,2023-12-26,CUST0228,Meera Das,West,Mumbai,Groceries,Pulses 1kg,2,138.92,99.55,0.0,277.84,0.0,277.84,78.74,Cash,0
TXN003472,2023-07-17,CUST0088,Rekha Srivastava,West,Nagpur,Groceries,Tea Powder 500g,1,201.99,159.54,0.0,201.99,0.0,201.99,42.45,Cash,0
TXN003473,2024-01-29,CUST0174,Rahul Sharma,East,Kolkata,Sports,Cycle Helmet,2,1351.28,790.8,0.0,2702.56,0.0,2702.56,1120.96,UPI,0
TXN003474,2023-03-14,CUST0248,Swati Kapoor,East,Kolkata,Cosmetics,Foundation,3,946.26,519.41,0.2,2838.78,567.76,2271.02,712.79,UPI,0
TXN003475,2023-04-14,CUST0494,Kiran Bose,South,Chennai,Cosmetics,Moisturiser 50g,3,509.36,274.32,0.0,1528.08,0.0,1528.08,705.12,Cash,0
TXN003476,2023-09-18,CUST0259,Sunita Mishra,East,Guwahati,Sports,Running Shoes,3,4961.15,3250.13,0.15,14883.45,2232.52,12650.93,2900.54,Credit Card,0
TXN003477,2023-11-12,CUST0443,Suresh Pillai,Central,Indore,Clothing,Formal Shirt,3,1732.8,916.15,0.0,5198.4,0.0,5198.4,2449.95,Credit Card,0
TXN003478,2024-11-30,CUST0167,Ravi Chandra,West,Nagpur,Cosmetics,Moisturiser 50g,2,532.52,279.29,0.15,1065.04,159.76,905.28,346.7,Cash,0
TXN003479,2023-09-30,CUST0390,Swati Kapoor,East,Ranchi,Sports,Dumbbells Set,2,3670.74,2184.75,0.2,7341.48,1468.3,5873.18,1503.68,Net Banking,0
TXN003480,2024-02-19,CUST0258,Lakshmi Rao,Central,Indore,Cosmetics,Sunscreen SPF50,1,447.02,273.91,0.2,447.02,89.4,357.62,83.71,Net Banking,0
TXN003481,2024-05-03,CUST0474,Rohan Mehta,West,Surat,Cosmetics,Sunscreen SPF50,1,481.69,275.73,0.05,481.69,24.08,457.61,181.88,UPI,0
TXN003482,2023-11-26,CUST0217,Vijay Singh,South,Hyderabad,Electronics,Wireless Earbuds,1,3377.3,2205.02,0.0,3377.3,0.0,3377.3,1172.28,Net Banking,0
TXN003483,2023-11-10,CUST0308,Rohan Mehta,West,Surat,Furniture,Wardrobe,5,18968.6,11698.76,0.0,94843.0,0.0,94843.0,36349.2,Debit Card,0
TXN003484,2023-09-17,CUST0433,Nisha Trivedi,Central,Gwalior,Clothing,Men's T-Shirt,1,812.78,357.66,0.05,812.78,40.64,772.14,414.48,Cash,0
TXN003485,2023-12-30,CUST0408,Rajesh Malhotra,West,Ahmedabad,Sports,Cricket Bat,4,3142.62,1825.24,0.0,12570.48,0.0,12570.48,5269.52,Net Banking,0
TXN003486,2024-03-01,CUST0140,Priya Patel,East,Patna,Furniture,Sofa Set,2,38321.36,24600.05,0.0,76642.72,0.0,76642.72,27442.62,Debit Card,0
TXN003487,2024-04-24,CUST0145,Priya Patel,North,Chandigarh,Groceries,Tea Powder 500g,3,211.11,152.97,0.1,633.33,63.33,570.0,111.09,Net Banking,0
TXN003488,2024-07-05,CUST0487,Nisha Trivedi,East,Bhubaneswar,Groceries,Sugar 1kg,2,60.45,41.29,0.0,120.9,0.0,120.9,38.32,Debit Card,1
TXN003489,2024-07-16,CUST0108,Kavita Joshi,East,Patna,Cosmetics,Sunscreen SPF50,1,483.76,274.1,0.05,483.76,24.19,459.57,185.47,Debit Card,0
TXN003490,2023-07-08,CUST0231,Anita Verma,East,Kolkata,Sports,Dumbbells Set,1,3823.71,2237.01,0.15,3823.71,573.56,3250.15,1013.14,UPI,1
TXN003491,2024-04-26,CUST0285,Ravi Chandra,South,Kochi,Furniture,Dining Table,1,22735.82,14604.17,0.15,22735.82,3410.37,19325.45,4721.28,Debit Card,0
TXN003492,2023-06-11,CUST0277,Rahul Sharma,West,Surat,Electronics,Smartphone,3,22252.17,16922.14,0.1,66756.51,6675.65,60080.86,9314.44,Credit Card,0
TXN003493,2024-03-21,CUST0101,Nikhil Dubey,East,Patna,Sports,Yoga Mat,1,983.83,560.03,0.0,983.83,0.0,983.83,423.8,Debit Card,0
TXN003494,2024-05-08,CUST0240,Rekha Srivastava,West,Mumbai,Furniture,Bookshelf,1,6393.34,4498.85,0.2,6393.34,1278.67,5114.67,615.82,Net Banking,0
TXN003495,2023-10-12,CUST0012,Swati Kapoor,West,Ahmedabad,Sports,Cricket Bat,1,3274.09,1792.26,0.0,3274.09,0.0,3274.09,1481.83,UPI,0
TXN003496,2023-12-18,CUST0244,Deepak Tiwari,East,Kolkata,Electronics,Smart TV,2,36433.8,26754.87,0.1,72867.6,7286.76,65580.84,12071.1,Cash,0
TXN003497,2024-06-05,CUST0423,Pallavi Shah,North,Jaipur,Cosmetics,Face Wash 100ml,2,293.73,163.36,0.0,587.46,0.0,587.46,260.74,Net Banking,0
TXN003498,2023-08-02,CUST0367,Anita Verma,West,Ahmedabad,Clothing,Women's Kurti,2,1396.01,597.56,0.2,2792.02,558.4,2233.62,1038.5,Debit Card,0
TXN003499,2023-04-11,CUST0090,Ravi Chandra,North,Jaipur,Cosmetics,Hair Serum 100ml,1,728.34,390.83,0.15,728.34,109.25,619.09,228.26,Debit Card,0
TXN003500,2023-09-27,CUST0135,Meera Das,North,Delhi,Sports,Yoga Mat,1,928.66,566.29,0.0,928.66,0.0,928.66,362.37,Debit Card,0
TXN003501,2023-04-09,CUST0488,Kiran Bose,South,Bangalore,Clothing,Women's Kurti,1,1425.27,617.74,0.1,1425.27,142.53,1282.74,665.0,UPI,0
TXN003502,2024-10-23,CUST0370,Lakshmi Rao,South,Chennai,Sports,Dumbbells Set,1,3758.15,2207.61,0.0,3758.15,0.0,3758.15,1550.54,Debit Card,0
TXN003503,2024-11-23,CUST0282,Harish Agarwal,East,Bhubaneswar,Sports,Badminton Racket,2,1585.83,886.03,0.15,3171.66,475.75,2695.91,923.85,Debit Card,0
TXN003504,2023-09-07,CUST0295,Rohan Mehta,South,Kochi,Furniture,Wooden Desk,2,12630.81,8285.45,0.05,25261.62,1263.08,23998.54,7427.64,Cash,0
TXN003505,2024-01-02,CUST0325,Pooja Nair,East,Patna,Clothing,Women's Kurti,1,1262.44,613.03,0.15,1262.44,189.37,1073.07,460.04,Net Banking,0
TXN003506,2024-04-22,CUST0451,Rekha Srivastava,Central,Varanasi,Cosmetics,Foundation,3,933.5,511.91,0.1,2800.5,280.05,2520.45,984.72,Net Banking,0
TXN003507,2023-10-02,CUST0197,Nisha Trivedi,North,Chandigarh,Sports,Running Shoes,1,5109.07,3199.59,0.1,5109.07,510.91,4598.16,1398.57,Net Banking,0
TXN003508,2023-10-29,CUST0161,Anita Verma,West,Pune,Sports,Running Shoes,3,5398.57,3287.78,0.05,16195.71,809.79,15385.92,5522.58,Debit Card,0
TXN003509,2023-11-21,CUST0413,Sneha Gupta,North,Amritsar,Electronics,Smartphone,3,21155.73,17403.73,0.05,63467.19,3173.36,60293.83,8082.64,Net Banking,0
TXN003510,2024-09-01,CUST0217,Divya Iyer,East,Bhubaneswar,Cosmetics,Moisturiser 50g,2,508.21,288.2,0.0,1016.42,0.0,1016.42,440.02,UPI,0
TXN003511,2023-04-13,CUST0041,Rahul Sharma,West,Pune,Groceries,Whole Wheat Flour 5kg,3,251.38,194.59,0.15,754.14,113.12,641.02,57.25,Cash,0
TXN003512,2024-06-07,CUST0024,Pallavi Shah,West,Surat,Clothing,Men's T-Shirt,2,856.44,349.52,0.15,1712.88,256.93,1455.95,756.91,Cash,1
TXN003513,2024-12-10,CUST0095,Sneha Gupta,Central,Indore,Electronics,Smart TV,1,37460.03,27808.26,0.0,37460.03,0.0,37460.03,9651.77,UPI,0
TXN003514,2023-08-07,CUST0003,Sneha Gupta,Central,Varanasi,Cosmetics,Sunscreen SPF50,3,430.49,275.53,0.2,1291.47,258.29,1033.18,206.59,Debit Card,0
TXN003515,2024-02-28,CUST0040,Rohan Mehta,Central,Gwalior,Clothing,Women's Kurti,2,1284.92,617.38,0.05,2569.84,128.49,2441.35,1206.59,Net Banking,0
TXN003516,2023-10-04,CUST0044,Sanjay Yadav,Central,Varanasi,Furniture,Office Chair,2,8293.12,5852.31,0.2,16586.24,3317.25,13268.99,1564.37,Credit Card,0
TXN003517,2023-02-12,CUST0027,Amit Kumar,West,Mumbai,Electronics,Wireless Earbuds,1,3737.74,2260.3,0.0,3737.74,0.0,3737.74,1477.44,Debit Card,0
TXN003518,2023-03-13,CUST0247,Kiran Bose,Central,Raipur,Sports,Cycle Helmet,1,1313.25,815.87,0.0,1313.25,0.0,1313.25,497.38,Net Banking,0
TXN003519,2024-12-20,CUST0193,Vijay Singh,West,Surat,Sports,Running Shoes,1,4941.51,3200.47,0.0,4941.51,0.0,4941.51,1741.04,Debit Card,0
TXN003520,2023-01-09,CUST0303,Rajesh Malhotra,South,Chennai,Groceries,Sugar 1kg,2,59.39,42.65,0.05,118.78,5.94,112.84,27.54,Debit Card,0
TXN003521,2024-12-09,CUST0407,Sneha Gupta,North,Jaipur,Groceries,Whole Wheat Flour 5kg,4,243.48,193.16,0.0,973.92,0.0,973.92,201.28,Debit Card,0
TXN003522,2023-04-10,CUST0170,Divya Iyer,East,Ranchi,Electronics,Laptop,1,46580.78,38390.25,0.2,46580.78,9316.16,37264.62,-1125.63,UPI,0
TXN003523,2023-06-24,CUST0383,Vijay Singh,Central,Varanasi,Groceries,Basmati Rice 5kg,1,433.67,306.26,0.0,433.67,0.0,433.67,127.41,Net Banking,1
TXN003524,2023-09-24,CUST0435,Priya Patel,West,Surat,Cosmetics,Face Wash 100ml,4,307.82,155.78,0.0,1231.28,0.0,1231.28,608.16,Cash,0
TXN003525,2023-05-07,CUST0074,Sanjay Yadav,Central,Varanasi,Clothing,Winter Jacket,1,4367.33,2192.64,0.0,4367.33,0.0,4367.33,2174.69,Cash,0
TXN003526,2024-07-30,CUST0041,Suresh Pillai,North,Lucknow,Clothing,Men's T-Shirt,2,812.42,347.53,0.1,1624.84,162.48,1462.36,767.3,Cash,0
TXN003527,2024-07-01,CUST0403,Suresh Pillai,East,Bhubaneswar,Furniture,Bookshelf,1,7083.59,4525.91,0.15,7083.59,1062.54,6021.05,1495.14,UPI,0
TXN003528,2023-04-18,CUST0408,Lakshmi Rao,East,Patna,Electronics,Smart TV,2,37363.0,26712.36,0.0,74726.0,0.0,74726.0,21301.28,UPI,0
TXN003529,2024-12-05,CUST0284,Sanjay Yadav,West,Ahmedabad,Electronics,Router,3,2662.29,1894.16,0.05,7986.87,399.34,7587.53,1905.05,Credit Card,0
TXN003530,2024-01-12,CUST0024,Meera Das,West,Mumbai,Sports,Cycle Helmet,1,1317.43,799.19,0.2,1317.43,263.49,1053.94,254.75,UPI,0
TXN003531,2024-12-05,CUST0304,Geeta Bhatt,South,Chennai,Sports,Yoga Mat,1,888.97,533.85,0.15,888.97,133.35,755.62,221.77,Credit Card,0
TXN003532,2023-06-12,CUST0238,Nisha Trivedi,South,Hyderabad,Sports,Running Shoes,4,5150.02,3141.69,0.2,20600.08,4120.02,16480.06,3913.3,Debit Card,0
TXN003533,2023-02-25,CUST0353,Suresh Pillai,Central,Bhopal,Clothing,Saree,1,5186.96,2465.14,0.0,5186.96,0.0,5186.96,2721.82,UPI,0
TXN003534,2024-06-30,CUST0208,Geeta Bhatt,Central,Bhopal,Electronics,Smartphone,1,23114.87,16658.48,0.2,23114.87,4622.97,18491.9,1833.42,Credit Card,0
TXN003535,2023-08-10,CUST0207,Swati Kapoor,North,Amritsar,Sports,Cricket Bat,2,3145.13,1831.55,0.2,6290.26,1258.05,5032.21,1369.11,Credit Card,0
TXN003536,2024-10-31,CUST0181,Rajesh Malhotra,South,Kochi,Electronics,Smartphone,4,23875.04,17435.62,0.1,95500.16,9550.02,85950.14,16207.66,Net Banking,0
TXN003537,2023-05-07,CUST0278,Swati Kapoor,West,Mumbai,Furniture,Wardrobe,1,18195.85,12219.74,0.0,18195.85,0.0,18195.85,5976.11,UPI,1
TXN003538,2023-07-17,CUST0097,Nisha Trivedi,North,Chandigarh,Groceries,Cooking Oil 1L,3,197.48,129.03,0.05,592.44,29.62,562.82,175.73,Credit Card,0
TXN003539,2024-09-25,CUST0010,Sunita Mishra,East,Patna,Groceries,Basmati Rice 5kg,2,489.18,307.9,0.0,978.36,0.0,978.36,362.56,UPI,0
TXN003540,2024-04-19,CUST0457,Sneha Gupta,Central,Varanasi,Electronics,Wireless Earbuds,1,3805.25,2217.95,0.0,3805.25,0.0,3805.25,1587.3,Cash,1
TXN003541,2024-10-17,CUST0387,Geeta Bhatt,West,Ahmedabad,Sports,Dumbbells Set,1,3831.93,2165.79,0.15,3831.93,574.79,3257.14,1091.35,Net Banking,0
TXN003542,2023-01-28,CUST0366,Meera Das,East,Guwahati,Electronics,Smartphone,1,23215.16,16809.44,0.15,23215.16,3482.27,19732.89,2923.45,Cash,0
TXN003543,2024-09-15,CUST0003,Pooja Nair,West,Mumbai,Furniture,Bookshelf,1,6413.85,4465.7,0.2,6413.85,1282.77,5131.08,665.38,Debit Card,0
TXN003544,2024-09-17,CUST0336,Deepak Tiwari,East,Ranchi,Clothing,Men's T-Shirt,1,790.55,339.81,0.05,790.55,39.53,751.02,411.21,Net Banking,0
TXN003545,2024-04-11,CUST0460,Swati Kapoor,East,Kolkata,Clothing,Men's T-Shirt,1,797.48,352.74,0.0,797.48,0.0,797.48,444.74,Cash,0
TXN003546,2024-07-12,CUST0397,Rahul Sharma,East,Guwahati,Groceries,Whole Wheat Flour 5kg,1,255.58,194.59,0.1,255.58,25.56,230.02,35.43,Net Banking,0
TXN003547,2024-05-11,CUST0095,Rahul Sharma,West,Pune,Sports,Yoga Mat,1,913.98,544.87,0.0,913.98,0.0,913.98,369.11,Debit Card,0
TXN003548,2024-07-03,CUST0042,Amit Kumar,East,Patna,Electronics,Laptop,2,44022.58,37217.96,0.05,88045.16,4402.26,83642.9,9206.98,UPI,0
TXN003549,2024-04-30,CUST0326,Sanjay Yadav,East,Kolkata,Cosmetics,Lipstick,5,624.97,313.56,0.1,3124.85,312.49,2812.36,1244.56,Cash,0
TXN003550,2024-01-03,CUST0253,Sanjay Yadav,East,Kolkata,Clothing,Men's T-Shirt,3,875.04,359.16,0.0,2625.12,0.0,2625.12,1547.64,Cash,1
TXN003551,2024-01-18,CUST0402,Arun Patil,West,Nagpur,Sports,Yoga Mat,1,917.81,556.61,0.0,917.81,0.0,917.81,361.2,UPI,0
TXN003552,2024-08-20,CUST0346,Divya Iyer,South,Mysore,Furniture,Dining Table,3,21570.11,15060.62,0.0,64710.33,0.0,64710.33,19528.47,Credit Card,0
TXN003553,2024-09-09,CUST0434,Sneha Gupta,North,Lucknow,Furniture,Wooden Desk,1,11545.72,8398.85,0.2,11545.72,2309.14,9236.58,837.73,Credit Card,0
TXN003554,2024-09-16,CUST0291,Kavita Joshi,Central,Bhopal,Clothing,Saree,2,4983.71,2573.27,0.0,9967.42,0.0,9967.42,4820.88,UPI,0
TXN003555,2023-10-22,CUST0496,Arjun Reddy,West,Ahmedabad,Clothing,Winter Jacket,1,3849.46,2174.42,0.15,3849.46,577.42,3272.04,1097.62,Net Banking,1
TXN003556,2023-10-14,CUST0056,Nisha Trivedi,West,Nagpur,Electronics,Tablet,4,17185.66,13033.58,0.0,68742.64,0.0,68742.64,16608.32,Debit Card,0
TXN003557,2023-08-27,CUST0389,Priya Patel,North,Amritsar,Furniture,Dining Table,1,22255.81,14755.44,0.15,22255.81,3338.37,18917.44,4162.0,Credit Card,0
TXN003558,2023-10-15,CUST0054,Rekha Srivastava,South,Chennai,Clothing,Saree,2,5137.58,2519.7,0.0,10275.16,0.0,10275.16,5235.76,Net Banking,0
TXN003559,2023-05-29,CUST0470,Meera Das,Central,Indore,Furniture,Office Chair,2,8470.68,5895.62,0.1,16941.36,1694.14,15247.22,3455.98,UPI,0
TXN003560,2023-11-07,CUST0376,Deepak Tiwari,West,Pune,Furniture,Office Chair,3,9016.23,5787.51,0.05,27048.69,1352.43,25696.26,8333.73,Net Banking,0
TXN003561,2024-03-12,CUST0270,Vijay Singh,Central,Bhopal,Groceries,Cooking Oil 1L,3,185.31,132.68,0.2,555.93,111.19,444.74,46.7,Credit Card,0
TXN003562,2023-02-14,CUST0026,Harish Agarwal,North,Delhi,Sports,Badminton Racket,1,1545.92,888.91,0.05,1545.92,77.3,1468.62,579.71,UPI,0
TXN003563,2024-06-20,CUST0430,Rohan Mehta,West,Pune,Electronics,Laptop,1,48664.78,38356.0,0.05,48664.78,2433.24,46231.54,7875.54,UPI,0
TXN003564,2024-12-03,CUST0453,Rajesh Malhotra,North,Jaipur,Sports,Badminton Racket,1,1511.11,873.74,0.2,1511.11,302.22,1208.89,335.15,UPI,0
TXN003565,2024-05-31,CUST0345,Sanjay Yadav,Central,Bhopal,Clothing,Winter Jacket,1,4318.27,2182.77,0.1,4318.27,431.83,3886.44,1703.67,UPI,0
TXN003566,2023-01-24,CUST0313,Sunita Mishra,North,Jaipur,Sports,Yoga Mat,1,875.19,542.92,0.15,875.19,131.28,743.91,200.99,UPI,1
TXN003567,2024-03-29,CUST0178,Rajesh Malhotra,North,Delhi,Sports,Cricket Bat,1,3175.14,1812.72,0.2,3175.14,635.03,2540.11,727.39,Debit Card,0
TXN003568,2024-06-27,CUST0131,Meera Das,Central,Gwalior,Electronics,Tablet,2,19522.93,13026.51,0.0,39045.86,0.0,39045.86,12992.84,Debit Card,0
TXN003569,2024-12-09,CUST0361,Meera Das,South,Kochi,Electronics,Smartphone,3,24186.22,17191.5,0.05,72558.66,3627.93,68930.73,17356.23,UPI,0
TXN003570,2023-11-24,CUST0272,Lakshmi Rao,Central,Gwalior,Furniture,Wardrobe,3,18946.13,11800.25,0.0,56838.39,0.0,56838.39,21437.64,Net Banking,0
TXN003571,2024-12-20,CUST0449,Swati Kapoor,Central,Indore,Cosmetics,Lipstick,2,608.48,303.06,0.15,1216.96,182.54,1034.42,428.3,Net Banking,0
TXN003572,2023-01-24,CUST0324,Pallavi Shah,North,Lucknow,Groceries,Sugar 1kg,1,56.71,42.34,0.0,56.71,0.0,56.71,14.37,UPI,0
TXN003573,2023-03-21,CUST0495,Pallavi Shah,South,Bangalore,Furniture,Wardrobe,1,17829.27,12067.82,0.0,17829.27,0.0,17829.27,5761.45,Debit Card,0
TXN003574,2023-04-24,CUST0443,Sunita Mishra,Central,Indore,Furniture,Wooden Desk,5,12700.34,8264.9,0.15,63501.7,9525.25,53976.45,12651.95,UPI,0
TXN003575,2023-05-19,CUST0171,Suresh Pillai,East,Kolkata,Furniture,Dining Table,1,21735.12,14562.2,0.0,21735.12,0.0,21735.12,7172.92,UPI,0
TXN003576,2024-01-31,CUST0176,Harish Agarwal,Central,Gwalior,Cosmetics,Foundation,3,922.96,514.28,0.05,2768.88,138.44,2630.44,1087.6,Credit Card,0
TXN003577,2023-12-18,CUST0311,Priya Patel,East,Bhubaneswar,Groceries,Whole Wheat Flour 5kg,1,254.54,191.26,0.1,254.54,25.45,229.09,37.83,UPI,0
TXN003578,2024-03-06,CUST0134,Sneha Gupta,East,Kolkata,Furniture,Wardrobe,1,17163.37,11866.39,0.2,17163.37,3432.67,13730.7,1864.31,Credit Card,0
TXN003579,2024-03-24,CUST0428,Asha Pandey,South,Mysore,Furniture,Wardrobe,1,17738.81,11737.17,0.0,17738.81,0.0,17738.81,6001.64,Net Banking,0
TXN003580,2023-05-22,CUST0458,Meera Das,East,Guwahati,Cosmetics,Hair Serum 100ml,2,741.6,392.48,0.05,1483.2,74.16,1409.04,624.08,Cash,0
TXN003581,2024-01-05,CUST0362,Pooja Nair,West,Ahmedabad,Cosmetics,Hair Serum 100ml,3,685.1,403.64,0.0,2055.3,0.0,2055.3,844.38,Net Banking,0
TXN003582,2023-05-30,CUST0421,Meera Das,East,Kolkata,Cosmetics,Foundation,3,858.29,527.17,0.0,2574.87,0.0,2574.87,993.36,UPI,0
TXN003583,2024-02-04,CUST0025,Sunita Mishra,North,Amritsar,Furniture,Office Chair,1,8797.37,5924.29,0.0,8797.37,0.0,8797.37,2873.08,Cash,0
TXN003584,2023-12-31,CUST0020,Priya Patel,Central,Raipur,Groceries,Whole Wheat Flour 5kg,6,272.85,194.96,0.0,1637.1,0.0,1637.1,467.34,Cash,0
TXN003585,2024-06-15,CUST0412,Mohit Saxena,West,Pune,Cosmetics,Sunscreen SPF50,3,485.7,272.44,0.0,1457.1,0.0,1457.1,639.78,Cash,0
TXN003586,2023-11-19,CUST0352,Nisha Trivedi,South,Hyderabad,Cosmetics,Sunscreen SPF50,1,464.62,270.1,0.05,464.62,23.23,441.39,171.29,Credit Card,0
TXN003587,2023-07-23,CUST0348,Rekha Srivastava,West,Surat,Groceries,Sugar 1kg,1,58.43,40.89,0.1,58.43,5.84,52.59,11.7,UPI,0
TXN003588,2023-03-09,CUST0184,Priya Patel,West,Mumbai,Clothing,Saree,2,5433.56,2425.14,0.0,10867.12,0.0,10867.12,6016.84,Cash,0
TXN003589,2023-06-30,CUST0072,Nisha Trivedi,West,Surat,Groceries,Cooking Oil 1L,1,179.28,131.34,0.0,179.28,0.0,179.28,47.94,UPI,0
TXN003590,2023-12-31,CUST0041,Amit Kumar,East,Bhubaneswar,Groceries,Sugar 1kg,4,59.58,42.43,0.0,238.32,0.0,238.32,68.6,UPI,0
TXN003591,2024-06-04,CUST0184,Sunita Mishra,Central,Raipur,Clothing,Saree,3,5161.04,2533.18,0.0,15483.12,0.0,15483.12,7883.58,Net Banking,0
TXN003592,2023-11-21,CUST0084,Geeta Bhatt,South,Bangalore,Groceries,Tea Powder 500g,1,201.7,153.55,0.0,201.7,0.0,201.7,48.15,Net Banking,0
TXN003593,2023-06-18,CUST0309,Lakshmi Rao,North,Delhi,Furniture,Bookshelf,2,6817.4,4534.34,0.0,13634.8,0.0,13634.8,4566.12,UPI,0
TXN003594,2023-10-29,CUST0177,Rekha Srivastava,East,Bhubaneswar,Clothing,Saree,2,5480.35,2513.97,0.0,10960.7,0.0,10960.7,5932.76,UPI,0
TXN003595,2024-05-25,CUST0141,Nisha Trivedi,East,Kolkata,Groceries,Sugar 1kg,3,57.5,42.67,0.15,172.5,25.88,146.62,18.61,Net Banking,0
TXN003596,2024-06-06,CUST0338,Swati Kapoor,East,Kolkata,Sports,Cricket Bat,1,3033.52,1813.8,0.2,3033.52,606.7,2426.82,613.02,Cash,0
TXN003597,2024-09-02,CUST0133,Vijay Singh,Central,Raipur,Groceries,Cooking Oil 1L,1,186.39,126.62,0.15,186.39,27.96,158.43,31.81,Cash,0
TXN003598,2023-05-10,CUST0393,Anita Verma,Central,Raipur,Sports,Running Shoes,1,5476.11,3113.66,0.2,5476.11,1095.22,4380.89,1267.23,Debit Card,0
TXN003599,2023-03-15,CUST0118,Sanjay Yadav,East,Guwahati,Sports,Badminton Racket,1,1614.86,901.55,0.0,1614.86,0.0,1614.86,713.31,Debit Card,0
TXN003600,2023-12-25,CUST0446,Suresh Pillai,South,Chennai,Groceries,Cooking Oil 1L,2,195.82,128.25,0.15,391.64,58.75,332.89,76.39,Cash,0
TXN003601,2023-01-21,CUST0277,Pallavi Shah,South,Bangalore,Cosmetics,Moisturiser 50g,1,495.94,277.02,0.05,495.94,24.8,471.14,194.12,Debit Card,0
TXN003602,2024-09-26,CUST0038,Harish Agarwal,West,Pune,Cosmetics,Sunscreen SPF50,1,483.71,264.43,0.0,483.71,0.0,483.71,219.28,Cash,0
TXN003603,2023-07-06,CUST0299,Rohan Mehta,South,Bangalore,Cosmetics,Hair Serum 100ml,2,744.59,411.39,0.1,1489.18,148.92,1340.26,517.48,UPI,0
TXN003604,2024-04-11,CUST0370,Rahul Sharma,North,Lucknow,Electronics,Smart TV,2,33381.98,26791.06,0.15,66763.96,10014.59,56749.37,3167.25,UPI,1
TXN003605,2024-01-30,CUST0067,Meera Das,South,Kochi,Furniture,Wooden Desk,2,12972.34,8692.48,0.0,25944.68,0.0,25944.68,8559.72,Debit Card,0
TXN003606,2023-01-04,CUST0263,Sunita Mishra,West,Nagpur,Sports,Cricket Bat,1,2963.91,1799.04,0.05,2963.91,148.2,2815.71,1016.67,Credit Card,0
TXN003607,2024-06-13,CUST0290,Geeta Bhatt,East,Bhubaneswar,Cosmetics,Sunscreen SPF50,2,456.84,275.42,0.05,913.68,45.68,868.0,317.16,Cash,0
TXN003608,2023-11-04,CUST0469,Divya Iyer,East,Kolkata,Cosmetics,Hair Serum 100ml,4,721.23,393.39,0.1,2884.92,288.49,2596.43,1022.87,UPI,1
TXN003609,2024-08-05,CUST0309,Pallavi Shah,South,Kochi,Clothing,Saree,1,5351.38,2477.79,0.0,5351.38,0.0,5351.38,2873.59,Net Banking,0
TXN003610,2024-05-08,CUST0377,Kavita Joshi,West,Nagpur,Cosmetics,Foundation,2,983.2,515.67,0.0,1966.4,0.0,1966.4,935.06,Credit Card,1
TXN003611,2023-03-14,CUST0451,Amit Kumar,West,Nagpur,Clothing,Men's T-Shirt,2,794.86,349.9,0.05,1589.72,79.49,1510.23,810.43,Net Banking,0
TXN003612,2023-04-08,CUST0011,Geeta Bhatt,West,Ahmedabad,Cosmetics,Face Wash 100ml,1,290.44,162.91,0.2,290.44,58.09,232.35,69.44,Cash,0
TXN003613,2024-06-25,CUST0180,Sneha Gupta,Central,Gwalior,Groceries,Pulses 1kg,1,151.44,97.34,0.0,151.44,0.0,151.44,54.1,Credit Card,1
TXN003614,2023-08-21,CUST0455,Lakshmi Rao,North,Jaipur,Clothing,Men's T-Shirt,1,832.65,339.56,0.0,832.65,0.0,832.65,493.09,UPI,1
TXN003615,2023-08-02,CUST0147,Rekha Srivastava,Central,Varanasi,Cosmetics,Hair Serum 100ml,3,738.38,410.21,0.05,2215.14,110.76,2104.38,873.75,UPI,0
TXN003616,2023-07-03,CUST0084,Rekha Srivastava,Central,Gwalior,Furniture,Bookshelf,1,6364.57,4385.71,0.0,6364.57,0.0,6364.57,1978.86,Debit Card,0
TXN003617,2023-07-31,CUST0129,Harish Agarwal,South,Bangalore,Furniture,Bookshelf,1,6269.6,4597.5,0.0,6269.6,0.0,6269.6,1672.1,Net Banking,0
TXN003618,2023-04-28,CUST0391,Harish Agarwal,Central,Varanasi,Cosmetics,Lipstick,2,597.4,313.32,0.2,1194.8,238.96,955.84,329.2,UPI,0
TXN003619,2023-09-27,CUST0039,Swati Kapoor,Central,Raipur,Electronics,Wireless Earbuds,3,3399.08,2199.1,0.15,10197.24,1529.59,8667.65,2070.35,Debit Card,0
TXN003620,2023-08-23,CUST0057,Rajesh Malhotra,West,Nagpur,Groceries,Basmati Rice 5kg,1,471.18,301.79,0.15,471.18,70.68,400.5,98.71,Net Banking,0
TXN003621,2023-04-01,CUST0297,Sneha Gupta,North,Delhi,Clothing,Men's T-Shirt,1,774.7,339.9,0.0,774.7,0.0,774.7,434.8,Debit Card,0
TXN003622,2024-01-18,CUST0005,Amit Kumar,North,Amritsar,Furniture,Sofa Set,1,37073.04,24268.27,0.2,37073.04,7414.61,29658.43,5390.16,Debit Card,0
TXN003623,2023-10-04,CUST0190,Meera Das,North,Delhi,Electronics,Smartphone,1,22396.89,17198.27,0.05,22396.89,1119.84,21277.05,4078.78,UPI,0
TXN003624,2024-04-13,CUST0031,Arjun Reddy,South,Mysore,Cosmetics,Foundation,3,918.74,513.79,0.2,2756.22,551.24,2204.98,663.61,Cash,0
TXN003625,2023-11-29,CUST0061,Pooja Nair,South,Chennai,Clothing,Men's T-Shirt,2,863.61,355.48,0.0,1727.22,0.0,1727.22,1016.26,UPI,0
TXN003626,2024-03-04,CUST0165,Rohan Mehta,West,Ahmedabad,Clothing,Winter Jacket,1,3930.85,2244.26,0.0,3930.85,0.0,3930.85,1686.59,Debit Card,0
TXN003627,2024-09-02,CUST0412,Harish Agarwal,West,Nagpur,Electronics,Router,2,2903.09,1850.11,0.1,5806.18,580.62,5225.56,1525.34,UPI,0
TXN003628,2023-02-27,CUST0434,Swati Kapoor,North,Jaipur,Furniture,Office Chair,1,8581.57,5644.99,0.05,8581.57,429.08,8152.49,2507.5,UPI,0
TXN003629,2024-08-13,CUST0346,Rohan Mehta,North,Delhi,Furniture,Wardrobe,2,18938.84,11959.01,0.05,37877.68,1893.88,35983.8,12065.78,Cash,0
TXN003630,2023-10-19,CUST0316,Meera Das,North,Amritsar,Sports,Running Shoes,1,5253.77,3209.5,0.0,5253.77,0.0,5253.77,2044.27,Cash,0
TXN003631,2023-06-03,CUST0435,Ravi Chandra,Central,Indore,Electronics,Wireless Earbuds,1,3596.47,2228.0,0.05,3596.47,179.82,3416.65,1188.65,Net Banking,0
TXN003632,2024-05-31,CUST0276,Rekha Srivastava,South,Kochi,Groceries,Pulses 1kg,1,141.47,100.19,0.05,141.47,7.07,134.4,34.21,UPI,1
TXN003633,2024-04-02,CUST0461,Arjun Reddy,Central,Indore,Cosmetics,Moisturiser 50g,5,476.73,283.58,0.0,2383.65,0.0,2383.65,965.75,Debit Card,0
TXN003634,2023-12-07,CUST0197,Suresh Pillai,East,Kolkata,Electronics,Smartphone,3,23711.69,17307.9,0.0,71135.07,0.0,71135.07,19211.37,Credit Card,0
TXN003635,2023-03-31,CUST0094,Pooja Nair,East,Guwahati,Furniture,Wardrobe,1,17147.96,11754.75,0.1,17147.96,1714.8,15433.16,3678.41,UPI,0
TXN003636,2024-09-15,CUST0143,Rekha Srivastava,North,Chandigarh,Furniture,Office Chair,2,8610.68,5739.47,0.1,17221.36,1722.14,15499.22,4020.28,Credit Card,0
TXN003637,2023-08-10,CUST0425,Sunita Mishra,East,Ranchi,Furniture,Wardrobe,2,17331.64,11800.35,0.15,34663.28,5199.49,29463.79,5863.09,Cash,0
TXN003638,2024-06-08,CUST0025,Pooja Nair,South,Kochi,Sports,Cricket Bat,5,2860.9,1843.49,0.1,14304.5,1430.45,12874.05,3656.6,UPI,0
TXN003639,2023-10-16,CUST0254,Asha Pandey,North,Lucknow,Cosmetics,Hair Serum 100ml,3,743.8,402.79,0.0,2231.4,0.0,2231.4,1023.03,Net Banking,0
TXN003640,2024-12-21,CUST0028,Rahul Sharma,North,Amritsar,Cosmetics,Moisturiser 50g,3,506.54,285.74,0.1,1519.62,151.96,1367.66,510.44,Net Banking,0
TXN003641,2024-03-12,CUST0219,Swati Kapoor,North,Jaipur,Sports,Cricket Bat,4,2987.74,1754.72,0.15,11950.96,1792.64,10158.32,3139.44,UPI,0
TXN003642,2024-05-03,CUST0241,Priya Patel,South,Mysore,Groceries,Cooking Oil 1L,1,197.2,129.29,0.2,197.2,39.44,157.76,28.47,Net Banking,1
TXN003643,2023-12-17,CUST0351,Ravi Chandra,East,Ranchi,Clothing,Denim Jeans,3,2607.61,1198.53,0.15,7822.83,1173.42,6649.41,3053.82,Debit Card,0
TXN003644,2023-06-30,CUST0403,Deepak Tiwari,North,Delhi,Clothing,Men's T-Shirt,1,782.7,347.18,0.15,782.7,117.41,665.29,318.11,UPI,0
TXN003645,2023-12-22,CUST0331,Sneha Gupta,Central,Varanasi,Clothing,Women's Kurti,2,1357.52,598.86,0.0,2715.04,0.0,2715.04,1517.32,Net Banking,0
TXN003646,2023-12-21,CUST0070,Swati Kapoor,South,Chennai,Groceries,Basmati Rice 5kg,1,467.94,301.4,0.0,467.94,0.0,467.94,166.54,UPI,0
TXN003647,2023-09-26,CUST0348,Anita Verma,South,Chennai,Furniture,Sofa Set,1,36040.39,24111.25,0.2,36040.39,7208.08,28832.31,4721.06,UPI,0
TXN003648,2023-08-29,CUST0094,Amit Kumar,East,Patna,Groceries,Cooking Oil 1L,1,189.74,128.1,0.2,189.74,37.95,151.79,23.69,Credit Card,0
TXN003649,2023-01-05,CUST0108,Sunita Mishra,East,Patna,Furniture,Sofa Set,1,36779.05,23813.75,0.0,36779.05,0.0,36779.05,12965.3,Net Banking,0
TXN003650,2024-01-07,CUST0313,Lakshmi Rao,South,Chennai,Clothing,Winter Jacket,1,4015.97,2200.56,0.0,4015.97,0.0,4015.97,1815.41,Credit Card,0
TXN003651,2023-11-24,CUST0105,Ravi Chandra,East,Bhubaneswar,Cosmetics,Sunscreen SPF50,3,444.45,264.24,0.15,1333.35,200.0,1133.35,340.63,Debit Card,0
TXN003652,2024-05-09,CUST0192,Rahul Sharma,West,Ahmedabad,Furniture,Wooden Desk,3,12393.07,8495.32,0.0,37179.21,0.0,37179.21,11693.25,Cash,0
TXN003653,2023-09-23,CUST0022,Lakshmi Rao,East,Patna,Cosmetics,Hair Serum 100ml,4,746.03,392.1,0.0,2984.12,0.0,2984.12,1415.72,Net Banking,0
TXN003654,2024-01-24,CUST0384,Suresh Pillai,East,Ranchi,Furniture,Wardrobe,1,17585.19,11776.28,0.15,17585.19,2637.78,14947.41,3171.13,Cash,0
TXN003655,2023-06-11,CUST0424,Rekha Srivastava,East,Ranchi,Furniture,Wardrobe,2,17263.32,11893.48,0.0,34526.64,0.0,34526.64,10739.68,Credit Card,0
TXN003656,2023-07-27,CUST0102,Swati Kapoor,North,Jaipur,Furniture,Bookshelf,2,7002.96,4382.15,0.0,14005.92,0.0,14005.92,5241.62,Credit Card,0
TXN003657,2024-04-05,CUST0358,Asha Pandey,South,Hyderabad,Electronics,Tablet,3,19597.16,13200.55,0.2,58791.48,11758.3,47033.18,7431.53,Net Banking,0
TXN003658,2024-03-07,CUST0005,Deepak Tiwari,West,Mumbai,Clothing,Winter Jacket,1,4391.46,2211.6,0.05,4391.46,219.57,4171.89,1960.29,Cash,0
TXN003659,2024-12-07,CUST0361,Vijay Singh,East,Bhubaneswar,Sports,Yoga Mat,1,953.65,535.98,0.0,953.65,0.0,953.65,417.67,Credit Card,1
TXN003660,2024-09-18,CUST0250,Geeta Bhatt,East,Guwahati,Cosmetics,Sunscreen SPF50,1,452.05,265.06,0.15,452.05,67.81,384.24,119.18,UPI,0
TXN003661,2023-10-23,CUST0402,Sanjay Yadav,South,Hyderabad,Furniture,Wooden Desk,3,12374.97,8692.15,0.0,37124.91,0.0,37124.91,11048.46,UPI,0
TXN003662,2024-11-23,CUST0030,Suresh Pillai,South,Mysore,Sports,Cycle Helmet,2,1377.03,781.86,0.1,2754.06,275.41,2478.65,914.93,Cash,0
TXN003663,2024-01-21,CUST0337,Swati Kapoor,West,Nagpur,Sports,Cycle Helmet,1,1300.27,777.77,0.05,1300.27,65.01,1235.26,457.49,Net Banking,0
TXN003664,2023-06-05,CUST0157,Nikhil Dubey,North,Jaipur,Clothing,Formal Shirt,3,1848.37,912.45,0.0,5545.11,0.0,5545.11,2807.76,Credit Card,0
TXN003665,2024-01-18,CUST0489,Harish Agarwal,North,Delhi,Clothing,Winter Jacket,1,4015.17,2213.0,0.15,4015.17,602.28,3412.89,1199.89,UPI,0
TXN003666,2023-11-20,CUST0281,Deepak Tiwari,Central,Varanasi,Sports,Dumbbells Set,1,3362.53,2162.28,0.0,3362.53,0.0,3362.53,1200.25,Net Banking,0
TXN003667,2024-11-22,CUST0236,Sneha Gupta,North,Amritsar,Sports,Badminton Racket,5,1542.16,877.96,0.0,7710.8,0.0,7710.8,3321.0,Debit Card,0
TXN003668,2023-06-28,CUST0260,Harish Agarwal,South,Kochi,Electronics,Smartphone,1,23473.86,16912.28,0.0,23473.86,0.0,23473.86,6561.58,Debit Card,1
TXN003669,2024-11-09,CUST0366,Nikhil Dubey,East,Patna,Clothing,Winter Jacket,3,3918.06,2190.96,0.2,11754.18,2350.84,9403.34,2830.46,UPI,1
TXN003670,2024-03-02,CUST0029,Geeta Bhatt,Central,Indore,Electronics,Router,2,2906.68,1920.97,0.1,5813.36,581.34,5232.02,1390.08,Debit Card,0
TXN003671,2023-11-01,CUST0134,Anita Verma,North,Amritsar,Furniture,Dining Table,4,23445.48,15011.35,0.2,93781.92,18756.38,75025.54,14980.14,Cash,0
TXN003672,2024-07-23,CUST0047,Nikhil Dubey,North,Delhi,Sports,Cycle Helmet,2,1326.12,798.21,0.1,2652.24,265.22,2387.02,790.6,Credit Card,0
TXN003673,2023-06-13,CUST0069,Amit Kumar,East,Ranchi,Cosmetics,Foundation,2,861.77,525.8,0.0,1723.54,0.0,1723.54,671.94,UPI,0
TXN003674,2024-04-03,CUST0162,Deepak Tiwari,North,Lucknow,Clothing,Saree,2,4932.39,2446.08,0.2,9864.78,1972.96,7891.82,2999.66,Net Banking,0
TXN003675,2023-03-23,CUST0233,Anita Verma,Central,Indore,Electronics,Smart TV,2,33860.83,26747.39,0.2,67721.66,13544.33,54177.33,682.55,UPI,0
TXN003676,2024-08-03,CUST0036,Suresh Pillai,Central,Raipur,Clothing,Men's T-Shirt,3,871.01,339.89,0.2,2613.03,522.61,2090.42,1070.75,Net Banking,0
TXN003677,2023-07-05,CUST0230,Priya Patel,North,Chandigarh,Furniture,Wardrobe,2,18861.33,11694.12,0.15,37722.66,5658.4,32064.26,8676.02,Credit Card,0
TXN003678,2024-08-02,CUST0142,Kiran Bose,Central,Bhopal,Sports,Dumbbells Set,2,3326.61,2248.26,0.2,6653.22,1330.64,5322.58,826.06,Net Banking,0
TXN003679,2024-12-22,CUST0025,Nikhil Dubey,West,Mumbai,Furniture,Sofa Set,3,33440.72,24349.91,0.0,100322.16,0.0,100322.16,27272.43,Net Banking,1
TXN003680,2023-01-08,CUST0489,Kiran Bose,South,Hyderabad,Clothing,Women's Kurti,2,1421.22,595.05,0.0,2842.44,0.0,2842.44,1652.34,Credit Card,0
TXN003681,2023-11-30,CUST0341,Amit Kumar,North,Lucknow,Sports,Dumbbells Set,2,3452.25,2249.96,0.0,6904.5,0.0,6904.5,2404.58,Debit Card,0
TXN003682,2023-08-15,CUST0428,Nisha Trivedi,North,Amritsar,Furniture,Sofa Set,2,34315.83,24525.53,0.1,68631.66,6863.17,61768.49,12717.43,Credit Card,0
TXN003683,2023-01-01,CUST0114,Geeta Bhatt,North,Chandigarh,Groceries,Pulses 1kg,1,140.09,98.42,0.0,140.09,0.0,140.09,41.67,UPI,0
TXN003684,2024-06-13,CUST0448,Deepak Tiwari,East,Guwahati,Groceries,Cooking Oil 1L,1,176.97,126.89,0.0,176.97,0.0,176.97,50.08,Cash,0
TXN003685,2023-01-29,CUST0266,Kavita Joshi,East,Kolkata,Furniture,Wooden Desk,1,11478.84,8608.82,0.05,11478.84,573.94,10904.9,2296.08,Cash,0
TXN003686,2024-01-07,CUST0445,Mohit Saxena,North,Chandigarh,Sports,Dumbbells Set,1,3727.42,2253.33,0.0,3727.42,0.0,3727.42,1474.09,Debit Card,0
TXN003687,2024-11-22,CUST0011,Vijay Singh,East,Guwahati,Cosmetics,Lipstick,2,614.16,314.89,0.1,1228.32,122.83,1105.49,475.71,Credit Card,0
TXN003688,2023-04-08,CUST0381,Rahul Sharma,East,Kolkata,Sports,Badminton Racket,2,1547.17,905.62,0.05,3094.34,154.72,2939.62,1128.38,Net Banking,0
TXN003689,2024-05-13,CUST0243,Harish Agarwal,North,Jaipur,Groceries,Basmati Rice 5kg,4,489.94,307.95,0.05,1959.76,97.99,1861.77,629.97,Debit Card,0
TXN003690,2023-10-15,CUST0485,Pooja Nair,West,Pune,Cosmetics,Moisturiser 50g,1,524.47,286.85,0.15,524.47,78.67,445.8,158.95,Credit Card,0
TXN003691,2024-11-21,CUST0073,Rajesh Malhotra,West,Nagpur,Cosmetics,Sunscreen SPF50,1,461.19,277.4,0.0,461.19,0.0,461.19,183.79,Cash,0
TXN003692,2024-07-23,CUST0250,Kiran Bose,North,Delhi,Clothing,Winter Jacket,1,4268.73,2178.8,0.0,4268.73,0.0,4268.73,2089.93,Debit Card,0
TXN003693,2023-10-26,CUST0187,Ravi Chandra,West,Mumbai,Cosmetics,Hair Serum 100ml,6,699.4,389.55,0.0,4196.4,0.0,4196.4,1859.1,Debit Card,0
TXN003694,2024-07-27,CUST0299,Divya Iyer,North,Chandigarh,Cosmetics,Hair Serum 100ml,1,758.18,411.52,0.15,758.18,113.73,644.45,232.93,Debit Card,0
TXN003695,2023-11-19,CUST0313,Rahul Sharma,East,Bhubaneswar,Furniture,Wardrobe,3,18214.64,11706.84,0.2,54643.92,10928.78,43715.14,8594.62,Net Banking,0
TXN003696,2023-06-13,CUST0022,Vijay Singh,North,Amritsar,Electronics,Tablet,2,19016.37,13128.71,0.05,38032.74,1901.64,36131.1,9873.68,Credit Card,0
TXN003697,2024-03-26,CUST0339,Rekha Srivastava,West,Mumbai,Furniture,Office Chair,2,8502.92,5942.01,0.0,17005.84,0.0,17005.84,5121.82,Cash,0
TXN003698,2023-04-06,CUST0252,Divya Iyer,South,Chennai,Sports,Cricket Bat,3,3257.28,1783.41,0.0,9771.84,0.0,9771.84,4421.61,Debit Card,0
TXN003699,2023-04-09,CUST0315,Rohan Mehta,West,Nagpur,Electronics,Tablet,2,17544.75,12698.62,0.0,35089.5,0.0,35089.5,9692.26,Credit Card,0
TXN003700,2024-09-17,CUST0339,Divya Iyer,Central,Bhopal,Electronics,Wireless Earbuds,1,3410.91,2211.23,0.15,3410.91,511.64,2899.27,688.04,UPI,1
TXN003701,2023-05-20,CUST0285,Mohit Saxena,West,Ahmedabad,Furniture,Bookshelf,2,7149.97,4466.53,0.05,14299.94,715.0,13584.94,4651.88,Debit Card,0
TXN003702,2023-12-05,CUST0454,Pooja Nair,Central,Raipur,Groceries,Basmati Rice 5kg,1,477.77,302.15,0.2,477.77,95.55,382.22,80.07,Credit Card,0
TXN003703,2024-08-10,CUST0074,Deepak Tiwari,South,Hyderabad,Furniture,Office Chair,3,8292.56,5776.31,0.0,24877.68,0.0,24877.68,7548.75,Debit Card,0
TXN003704,2023-04-20,CUST0481,Nisha Trivedi,Central,Indore,Groceries,Tea Powder 500g,1,210.01,150.45,0.0,210.01,0.0,210.01,59.56,Net Banking,0
TXN003705,2023-12-12,CUST0106,Geeta Bhatt,North,Amritsar,Electronics,Wireless Earbuds,3,3733.95,2158.51,0.2,11201.85,2240.37,8961.48,2485.95,Net Banking,0
TXN003706,2023-02-13,CUST0344,Asha Pandey,East,Bhubaneswar,Electronics,Smart TV,1,35817.18,27631.09,0.15,35817.18,5372.58,30444.6,2813.51,Credit Card,0
TXN003707,2023-08-21,CUST0357,Nikhil Dubey,Central,Raipur,Electronics,Laptop,2,45881.45,37776.21,0.0,91762.9,0.0,91762.9,16210.48,Cash,0
TXN003708,2024-10-24,CUST0309,Divya Iyer,North,Lucknow,Electronics,Smart TV,1,37876.04,27127.4,0.0,37876.04,0.0,37876.04,10748.64,UPI,0
TXN003709,2023-11-10,CUST0409,Meera Das,East,Kolkata,Furniture,Dining Table,7,23835.77,14772.51,0.05,166850.39,8342.52,158507.87,55100.3,UPI,0
TXN003710,2024-10-20,CUST0307,Nisha Trivedi,North,Lucknow,Cosmetics,Lipstick,1,606.17,308.6,0.0,606.17,0.0,606.17,297.57,UPI,0
TXN003711,2024-07-30,CUST0022,Rohan Mehta,West,Pune,Clothing,Saree,1,4947.36,2459.25,0.2,4947.36,989.47,3957.89,1498.64,Net Banking,0
TXN003712,2024-11-13,CUST0033,Rekha Srivastava,East,Guwahati,Furniture,Bookshelf,3,6841.16,4628.42,0.0,20523.48,0.0,20523.48,6638.22,Credit Card,0
TXN003713,2023-01-22,CUST0281,Amit Kumar,West,Nagpur,Cosmetics,Moisturiser 50g,2,512.0,278.06,0.15,1024.0,153.6,870.4,314.28,UPI,0
TXN003714,2023-12-29,CUST0096,Swati Kapoor,North,Amritsar,Electronics,Smart TV,4,37410.31,26449.43,0.0,149641.24,0.0,149641.24,43843.52,Credit Card,0
TXN003715,2023-09-04,CUST0148,Amit Kumar,South,Kochi,Clothing,Formal Shirt,2,1729.35,926.75,0.0,3458.7,0.0,3458.7,1605.2,Credit Card,0
TXN003716,2024-11-21,CUST0380,Pooja Nair,North,Jaipur,Cosmetics,Hair Serum 100ml,3,679.03,390.98,0.0,2037.09,0.0,2037.09,864.15,UPI,0
TXN003717,2023-06-24,CUST0144,Mohit Saxena,South,Hyderabad,Furniture,Dining Table,1,21655.55,14859.43,0.0,21655.55,0.0,21655.55,6796.12,Debit Card,1
TXN003718,2024-03-03,CUST0168,Ravi Chandra,West,Pune,Electronics,Router,2,2701.04,1888.19,0.1,5402.08,540.21,4861.87,1085.49,Credit Card,0
TXN003719,2023-08-25,CUST0153,Asha Pandey,North,Delhi,Sports,Cycle Helmet,1,1277.62,785.33,0.0,1277.62,0.0,1277.62,492.29,Debit Card,0
TXN003720,2023-04-17,CUST0484,Sanjay Yadav,West,Mumbai,Sports,Badminton Racket,2,1641.7,921.06,0.2,3283.4,656.68,2626.72,784.6,Cash,0
TXN003721,2024-09-27,CUST0240,Rohan Mehta,South,Hyderabad,Groceries,Sugar 1kg,2,56.6,41.17,0.0,113.2,0.0,113.2,30.86,Debit Card,0
TXN003722,2023-02-04,CUST0100,Nikhil Dubey,Central,Varanasi,Clothing,Winter Jacket,1,4299.62,2144.32,0.1,4299.62,429.96,3869.66,1725.34,Cash,0
TXN003723,2023-07-14,CUST0118,Rahul Sharma,South,Chennai,Sports,Cycle Helmet,2,1235.4,792.29,0.15,2470.8,370.62,2100.18,515.6,Net Banking,0
TXN003724,2023-08-24,CUST0372,Lakshmi Rao,North,Delhi,Furniture,Bookshelf,3,6652.83,4433.87,0.0,19958.49,0.0,19958.49,6656.88,Credit Card,0
TXN003725,2024-02-21,CUST0357,Arun Patil,North,Chandigarh,Clothing,Saree,1,5272.93,2520.35,0.2,5272.93,1054.59,4218.34,1697.99,Net Banking,0
TXN003726,2023-03-18,CUST0478,Anita Verma,South,Mysore,Clothing,Denim Jeans,2,2632.09,1202.51,0.0,5264.18,0.0,5264.18,2859.16,Cash,0
TXN003727,2024-05-13,CUST0007,Vijay Singh,North,Chandigarh,Clothing,Formal Shirt,1,1836.84,901.14,0.05,1836.84,91.84,1745.0,843.86,Net Banking,0
TXN003728,2024-09-04,CUST0002,Arjun Reddy,West,Pune,Furniture,Wardrobe,4,18951.42,12022.14,0.0,75805.68,0.0,75805.68,27717.12,Cash,0
TXN003729,2023-04-01,CUST0277,Arjun Reddy,Central,Bhopal,Clothing,Formal Shirt,1,1873.55,884.96,0.15,1873.55,281.03,1592.52,707.56,Net Banking,0
TXN003730,2023-03-01,CUST0293,Divya Iyer,South,Chennai,Furniture,Wardrobe,2,19678.48,11709.41,0.05,39356.96,1967.85,37389.11,13970.29,Credit Card,0
TXN003731,2023-09-08,CUST0324,Pooja Nair,West,Nagpur,Sports,Cycle Helmet,3,1385.31,778.05,0.0,4155.93,0.0,4155.93,1821.78,Net Banking,0
TXN003732,2024-11-26,CUST0016,Amit Kumar,West,Pune,Clothing,Men's T-Shirt,5,857.04,347.66,0.1,4285.2,428.52,3856.68,2118.38,Net Banking,0
TXN003733,2024-05-18,CUST0054,Rajesh Malhotra,North,Lucknow,Cosmetics,Face Wash 100ml,3,328.69,157.65,0.05,986.07,49.3,936.77,463.82,Credit Card,0
TXN003734,2024-07-29,CUST0096,Rohan Mehta,West,Pune,Groceries,Pulses 1kg,1,142.38,100.02,0.05,142.38,7.12,135.26,35.24,UPI,0
TXN003735,2024-07-23,CUST0097,Sunita Mishra,North,Jaipur,Clothing,Women's Kurti,2,1313.4,607.33,0.2,2626.8,525.36,2101.44,886.78,Debit Card,0
TXN003736,2024-12-23,CUST0039,Nikhil Dubey,Central,Gwalior,Sports,Cricket Bat,1,3040.98,1829.44,0.0,3040.98,0.0,3040.98,1211.54,UPI,0
TXN003737,2023-09-15,CUST0044,Rajesh Malhotra,West,Surat,Cosmetics,Moisturiser 50g,1,536.5,277.84,0.2,536.5,107.3,429.2,151.36,Net Banking,0
TXN003738,2023-08-15,CUST0353,Sunita Mishra,West,Surat,Cosmetics,Foundation,1,973.96,515.7,0.0,973.96,0.0,973.96,458.26,Debit Card,1
TXN003739,2024-06-01,CUST0463,Anita Verma,North,Amritsar,Cosmetics,Hair Serum 100ml,2,694.63,400.99,0.1,1389.26,138.93,1250.33,448.35,Credit Card,0
TXN003740,2024-01-22,CUST0200,Lakshmi Rao,South,Hyderabad,Groceries,Whole Wheat Flour 5kg,1,237.66,188.31,0.2,237.66,47.53,190.13,1.82,Cash,0
TXN003741,2024-05-05,CUST0002,Kavita Joshi,South,Mysore,Groceries,Pulses 1kg,1,152.18,101.55,0.15,152.18,22.83,129.35,27.8,UPI,0
TXN003742,2023-08-02,CUST0372,Rahul Sharma,Central,Raipur,Electronics,Smartphone,1,23652.32,17008.09,0.2,23652.32,4730.46,18921.86,1913.77,Debit Card,0
TXN003743,2023-09-19,CUST0008,Deepak Tiwari,South,Kochi,Sports,Badminton Racket,2,1508.44,890.23,0.0,3016.88,0.0,3016.88,1236.42,UPI,0
TXN003744,2023-04-15,CUST0320,Geeta Bhatt,Central,Varanasi,Electronics,Smart TV,1,37701.8,27398.99,0.0,37701.8,0.0,37701.8,10302.81,Credit Card,0
TXN003745,2023-08-29,CUST0034,Rajesh Malhotra,East,Kolkata,Clothing,Saree,1,4967.2,2478.84,0.0,4967.2,0.0,4967.2,2488.36,UPI,0
TXN003746,2024-01-09,CUST0498,Rahul Sharma,West,Ahmedabad,Sports,Running Shoes,1,4908.16,3132.5,0.0,4908.16,0.0,4908.16,1775.66,UPI,0
TXN003747,2023-01-04,CUST0060,Priya Patel,West,Mumbai,Groceries,Whole Wheat Flour 5kg,1,260.96,195.21,0.0,260.96,0.0,260.96,65.75,Net Banking,0
TXN003748,2023-01-30,CUST0041,Suresh Pillai,West,Mumbai,Furniture,Wardrobe,1,19426.03,12115.19,0.0,19426.03,0.0,19426.03,7310.84,UPI,0
TXN003749,2024-12-10,CUST0389,Nikhil Dubey,East,Patna,Furniture,Dining Table,1,22583.88,14814.02,0.0,22583.88,0.0,22583.88,7769.86,UPI,0
TXN003750,2024-04-07,CUST0138,Arun Patil,East,Patna,Groceries,Sugar 1kg,2,58.73,41.71,0.0,117.46,0.0,117.46,34.04,Credit Card,0
TXN003751,2024-01-17,CUST0372,Priya Patel,Central,Gwalior,Clothing,Saree,1,5463.36,2513.26,0.05,5463.36,273.17,5190.19,2676.93,Net Banking,0
TXN003752,2024-12-02,CUST0011,Rohan Mehta,West,Ahmedabad,Sports,Badminton Racket,4,1432.19,878.83,0.15,5728.76,859.31,4869.45,1354.13,UPI,1
TXN003753,2023-11-10,CUST0231,Sunita Mishra,East,Patna,Electronics,Smartphone,3,23895.82,17387.43,0.2,71687.46,14337.49,57349.97,5187.68,Cash,0
TXN003754,2023-06-11,CUST0484,Amit Kumar,Central,Indore,Electronics,Wireless Earbuds,1,3664.45,2172.44,0.0,3664.45,0.0,3664.45,1492.01,Credit Card,0
TXN003755,2023-07-22,CUST0199,Geeta Bhatt,East,Patna,Furniture,Dining Table,1,21035.04,14716.98,0.05,21035.04,1051.75,19983.29,5266.31,Net Banking,0
TXN003756,2023-09-13,CUST0358,Amit Kumar,South,Kochi,Groceries,Sugar 1kg,1,59.37,43.2,0.05,59.37,2.97,56.4,13.2,Debit Card,0
TXN003757,2023-02-23,CUST0337,Nikhil Dubey,South,Kochi,Furniture,Sofa Set,1,35804.71,23800.23,0.1,35804.71,3580.47,32224.24,8424.01,Credit Card,0
TXN003758,2023-05-16,CUST0161,Arjun Reddy,Central,Varanasi,Furniture,Wooden Desk,2,12242.25,8545.57,0.05,24484.5,1224.23,23260.27,6169.13,UPI,0
TXN003759,2023-05-02,CUST0143,Rajesh Malhotra,North,Amritsar,Groceries,Whole Wheat Flour 5kg,2,243.62,192.34,0.15,487.24,73.09,414.15,29.47,Debit Card,0
TXN003760,2024-06-25,CUST0199,Kiran Bose,Central,Varanasi,Furniture,Dining Table,2,21820.14,14658.97,0.15,43640.28,6546.04,37094.24,7776.3,UPI,0
TXN003761,2024-07-13,CUST0290,Nisha Trivedi,Central,Gwalior,Sports,Running Shoes,2,5323.44,3203.5,0.0,10646.88,0.0,10646.88,4239.88,Cash,1
TXN003762,2023-11-01,CUST0313,Priya Patel,South,Hyderabad,Sports,Cricket Bat,2,3184.59,1843.11,0.0,6369.18,0.0,6369.18,2682.96,Debit Card,0
TXN003763,2023-09-24,CUST0211,Amit Kumar,South,Kochi,Electronics,Smart TV,2,35053.85,26433.91,0.1,70107.7,7010.77,63096.93,10229.11,Cash,0
TXN003764,2023-09-16,CUST0447,Sunita Mishra,South,Mysore,Furniture,Bookshelf,2,7057.21,4488.22,0.0,14114.42,0.0,14114.42,5137.98,Credit Card,0
TXN003765,2023-09-16,CUST0268,Sunita Mishra,North,Chandigarh,Furniture,Dining Table,2,23811.07,14755.55,0.05,47622.14,2381.11,45241.03,15729.93,Net Banking,0
TXN003766,2024-11-23,CUST0241,Divya Iyer,Central,Raipur,Sports,Running Shoes,5,5109.21,3104.08,0.15,25546.05,3831.91,21714.14,6193.74,Cash,0
TXN003767,2024-08-12,CUST0477,Lakshmi Rao,Central,Indore,Sports,Cycle Helmet,2,1422.74,797.69,0.1,2845.48,284.55,2560.93,965.55,Debit Card,0
TXN003768,2024-02-08,CUST0375,Suresh Pillai,North,Jaipur,Furniture,Office Chair,2,8736.44,5689.09,0.05,17472.88,873.64,16599.24,5221.06,Net Banking,0
TXN003769,2024-02-18,CUST0410,Meera Das,South,Mysore,Furniture,Wooden Desk,1,11418.63,8345.92,0.15,11418.63,1712.79,9705.84,1359.92,Credit Card,0
TXN003770,2024-09-21,CUST0142,Ravi Chandra,East,Kolkata,Sports,Dumbbells Set,1,3535.25,2182.35,0.2,3535.25,707.05,2828.2,645.85,UPI,0
TXN003771,2023-11-17,CUST0239,Kiran Bose,East,Patna,Clothing,Denim Jeans,4,2481.73,1173.5,0.15,9926.92,1489.04,8437.88,3743.88,Credit Card,0
TXN003772,2024-07-07,CUST0084,Asha Pandey,North,Chandigarh,Sports,Badminton Racket,1,1480.16,886.75,0.1,1480.16,148.02,1332.14,445.39,Cash,0
TXN003773,2024-11-21,CUST0215,Sunita Mishra,North,Lucknow,Clothing,Winter Jacket,2,4011.93,2203.25,0.1,8023.86,802.39,7221.47,2814.97,Cash,0
TXN003774,2023-03-23,CUST0457,Sneha Gupta,South,Chennai,Electronics,Tablet,2,17459.19,12844.36,0.0,34918.38,0.0,34918.38,9229.66,Debit Card,0
TXN003775,2023-12-01,CUST0230,Mohit Saxena,East,Bhubaneswar,Furniture,Sofa Set,1,33739.28,24447.54,0.05,33739.28,1686.96,32052.32,7604.78,Net Banking,0
TXN003776,2023-07-22,CUST0011,Amit Kumar,South,Chennai,Groceries,Sugar 1kg,1,59.99,42.29,0.0,59.99,0.0,59.99,17.7,Net Banking,0
TXN003777,2023-11-25,CUST0395,Divya Iyer,West,Mumbai,Furniture,Wardrobe,2,18653.26,12238.58,0.15,37306.52,5595.98,31710.54,7233.38,Cash,0
TXN003778,2023-10-16,CUST0455,Kavita Joshi,South,Bangalore,Sports,Dumbbells Set,1,3357.11,2219.88,0.05,3357.11,167.86,3189.25,969.37,Credit Card,0
TXN003779,2024-01-13,CUST0066,Mohit Saxena,South,Hyderabad,Cosmetics,Foundation,1,902.87,517.8,0.0,902.87,0.0,902.87,385.07,Cash,0
TXN003780,2024-07-08,CUST0039,Swati Kapoor,West,Surat,Cosmetics,Moisturiser 50g,3,506.65,276.69,0.0,1519.95,0.0,1519.95,689.88,Net Banking,1
TXN003781,2024-06-09,CUST0328,Sanjay Yadav,Central,Gwalior,Electronics,Tablet,1,19751.62,12874.93,0.2,19751.62,3950.32,15801.3,2926.37,Credit Card,0
TXN003782,2024-03-16,CUST0044,Mohit Saxena,Central,Varanasi,Cosmetics,Sunscreen SPF50,1,427.66,273.14,0.1,427.66,42.77,384.89,111.75,Credit Card,0
TXN003783,2024-06-02,CUST0046,Deepak Tiwari,West,Ahmedabad,Electronics,Smartphone,1,21043.11,17176.11,0.1,21043.11,2104.31,18938.8,1762.69,Debit Card,0
TXN003784,2024-12-16,CUST0214,Nikhil Dubey,South,Hyderabad,Electronics,Tablet,2,18913.37,12855.91,0.0,37826.74,0.0,37826.74,12114.92,Debit Card,0
TXN003785,2023-03-02,CUST0328,Suresh Pillai,North,Jaipur,Electronics,Laptop,1,45104.25,38209.46,0.0,45104.25,0.0,45104.25,6894.79,Credit Card,0
TXN003786,2023-01-02,CUST0401,Sanjay Yadav,East,Ranchi,Groceries,Sugar 1kg,1,54.8,43.17,0.1,54.8,5.48,49.32,6.15,Debit Card,0
TXN003787,2023-05-11,CUST0056,Ravi Chandra,East,Patna,Cosmetics,Face Wash 100ml,6,319.02,162.22,0.0,1914.12,0.0,1914.12,940.8,Debit Card,1
TXN003788,2023-02-18,CUST0298,Rahul Sharma,Central,Varanasi,Clothing,Men's T-Shirt,2,864.58,346.69,0.0,1729.16,0.0,1729.16,1035.78,Cash,0
TXN003789,2023-10-06,CUST0394,Nikhil Dubey,South,Chennai,Cosmetics,Hair Serum 100ml,3,666.68,395.94,0.0,2000.04,0.0,2000.04,812.22,Debit Card,0
TXN003790,2024-01-27,CUST0474,Suresh Pillai,Central,Raipur,Sports,Running Shoes,2,5027.59,3256.96,0.15,10055.18,1508.28,8546.9,2032.98,Net Banking,0
TXN003791,2023-08-23,CUST0261,Divya Iyer,Central,Gwalior,Groceries,Cooking Oil 1L,3,180.48,133.67,0.1,541.44,54.14,487.3,86.29,UPI,0
TXN003792,2024-06-27,CUST0426,Deepak Tiwari,Central,Bhopal,Cosmetics,Hair Serum 100ml,3,699.71,392.32,0.2,2099.13,419.83,1679.3,502.34,Credit Card,0
TXN003793,2024-06-14,CUST0268,Pooja Nair,North,Amritsar,Sports,Badminton Racket,1,1568.73,919.29,0.15,1568.73,235.31,1333.42,414.13,UPI,0
TXN003794,2024-10-12,CUST0348,Pallavi Shah,North,Jaipur,Groceries,Whole Wheat Flour 5kg,3,270.09,186.09,0.0,810.27,0.0,810.27,252.0,UPI,0
TXN003795,2023-01-04,CUST0028,Geeta Bhatt,South,Kochi,Electronics,Wireless Earbuds,2,3512.26,2193.66,0.0,7024.52,0.0,7024.52,2637.2,Net Banking,0
TXN003796,2023-02-02,CUST0407,Rajesh Malhotra,North,Jaipur,Groceries,Tea Powder 500g,1,228.05,150.77,0.05,228.05,11.4,216.65,65.88,Net Banking,0
TXN003797,2024-04-18,CUST0098,Sunita Mishra,South,Mysore,Electronics,Router,1,2883.85,1897.72,0.05,2883.85,144.19,2739.66,841.94,Credit Card,0
TXN003798,2023-11-02,CUST0248,Amit Kumar,East,Patna,Electronics,Router,3,2860.62,1915.44,0.1,8581.86,858.19,7723.67,1977.35,Net Banking,0
TXN003799,2024-11-19,CUST0037,Pallavi Shah,North,Chandigarh,Electronics,Smartphone,2,21493.35,17184.75,0.15,42986.7,6448.0,36538.7,2169.2,UPI,0
TXN003800,2024-10-07,CUST0216,Sanjay Yadav,South,Kochi,Electronics,Router,1,2986.18,1887.72,0.15,2986.18,447.93,2538.25,650.53,UPI,0
TXN003801,2023-01-30,CUST0279,Kavita Joshi,Central,Indore,Groceries,Cooking Oil 1L,1,174.65,131.57,0.0,174.65,0.0,174.65,43.08,Cash,1
TXN003802,2023-07-17,CUST0092,Amit Kumar,North,Delhi,Cosmetics,Foundation,2,864.85,531.41,0.0,1729.7,0.0,1729.7,666.88,Debit Card,0
TXN003803,2024-08-05,CUST0487,Priya Patel,North,Jaipur,Groceries,Basmati Rice 5kg,2,452.98,313.64,0.0,905.96,0.0,905.96,278.68,Net Banking,0
TXN003804,2023-10-31,CUST0196,Mohit Saxena,South,Bangalore,Furniture,Sofa Set,1,33986.55,23468.21,0.0,33986.55,0.0,33986.55,10518.34,Debit Card,1
TXN003805,2024-04-30,CUST0273,Rajesh Malhotra,West,Mumbai,Furniture,Office Chair,1,8377.04,5941.94,0.1,8377.04,837.7,7539.34,1597.4,Net Banking,0
TXN003806,2023-09-19,CUST0339,Sanjay Yadav,North,Delhi,Electronics,Smart TV,2,34094.94,27175.08,0.1,68189.88,6818.99,61370.89,7020.73,UPI,0
TXN003807,2024-06-29,CUST0220,Pallavi Shah,North,Delhi,Furniture,Office Chair,2,8421.07,5847.93,0.15,16842.14,2526.32,14315.82,2619.96,Debit Card,0
TXN003808,2024-01-15,CUST0205,Harish Agarwal,East,Guwahati,Sports,Cricket Bat,1,3247.8,1833.0,0.0,3247.8,0.0,3247.8,1414.8,UPI,0
TXN003809,2023-11-24,CUST0299,Mohit Saxena,East,Guwahati,Sports,Cricket Bat,3,3111.36,1812.74,0.1,9334.08,933.41,8400.67,2962.45,Credit Card,0
TXN003810,2024-05-09,CUST0148,Arjun Reddy,Central,Varanasi,Groceries,Cooking Oil 1L,2,176.86,126.44,0.0,353.72,0.0,353.72,100.84,Credit Card,0
TXN003811,2023-08-06,CUST0240,Divya Iyer,Central,Gwalior,Clothing,Men's T-Shirt,2,759.31,342.73,0.2,1518.62,303.72,1214.9,529.44,Debit Card,0
TXN003812,2023-12-22,CUST0072,Arjun Reddy,Central,Varanasi,Groceries,Tea Powder 500g,1,202.31,154.3,0.1,202.31,20.23,182.08,27.78,Cash,0
TXN003813,2023-05-25,CUST0490,Kavita Joshi,South,Bangalore,Clothing,Denim Jeans,2,2674.5,1176.62,0.05,5349.0,267.45,5081.55,2728.31,Credit Card,0
TXN003814,2024-07-11,CUST0264,Nikhil Dubey,North,Lucknow,Sports,Cycle Helmet,2,1426.76,776.62,0.15,2853.52,428.03,2425.49,872.25,UPI,0
TXN003815,2023-03-22,CUST0425,Arun Patil,East,Ranchi,Electronics,Tablet,1,17262.21,13375.63,0.15,17262.21,2589.33,14672.88,1297.25,UPI,1
TXN003816,2023-05-10,CUST0272,Rajesh Malhotra,South,Kochi,Electronics,Router,4,2829.96,1855.05,0.1,11319.84,1131.98,10187.86,2767.66,Cash,1
TXN003817,2024-11-06,CUST0335,Suresh Pillai,West,Surat,Clothing,Denim Jeans,4,2723.45,1198.85,0.2,10893.8,2178.76,8715.04,3919.64,Cash,0
TXN003818,2024-04-07,CUST0426,Pooja Nair,West,Nagpur,Furniture,Dining Table,3,23027.77,14796.68,0.15,69083.31,10362.5,58720.81,14330.77,Cash,0
TXN003819,2023-08-29,CUST0089,Arjun Reddy,Central,Raipur,Furniture,Dining Table,1,22439.82,15429.3,0.0,22439.82,0.0,22439.82,7010.52,UPI,0
TXN003820,2024-01-24,CUST0294,Divya Iyer,Central,Varanasi,Cosmetics,Foundation,1,963.45,511.3,0.2,963.45,192.69,770.76,259.46,Cash,0
TXN003821,2024-01-31,CUST0181,Nikhil Dubey,South,Chennai,Cosmetics,Foundation,1,889.79,527.0,0.1,889.79,88.98,800.81,273.81,Cash,0
TXN003822,2024-10-23,CUST0378,Kavita Joshi,East,Kolkata,Sports,Badminton Racket,2,1636.75,912.33,0.15,3273.5,491.02,2782.48,957.82,Credit Card,0
TXN003823,2024-10-28,CUST0312,Nikhil Dubey,West,Pune,Groceries,Tea Powder 500g,2,202.38,156.29,0.15,404.76,60.71,344.05,31.47,Debit Card,0
TXN003824,2024-10-06,CUST0418,Ravi Chandra,South,Mysore,Groceries,Basmati Rice 5kg,2,454.06,317.89,0.15,908.12,136.22,771.9,136.12,Cash,0
TXN003825,2024-07-14,CUST0014,Nisha Trivedi,Central,Bhopal,Groceries,Tea Powder 500g,1,201.19,158.05,0.0,201.19,0.0,201.19,43.14,Net Banking,0
TXN003826,2023-12-26,CUST0128,Arjun Reddy,Central,Indore,Groceries,Cooking Oil 1L,1,178.4,130.53,0.05,178.4,8.92,169.48,38.95,UPI,0
TXN003827,2024-12-10,CUST0151,Rajesh Malhotra,Central,Varanasi,Furniture,Dining Table,1,23939.67,14805.94,0.0,23939.67,0.0,23939.67,9133.73,Debit Card,0
TXN003828,2024-03-10,CUST0209,Pooja Nair,South,Bangalore,Sports,Running Shoes,1,5307.83,3150.35,0.1,5307.83,530.78,4777.05,1626.7,UPI,0
TXN003829,2024-09-09,CUST0089,Ravi Chandra,South,Kochi,Sports,Yoga Mat,2,857.31,557.23,0.15,1714.62,257.19,1457.43,342.97,Debit Card,0
TXN003830,2024-11-19,CUST0194,Vijay Singh,Central,Bhopal,Sports,Dumbbells Set,1,3506.93,2203.46,0.0,3506.93,0.0,3506.93,1303.47,UPI,0
TXN003831,2023-07-30,CUST0207,Kavita Joshi,South,Hyderabad,Sports,Cricket Bat,3,3227.55,1844.45,0.05,9682.65,484.13,9198.52,3665.17,Debit Card,0
TXN003832,2023-04-17,CUST0067,Pooja Nair,East,Patna,Furniture,Sofa Set,4,35040.65,23542.23,0.2,140162.6,28032.52,112130.08,17961.16,UPI,0
TXN003833,2024-02-15,CUST0353,Rekha Srivastava,East,Kolkata,Furniture,Dining Table,2,21138.1,14643.88,0.0,42276.2,0.0,42276.2,12988.44,Credit Card,0
TXN003834,2023-11-01,CUST0182,Geeta Bhatt,West,Mumbai,Cosmetics,Sunscreen SPF50,4,483.8,262.02,0.0,1935.2,0.0,1935.2,887.12,UPI,0
TXN003835,2023-12-07,CUST0128,Sneha Gupta,North,Jaipur,Furniture,Sofa Set,2,34815.11,23605.22,0.15,69630.22,10444.53,59185.69,11975.25,Credit Card,0
TXN003836,2023-02-17,CUST0401,Vijay Singh,South,Chennai,Groceries,Pulses 1kg,2,139.01,98.06,0.2,278.02,55.6,222.42,26.3,Debit Card,0
TXN003837,2023-10-21,CUST0056,Lakshmi Rao,Central,Gwalior,Electronics,Smart TV,4,37869.78,27497.22,0.0,151479.12,0.0,151479.12,41490.24,UPI,0
TXN003838,2023-12-28,CUST0017,Harish Agarwal,North,Lucknow,Electronics,Laptop,1,47101.93,38179.44,0.0,47101.93,0.0,47101.93,8922.49,Cash,0
TXN003839,2024-04-18,CUST0267,Sanjay Yadav,Central,Bhopal,Cosmetics,Moisturiser 50g,3,522.87,287.4,0.0,1568.61,0.0,1568.61,706.41,Debit Card,0
TXN003840,2024-12-28,CUST0358,Sneha Gupta,North,Chandigarh,Furniture,Sofa Set,1,33635.8,24556.77,0.05,33635.8,1681.79,31954.01,7397.24,Debit Card,0
TXN003841,2024-05-28,CUST0008,Nisha Trivedi,South,Mysore,Electronics,Wireless Earbuds,4,3467.49,2209.23,0.0,13869.96,0.0,13869.96,5033.04,Net Banking,0
TXN003842,2023-07-16,CUST0207,Sanjay Yadav,Central,Gwalior,Cosmetics,Moisturiser 50g,2,486.52,282.27,0.2,973.04,194.61,778.43,213.89,Cash,0
TXN003843,2024-02-03,CUST0328,Arjun Reddy,East,Kolkata,Clothing,Saree,1,4937.88,2444.01,0.05,4937.88,246.89,4690.99,2246.98,Net Banking,0
TXN003844,2023-05-13,CUST0023,Rahul Sharma,South,Chennai,Sports,Running Shoes,1,4989.19,3138.26,0.05,4989.19,249.46,4739.73,1601.47,Net Banking,0
TXN003845,2024-08-16,CUST0234,Asha Pandey,North,Amritsar,Sports,Badminton Racket,3,1424.06,890.94,0.0,4272.18,0.0,4272.18,1599.36,Credit Card,0
TXN003846,2024-02-11,CUST0098,Rahul Sharma,West,Pune,Cosmetics,Sunscreen SPF50,1,484.67,264.4,0.2,484.67,96.93,387.74,123.34,UPI,0
TXN003847,2024-07-09,CUST0201,Anita Verma,West,Nagpur,Cosmetics,Moisturiser 50g,2,527.01,279.45,0.15,1054.02,158.1,895.92,337.02,Cash,0
TXN003848,2023-03-12,CUST0459,Vijay Singh,North,Amritsar,Sports,Cricket Bat,1,3049.39,1836.55,0.15,3049.39,457.41,2591.98,755.43,UPI,0
TXN003849,2024-09-26,CUST0299,Anita Verma,Central,Raipur,Clothing,Saree,1,5152.42,2552.8,0.0,5152.42,0.0,5152.42,2599.62,UPI,0
TXN003850,2024-08-19,CUST0046,Priya Patel,Central,Varanasi,Cosmetics,Sunscreen SPF50,1,445.68,267.15,0.1,445.68,44.57,401.11,133.96,Net Banking,0
TXN003851,2023-08-24,CUST0135,Kiran Bose,East,Patna,Sports,Badminton Racket,1,1457.44,900.83,0.0,1457.44,0.0,1457.44,556.61,Credit Card,0
TXN003852,2024-09-15,CUST0250,Divya Iyer,West,Mumbai,Cosmetics,Hair Serum 100ml,3,666.85,395.71,0.1,2000.55,200.06,1800.49,613.36,Credit Card,0
TXN003853,2024-10-13,CUST0440,Mohit Saxena,West,Mumbai,Groceries,Tea Powder 500g,1,201.3,157.69,0.15,201.3,30.2,171.1,13.41,Net Banking,0
TXN003854,2024-03-14,CUST0315,Rekha Srivastava,East,Bhubaneswar,Cosmetics,Face Wash 100ml,1,292.44,160.92,0.1,292.44,29.24,263.2,102.28,Cash,0
TXN003855,2023-09-27,CUST0265,Pooja Nair,North,Delhi,Sports,Badminton Racket,3,1460.42,888.1,0.2,4381.26,876.25,3505.01,840.71,Net Banking,0
TXN003856,2023-10-04,CUST0265,Kiran Bose,North,Delhi,Sports,Yoga Mat,2,910.81,551.74,0.2,1821.62,364.32,1457.3,353.82,Debit Card,0
TXN003857,2023-01-23,CUST0292,Rajesh Malhotra,West,Pune,Electronics,Laptop,1,45149.58,38688.94,0.0,45149.58,0.0,45149.58,6460.64,UPI,0
TXN003858,2023-08-04,CUST0170,Divya Iyer,East,Guwahati,Groceries,Tea Powder 500g,1,204.13,158.79,0.0,204.13,0.0,204.13,45.34,Debit Card,0
TXN003859,2024-03-07,CUST0066,Arun Patil,Central,Raipur,Furniture,Dining Table,2,22020.22,15137.98,0.0,44040.44,0.0,44040.44,13764.48,Credit Card,0
TXN003860,2023-06-06,CUST0348,Priya Patel,South,Hyderabad,Sports,Cycle Helmet,1,1425.24,789.7,0.05,1425.24,71.26,1353.98,564.28,Cash,0
TXN003861,2023-12-20,CUST0481,Divya Iyer,North,Jaipur,Cosmetics,Foundation,3,890.37,517.66,0.1,2671.11,267.11,2404.0,851.02,UPI,0
TXN003862,2023-06-13,CUST0484,Rekha Srivastava,Central,Varanasi,Furniture,Bookshelf,1,6621.63,4430.56,0.0,6621.63,0.0,6621.63,2191.07,Net Banking,0
TXN003863,2024-03-26,CUST0214,Kavita Joshi,Central,Gwalior,Electronics,Wireless Earbuds,3,3354.81,2228.53,0.2,10064.43,2012.89,8051.54,1365.95,Debit Card,0
TXN003864,2023-11-11,CUST0079,Anita Verma,North,Amritsar,Electronics,Tablet,4,19501.32,12715.0,0.15,78005.28,11700.79,66304.49,15444.49,Credit Card,0
TXN003865,2024-07-31,CUST0096,Nisha Trivedi,East,Guwahati,Clothing,Women's Kurti,4,1427.47,609.89,0.2,5709.88,1141.98,4567.9,2128.34,Net Banking,0
TXN003866,2024-01-23,CUST0286,Arjun Reddy,West,Ahmedabad,Cosmetics,Lipstick,1,600.23,306.87,0.05,600.23,30.01,570.22,263.35,UPI,0
TXN003867,2024-01-04,CUST0243,Sneha Gupta,West,Surat,Groceries,Pulses 1kg,1,141.42,102.25,0.1,141.42,14.14,127.28,25.03,Credit Card,0
TXN003868,2023-02-25,CUST0147,Suresh Pillai,East,Patna,Furniture,Wardrobe,1,17815.55,12250.93,0.0,17815.55,0.0,17815.55,5564.62,Net Banking,0
TXN003869,2023-05-20,CUST0169,Rekha Srivastava,Central,Raipur,Groceries,Sugar 1kg,4,57.94,41.52,0.0,231.76,0.0,231.76,65.68,UPI,0
TXN003870,2023-07-20,CUST0303,Kiran Bose,West,Nagpur,Groceries,Tea Powder 500g,2,202.84,150.96,0.0,405.68,0.0,405.68,103.76,Cash,0
TXN003871,2024-10-22,CUST0098,Kavita Joshi,East,Ranchi,Groceries,Whole Wheat Flour 5kg,2,259.06,195.01,0.15,518.12,77.72,440.4,50.38,Credit Card,0
TXN003872,2024-09-22,CUST0366,Nikhil Dubey,West,Surat,Cosmetics,Face Wash 100ml,1,287.68,155.26,0.0,287.68,0.0,287.68,132.42,UPI,0
TXN003873,2024-04-16,CUST0080,Suresh Pillai,South,Kochi,Electronics,Tablet,1,19438.38,13015.42,0.1,19438.38,1943.84,17494.54,4479.12,Cash,1
TXN003874,2023-08-17,CUST0157,Arun Patil,Central,Raipur,Furniture,Bookshelf,1,7148.85,4420.48,0.15,7148.85,1072.33,6076.52,1656.04,UPI,0
TXN003875,2024-06-13,CUST0413,Suresh Pillai,South,Mysore,Furniture,Office Chair,1,8968.28,5809.2,0.05,8968.28,448.41,8519.87,2710.67,UPI,0
TXN003876,2023-11-20,CUST0163,Anita Verma,North,Amritsar,Groceries,Cooking Oil 1L,4,173.19,130.92,0.15,692.76,103.91,588.85,65.17,Cash,0
TXN003877,2024-04-02,CUST0434,Lakshmi Rao,North,Delhi,Groceries,Cooking Oil 1L,2,182.34,128.99,0.15,364.68,54.7,309.98,52.0,Debit Card,0
TXN003878,2024-10-05,CUST0217,Ravi Chandra,Central,Raipur,Groceries,Pulses 1kg,2,140.71,101.58,0.05,281.42,14.07,267.35,64.19,Debit Card,0
TXN003879,2023-04-07,CUST0267,Nikhil Dubey,West,Nagpur,Electronics,Smartphone,4,22388.37,16703.9,0.2,89553.48,17910.7,71642.78,4827.18,Credit Card,0
TXN003880,2023-11-11,CUST0190,Nikhil Dubey,South,Hyderabad,Groceries,Pulses 1kg,3,148.05,98.21,0.2,444.15,88.83,355.32,60.69,Net Banking,0
TXN003881,2023-07-05,CUST0107,Arjun Reddy,East,Guwahati,Electronics,Laptop,2,48223.98,37920.72,0.2,96447.96,19289.59,77158.37,1316.93,Cash,0
TXN003882,2023-10-17,CUST0052,Suresh Pillai,Central,Varanasi,Clothing,Women's Kurti,1,1330.66,583.97,0.0,1330.66,0.0,1330.66,746.69,Debit Card,0
TXN003883,2023-02-04,CUST0107,Rohan Mehta,North,Delhi,Furniture,Office Chair,1,8569.53,5914.98,0.0,8569.53,0.0,8569.53,2654.55,Debit Card,0
TXN003884,2023-01-03,CUST0207,Harish Agarwal,West,Pune,Clothing,Saree,1,5023.98,2466.66,0.15,5023.98,753.6,4270.38,1803.72,Credit Card,0
TXN003885,2024-07-14,CUST0328,Pallavi Shah,West,Mumbai,Clothing,Denim Jeans,2,2644.71,1170.35,0.15,5289.42,793.41,4496.01,2155.31,Credit Card,1
TXN003886,2023-04-08,CUST0338,Pooja Nair,South,Kochi,Sports,Dumbbells Set,3,3346.91,2230.39,0.2,10040.73,2008.15,8032.58,1341.41,Net Banking,0
TXN003887,2024-02-02,CUST0475,Pallavi Shah,South,Chennai,Groceries,Whole Wheat Flour 5kg,1,243.82,184.71,0.0,243.82,0.0,243.82,59.11,Debit Card,0
TXN003888,2023-08-31,CUST0336,Deepak Tiwari,West,Mumbai,Electronics,Smartphone,1,22922.27,16494.35,0.0,22922.27,0.0,22922.27,6427.92,Net Banking,0
TXN003889,2024-01-08,CUST0116,Kavita Joshi,South,Chennai,Groceries,Basmati Rice 5kg,1,452.75,311.16,0.15,452.75,67.91,384.84,73.68,Debit Card,0
TXN003890,2024-01-02,CUST0134,Rajesh Malhotra,Central,Raipur,Sports,Badminton Racket,1,1438.28,914.59,0.1,1438.28,143.83,1294.45,379.86,Credit Card,0
TXN003891,2024-03-25,CUST0423,Swati Kapoor,West,Nagpur,Sports,Cricket Bat,2,3010.8,1822.84,0.0,6021.6,0.0,6021.6,2375.92,Credit Card,0
TXN003892,2023-01-04,CUST0156,Sanjay Yadav,South,Kochi,Cosmetics,Foundation,1,854.18,525.42,0.0,854.18,0.0,854.18,328.76,UPI,0
TXN003893,2024-01-15,CUST0392,Sunita Mishra,West,Ahmedabad,Electronics,Tablet,1,18036.93,12862.13,0.1,18036.93,1803.69,16233.24,3371.11,Cash,0
TXN003894,2023-11-27,CUST0087,Pooja Nair,West,Nagpur,Furniture,Wardrobe,4,19021.73,11735.81,0.0,76086.92,0.0,76086.92,29143.68,Credit Card,0
TXN003895,2023-09-03,CUST0430,Swati Kapoor,West,Pune,Cosmetics,Face Wash 100ml,1,321.12,163.38,0.05,321.12,16.06,305.06,141.68,Cash,0
TXN003896,2023-09-10,CUST0433,Pooja Nair,South,Hyderabad,Sports,Cricket Bat,1,3191.73,1832.07,0.0,3191.73,0.0,3191.73,1359.66,Credit Card,0
TXN003897,2023-06-07,CUST0139,Rahul Sharma,North,Chandigarh,Clothing,Women's Kurti,2,1400.89,616.99,0.0,2801.78,0.0,2801.78,1567.8,Credit Card,0
TXN003898,2023-12-04,CUST0077,Kavita Joshi,South,Hyderabad,Cosmetics,Hair Serum 100ml,4,680.43,394.89,0.0,2721.72,0.0,2721.72,1142.16,Credit Card,0
TXN003899,2023-02-27,CUST0340,Kavita Joshi,North,Chandigarh,Clothing,Winter Jacket,1,4125.71,2222.71,0.0,4125.71,0.0,4125.71,1903.0,Debit Card,0
TXN003900,2024-08-23,CUST0166,Kiran Bose,Central,Bhopal,Cosmetics,Moisturiser 50g,2,499.17,284.35,0.1,998.34,99.83,898.51,329.81,Cash,0
TXN003901,2024-05-11,CUST0029,Rajesh Malhotra,South,Mysore,Groceries,Tea Powder 500g,2,222.66,157.79,0.0,445.32,0.0,445.32,129.74,Net Banking,0
TXN003902,2024-09-02,CUST0283,Rohan Mehta,West,Nagpur,Groceries,Cooking Oil 1L,1,181.15,133.16,0.0,181.15,0.0,181.15,47.99,Cash,0
TXN003903,2023-02-10,CUST0217,Lakshmi Rao,West,Pune,Clothing,Winter Jacket,2,3911.63,2150.1,0.0,7823.26,0.0,7823.26,3523.06,Credit Card,0
TXN003904,2024-05-16,CUST0343,Asha Pandey,South,Kochi,Clothing,Formal Shirt,3,1748.33,890.35,0.1,5244.99,524.5,4720.49,2049.44,Net Banking,0
TXN003905,2024-04-06,CUST0222,Anita Verma,South,Mysore,Cosmetics,Sunscreen SPF50,3,491.38,264.43,0.0,1474.14,0.0,1474.14,680.85,Net Banking,0
TXN003906,2023-07-10,CUST0481,Nisha Trivedi,Central,Indore,Clothing,Formal Shirt,3,1903.54,877.47,0.1,5710.62,571.06,5139.56,2507.15,Debit Card,0
TXN003907,2023-06-17,CUST0436,Priya Patel,Central,Bhopal,Furniture,Wooden Desk,1,12445.62,8604.74,0.2,12445.62,2489.12,9956.5,1351.76,Cash,1
TXN003908,2023-11-03,CUST0190,Kiran Bose,East,Patna,Clothing,Women's Kurti,2,1349.06,587.57,0.2,2698.12,539.62,2158.5,983.36,UPI,0
TXN003909,2024-06-18,CUST0466,Anita Verma,Central,Indore,Sports,Cycle Helmet,2,1359.56,777.66,0.05,2719.12,135.96,2583.16,1027.84,Net Banking,0
TXN003910,2023-07-21,CUST0420,Geeta Bhatt,West,Ahmedabad,Electronics,Tablet,4,19592.49,13280.07,0.1,78369.96,7837.0,70532.96,17412.68,Credit Card,0
TXN003911,2024-06-18,CUST0017,Ravi Chandra,Central,Raipur,Sports,Cricket Bat,1,3123.19,1782.76,0.2,3123.19,624.64,2498.55,715.79,Debit Card,0
TXN003912,2024-05-08,CUST0067,Kavita Joshi,East,Kolkata,Sports,Cycle Helmet,1,1427.2,792.58,0.05,1427.2,71.36,1355.84,563.26,Credit Card,0
TXN003913,2024-11-28,CUST0258,Mohit Saxena,North,Jaipur,Electronics,Wireless Earbuds,1,3617.72,2213.6,0.0,3617.72,0.0,3617.72,1404.12,Debit Card,0
TXN003914,2024-04-12,CUST0188,Harish Agarwal,East,Bhubaneswar,Cosmetics,Hair Serum 100ml,3,674.32,401.15,0.15,2022.96,303.44,1719.52,516.07,UPI,0
TXN003915,2023-02-12,CUST0383,Anita Verma,West,Nagpur,Clothing,Saree,2,5452.95,2565.28,0.0,10905.9,0.0,10905.9,5775.34,Debit Card,0
TXN003916,2024-11-24,CUST0189,Divya Iyer,East,Kolkata,Electronics,Router,1,2940.54,1944.71,0.2,2940.54,588.11,2352.43,407.72,UPI,0
TXN003917,2023-11-07,CUST0424,Sanjay Yadav,South,Kochi,Cosmetics,Foundation,1,922.47,528.92,0.1,922.47,92.25,830.22,301.3,Cash,0
TXN003918,2024-08-05,CUST0148,Mohit Saxena,West,Mumbai,Clothing,Women's Kurti,2,1316.72,591.6,0.2,2633.44,526.69,2106.75,923.55,Debit Card,0
TXN003919,2023-06-09,CUST0153,Swati Kapoor,East,Patna,Cosmetics,Sunscreen SPF50,2,470.29,266.68,0.0,940.58,0.0,940.58,407.22,Cash,0
TXN003920,2023-08-01,CUST0034,Arjun Reddy,East,Bhubaneswar,Cosmetics,Lipstick,4,586.13,302.93,0.1,2344.52,234.45,2110.07,898.35,UPI,0
TXN003921,2024-10-28,CUST0084,Pallavi Shah,Central,Raipur,Clothing,Saree,3,5489.56,2449.53,0.0,16468.68,0.0,16468.68,9120.09,UPI,0
TXN003922,2024-03-30,CUST0149,Pooja Nair,Central,Varanasi,Electronics,Smart TV,1,35551.16,27204.23,0.05,35551.16,1777.56,33773.6,6569.37,Credit Card,0
TXN003923,2024-10-04,CUST0376,Priya Patel,South,Bangalore,Furniture,Wardrobe,3,17314.19,11668.65,0.0,51942.57,0.0,51942.57,16936.62,Cash,0
TXN003924,2023-10-24,CUST0058,Pallavi Shah,North,Lucknow,Furniture,Dining Table,1,23012.56,15398.2,0.0,23012.56,0.0,23012.56,7614.36,Net Banking,0
TXN003925,2024-08-23,CUST0087,Nikhil Dubey,North,Lucknow,Groceries,Pulses 1kg,2,153.35,101.34,0.05,306.7,15.34,291.36,88.68,Credit Card,0
TXN003926,2023-10-28,CUST0149,Priya Patel,South,Bangalore,Groceries,Pulses 1kg,3,145.62,97.1,0.05,436.86,21.84,415.02,123.72,Debit Card,0
TXN003927,2023-03-17,CUST0187,Pallavi Shah,North,Lucknow,Cosmetics,Moisturiser 50g,3,501.78,271.76,0.0,1505.34,0.0,1505.34,690.06,Net Banking,0
TXN003928,2024-07-16,CUST0060,Sanjay Yadav,West,Surat,Electronics,Smart TV,2,35585.58,27501.97,0.15,71171.16,10675.67,60495.49,5491.55,Cash,0
TXN003929,2023-08-22,CUST0027,Rekha Srivastava,North,Lucknow,Furniture,Office Chair,1,8992.21,5950.1,0.05,8992.21,449.61,8542.6,2592.5,Credit Card,0
TXN003930,2023-08-24,CUST0090,Swati Kapoor,North,Delhi,Groceries,Basmati Rice 5kg,1,435.43,317.57,0.05,435.43,21.77,413.66,96.09,UPI,0
TXN003931,2023-09-20,CUST0006,Harish Agarwal,East,Ranchi,Clothing,Denim Jeans,2,2616.64,1194.37,0.0,5233.28,0.0,5233.28,2844.54,Debit Card,1
TXN003932,2024-05-25,CUST0256,Rajesh Malhotra,East,Patna,Clothing,Men's T-Shirt,3,860.85,340.26,0.0,2582.55,0.0,2582.55,1561.77,Cash,0
TXN003933,2023-01-08,CUST0281,Deepak Tiwari,East,Kolkata,Sports,Cycle Helmet,2,1375.24,784.49,0.0,2750.48,0.0,2750.48,1181.5,UPI,0
TXN003934,2023-02-05,CUST0209,Priya Patel,West,Nagpur,Clothing,Denim Jeans,1,2661.09,1180.58,0.0,2661.09,0.0,2661.09,1480.51,Cash,0
TXN003935,2024-08-19,CUST0138,Arun Patil,Central,Gwalior,Clothing,Men's T-Shirt,2,770.84,355.73,0.2,1541.68,308.34,1233.34,521.88,Cash,0
TXN003936,2024-09-01,CUST0057,Geeta Bhatt,Central,Bhopal,Clothing,Saree,1,5394.99,2492.75,0.15,5394.99,809.25,4585.74,2092.99,Net Banking,0
TXN003937,2024-12-18,CUST0463,Sanjay Yadav,South,Mysore,Sports,Running Shoes,4,4806.69,3240.32,0.2,19226.76,3845.35,15381.41,2420.13,Net Banking,0
TXN003938,2023-12-31,CUST0134,Harish Agarwal,South,Hyderabad,Cosmetics,Lipstick,1,642.8,303.46,0.05,642.8,32.14,610.66,307.2,Credit Card,0
TXN003939,2024-06-29,CUST0488,Arun Patil,West,Nagpur,Furniture,Sofa Set,3,37863.31,23334.04,0.0,113589.93,0.0,113589.93,43587.81,Credit Card,0
TXN003940,2023-05-19,CUST0255,Sunita Mishra,West,Pune,Groceries,Cooking Oil 1L,1,171.52,129.42,0.05,171.52,8.58,162.94,33.52,Net Banking,0
TXN003941,2024-01-30,CUST0313,Geeta Bhatt,Central,Bhopal,Electronics,Smart TV,2,33957.45,27746.23,0.1,67914.9,6791.49,61123.41,5630.95,Credit Card,0
TXN003942,2023-03-27,CUST0029,Asha Pandey,South,Chennai,Cosmetics,Face Wash 100ml,2,328.6,159.56,0.0,657.2,0.0,657.2,338.08,Credit Card,0
TXN003943,2024-03-18,CUST0376,Sneha Gupta,West,Pune,Electronics,Laptop,1,43769.45,38710.32,0.0,43769.45,0.0,43769.45,5059.13,Credit Card,0
TXN003944,2024-02-15,CUST0494,Rahul Sharma,Central,Varanasi,Sports,Running Shoes,2,5330.85,3291.69,0.2,10661.7,2132.34,8529.36,1945.98,Net Banking,0
TXN003945,2024-11-20,CUST0388,Meera Das,North,Amritsar,Clothing,Saree,1,5107.13,2559.73,0.0,5107.13,0.0,5107.13,2547.4,Cash,0
TXN003946,2024-03-03,CUST0201,Nikhil Dubey,South,Chennai,Sports,Badminton Racket,1,1569.79,891.71,0.05,1569.79,78.49,1491.3,599.59,UPI,0
TXN003947,2024-05-20,CUST0312,Priya Patel,East,Patna,Electronics,Wireless Earbuds,1,3503.37,2255.63,0.15,3503.37,525.51,2977.86,722.23,Net Banking,0
TXN003948,2024-03-02,CUST0019,Divya Iyer,South,Hyderabad,Electronics,Router,1,2958.07,1929.83,0.2,2958.07,591.61,2366.46,436.63,Debit Card,0
TXN003949,2023-10-30,CUST0201,Priya Patel,North,Amritsar,Sports,Cycle Helmet,2,1258.76,786.14,0.0,2517.52,0.0,2517.52,945.24,Debit Card,0
TXN003950,2023-07-04,CUST0323,Deepak Tiwari,Central,Gwalior,Electronics,Smart TV,2,35344.37,27131.64,0.2,70688.74,14137.75,56550.99,2287.71,Cash,0
TXN003951,2023-11-14,CUST0231,Suresh Pillai,Central,Indore,Furniture,Sofa Set,1,34494.3,24486.12,0.0,34494.3,0.0,34494.3,10008.18,Debit Card,0
TXN003952,2024-12-13,CUST0342,Geeta Bhatt,North,Jaipur,Furniture,Sofa Set,2,34997.41,23313.54,0.15,69994.82,10499.22,59495.6,12868.52,Cash,0
TXN003953,2024-05-20,CUST0165,Priya Patel,South,Bangalore,Groceries,Sugar 1kg,1,59.34,42.99,0.1,59.34,5.93,53.41,10.42,Net Banking,0
TXN003954,2024-07-26,CUST0227,Swati Kapoor,South,Mysore,Electronics,Smartphone,3,22300.85,16786.96,0.05,66902.55,3345.13,63557.42,13196.54,Debit Card,0
TXN003955,2024-04-28,CUST0307,Nisha Trivedi,South,Hyderabad,Electronics,Tablet,2,19748.64,12995.17,0.0,39497.28,0.0,39497.28,13506.94,Credit Card,0
TXN003956,2024-06-14,CUST0253,Asha Pandey,North,Jaipur,Sports,Cricket Bat,3,3192.08,1823.24,0.0,9576.24,0.0,9576.24,4106.52,Cash,0
TXN003957,2023-04-29,CUST0306,Rekha Srivastava,South,Bangalore,Sports,Yoga Mat,2,867.11,558.86,0.0,1734.22,0.0,1734.22,616.5,Net Banking,0
TXN003958,2024-04-20,CUST0010,Lakshmi Rao,Central,Gwalior,Groceries,Basmati Rice 5kg,1,487.35,308.11,0.1,487.35,48.74,438.61,130.5,UPI,0
TXN003959,2023-09-30,CUST0223,Harish Agarwal,North,Lucknow,Clothing,Formal Shirt,1,1949.73,894.53,0.0,1949.73,0.0,1949.73,1055.2,Credit Card,0
TXN003960,2023-06-22,CUST0406,Swati Kapoor,West,Pune,Furniture,Office Chair,4,8098.78,5719.46,0.15,32395.12,4859.27,27535.85,4658.01,Cash,0
TXN003961,2024-01-26,CUST0363,Deepak Tiwari,South,Mysore,Cosmetics,Lipstick,1,633.83,311.58,0.0,633.83,0.0,633.83,322.25,Net Banking,0
TXN003962,2024-07-07,CUST0300,Suresh Pillai,West,Ahmedabad,Sports,Badminton Racket,1,1625.89,918.89,0.15,1625.89,243.88,1382.01,463.12,Debit Card,0
TXN003963,2024-09-13,CUST0156,Sanjay Yadav,Central,Bhopal,Clothing,Women's Kurti,1,1314.06,610.26,0.0,1314.06,0.0,1314.06,703.8,Credit Card,0
TXN003964,2023-08-18,CUST0032,Deepak Tiwari,West,Pune,Furniture,Wardrobe,1,18844.07,12086.75,0.2,18844.07,3768.81,15075.26,2988.51,Debit Card,0
TXN003965,2023-08-17,CUST0093,Nikhil Dubey,West,Nagpur,Groceries,Sugar 1kg,1,56.61,41.29,0.0,56.61,0.0,56.61,15.32,Net Banking,0
TXN003966,2023-06-12,CUST0434,Rohan Mehta,Central,Indore,Cosmetics,Foundation,2,926.49,529.24,0.0,1852.98,0.0,1852.98,794.5,Debit Card,0
TXN003967,2024-11-05,CUST0023,Amit Kumar,North,Chandigarh,Electronics,Smart TV,1,37558.18,27698.83,0.05,37558.18,1877.91,35680.27,7981.44,Cash,0
TXN003968,2024-03-13,CUST0377,Divya Iyer,Central,Gwalior,Furniture,Dining Table,2,23136.32,15185.11,0.0,46272.64,0.0,46272.64,15902.42,UPI,0
TXN003969,2023-05-14,CUST0321,Arjun Reddy,South,Mysore,Groceries,Whole Wheat Flour 5kg,1,261.05,187.73,0.0,261.05,0.0,261.05,73.32,Cash,0
TXN003970,2024-08-11,CUST0309,Arun Patil,South,Mysore,Clothing,Saree,1,4939.33,2572.01,0.05,4939.33,246.97,4692.36,2120.35,Cash,0
TXN003971,2023-09-21,CUST0285,Nikhil Dubey,Central,Varanasi,Electronics,Smartphone,1,21991.45,16719.63,0.15,21991.45,3298.72,18692.73,1973.1,Credit Card,0
TXN003972,2023-12-19,CUST0317,Priya Patel,South,Bangalore,Furniture,Office Chair,2,8669.53,5835.12,0.0,17339.06,0.0,17339.06,5668.82,Debit Card,0
TXN003973,2024-12-13,CUST0477,Sanjay Yadav,West,Mumbai,Electronics,Tablet,5,18820.64,12786.2,0.0,94103.2,0.0,94103.2,30172.2,Debit Card,0
TXN003974,2024-09-12,CUST0399,Lakshmi Rao,Central,Raipur,Groceries,Whole Wheat Flour 5kg,2,265.76,190.09,0.0,531.52,0.0,531.52,151.34,Net Banking,0
TXN003975,2023-11-08,CUST0421,Rohan Mehta,East,Bhubaneswar,Groceries,Basmati Rice 5kg,1,442.51,316.4,0.0,442.51,0.0,442.51,126.11,Net Banking,0
TXN003976,2024-11-20,CUST0001,Priya Patel,North,Jaipur,Sports,Running Shoes,3,5084.41,3270.5,0.0,15253.23,0.0,15253.23,5441.73,Debit Card,0
TXN003977,2023-11-23,CUST0093,Sanjay Yadav,West,Mumbai,Cosmetics,Moisturiser 50g,1,490.31,278.14,0.0,490.31,0.0,490.31,212.17,UPI,0
TXN003978,2023-12-31,CUST0363,Amit Kumar,North,Jaipur,Cosmetics,Moisturiser 50g,4,485.26,276.91,0.05,1941.04,97.05,1843.99,736.35,Debit Card,0
TXN003979,2024-12-08,CUST0186,Pallavi Shah,East,Bhubaneswar,Furniture,Bookshelf,2,6689.31,4552.75,0.15,13378.62,2006.79,11371.83,2266.33,UPI,0
TXN003980,2023-03-03,CUST0045,Sunita Mishra,North,Lucknow,Furniture,Office Chair,2,8177.03,5859.06,0.2,16354.06,3270.81,13083.25,1365.13,UPI,0
TXN003981,2023-03-03,CUST0336,Nisha Trivedi,Central,Indore,Groceries,Sugar 1kg,1,59.72,42.45,0.1,59.72,5.97,53.75,11.3,UPI,0
TXN003982,2024-04-01,CUST0115,Pooja Nair,Central,Varanasi,Furniture,Sofa Set,1,35257.73,23655.42,0.0,35257.73,0.0,35257.73,11602.31,UPI,0
TXN003983,2023-10-17,CUST0420,Divya Iyer,South,Kochi,Groceries,Tea Powder 500g,4,216.25,157.62,0.05,865.0,43.25,821.75,191.27,UPI,1
TXN003984,2023-07-05,CUST0175,Rekha Srivastava,West,Surat,Groceries,Sugar 1kg,1,53.72,41.67,0.0,53.72,0.0,53.72,12.05,Debit Card,0
TXN003985,2023-11-09,CUST0322,Anita Verma,Central,Gwalior,Clothing,Formal Shirt,1,1797.89,894.56,0.0,1797.89,0.0,1797.89,903.33,Credit Card,0
TXN003986,2024-08-15,CUST0449,Nikhil Dubey,North,Lucknow,Groceries,Whole Wheat Flour 5kg,2,256.06,188.83,0.1,512.12,51.21,460.91,83.25,Credit Card,0
TXN003987,2024-12-25,CUST0229,Priya Patel,North,Delhi,Sports,Cycle Helmet,2,1368.74,805.12,0.2,2737.48,547.5,2189.98,579.74,Debit Card,0
TXN003988,2024-06-07,CUST0266,Kavita Joshi,South,Mysore,Furniture,Office Chair,1,9160.39,5748.91,0.15,9160.39,1374.06,7786.33,2037.42,Debit Card,0
TXN003989,2024-10-26,CUST0160,Sanjay Yadav,South,Bangalore,Clothing,Formal Shirt,1,1951.53,885.96,0.0,1951.53,0.0,1951.53,1065.57,Credit Card,0
TXN003990,2023-03-04,CUST0360,Pallavi Shah,East,Ranchi,Electronics,Tablet,1,18986.98,13012.14,0.05,18986.98,949.35,18037.63,5025.49,Net Banking,0
TXN003991,2024-07-25,CUST0250,Anita Verma,North,Amritsar,Cosmetics,Foundation,1,967.42,533.67,0.0,967.42,0.0,967.42,433.75,Debit Card,0
TXN003992,2024-04-21,CUST0044,Arjun Reddy,East,Guwahati,Sports,Running Shoes,3,4894.17,3254.15,0.1,14682.51,1468.25,13214.26,3451.81,UPI,0
TXN003993,2024-02-18,CUST0150,Rahul Sharma,West,Pune,Furniture,Sofa Set,1,36019.59,23993.15,0.0,36019.59,0.0,36019.59,12026.44,Credit Card,0
TXN003994,2024-08-05,CUST0087,Pooja Nair,North,Jaipur,Furniture,Sofa Set,1,37802.45,24314.39,0.05,37802.45,1890.12,35912.33,11597.94,UPI,0
TXN003995,2024-07-12,CUST0292,Harish Agarwal,Central,Varanasi,Furniture,Sofa Set,2,35886.59,23539.43,0.05,71773.18,3588.66,68184.52,21105.66,Credit Card,0
TXN003996,2024-05-20,CUST0432,Suresh Pillai,Central,Varanasi,Furniture,Office Chair,4,9333.3,5784.63,0.05,37333.2,1866.66,35466.54,12328.02,Cash,0
TXN003997,2024-06-15,CUST0078,Sunita Mishra,East,Guwahati,Sports,Yoga Mat,1,947.35,539.85,0.0,947.35,0.0,947.35,407.5,Net Banking,0
TXN003998,2023-01-27,CUST0138,Vijay Singh,South,Hyderabad,Electronics,Smartphone,2,23465.14,16733.96,0.0,46930.28,0.0,46930.28,13462.36,Debit Card,0
TXN003999,2023-04-09,CUST0044,Suresh Pillai,East,Patna,Sports,Yoga Mat,4,929.21,560.78,0.0,3716.84,0.0,3716.84,1473.72,Cash,0
TXN004000,2023-01-02,CUST0102,Mohit Saxena,North,Jaipur,Furniture,Sofa Set,1,36679.09,24684.21,0.1,36679.09,3667.91,33011.18,8326.97,Cash,0
TXN004001,2024-02-05,CUST0438,Kavita Joshi,East,Patna,Clothing,Formal Shirt,2,1788.92,891.83,0.0,3577.84,0.0,3577.84,1794.18,Debit Card,0
TXN004002,2024-12-12,CUST0207,Suresh Pillai,South,Bangalore,Electronics,Laptop,4,43833.35,39021.31,0.15,175333.4,26300.01,149033.39,-7051.85,Debit Card,0
TXN004003,2024-09-02,CUST0120,Sneha Gupta,Central,Gwalior,Cosmetics,Hair Serum 100ml,1,753.43,398.78,0.0,753.43,0.0,753.43,354.65,UPI,0
TXN004004,2024-03-14,CUST0411,Nisha Trivedi,South,Hyderabad,Sports,Yoga Mat,3,879.21,535.71,0.0,2637.63,0.0,2637.63,1030.5,Credit Card,0
TXN004005,2024-01-15,CUST0222,Kavita Joshi,South,Kochi,Furniture,Dining Table,1,24144.81,14757.41,0.1,24144.81,2414.48,21730.33,6972.92,UPI,0
TXN004006,2023-11-04,CUST0477,Rohan Mehta,East,Patna,Sports,Badminton Racket,3,1621.1,874.64,0.05,4863.3,243.17,4620.13,1996.21,Credit Card,0
TXN004007,2024-04-04,CUST0151,Vijay Singh,Central,Indore,Cosmetics,Face Wash 100ml,1,285.08,156.55,0.1,285.08,28.51,256.57,100.02,Net Banking,0
TXN004008,2023-05-24,CUST0390,Geeta Bhatt,North,Amritsar,Clothing,Denim Jeans,4,2541.57,1232.9,0.15,10166.28,1524.94,8641.34,3709.74,Debit Card,0
TXN004009,2024-09-08,CUST0071,Nisha Trivedi,Central,Indore,Electronics,Wireless Earbuds,1,3577.07,2249.48,0.0,3577.07,0.0,3577.07,1327.59,Cash,0
TXN004010,2023-06-04,CUST0470,Priya Patel,Central,Gwalior,Clothing,Formal Shirt,1,1913.25,925.48,0.2,1913.25,382.65,1530.6,605.12,Cash,0
TXN004011,2023-01-03,CUST0371,Harish Agarwal,East,Ranchi,Groceries,Whole Wheat Flour 5kg,1,253.8,195.56,0.0,253.8,0.0,253.8,58.24,UPI,0
TXN004012,2023-09-01,CUST0267,Rahul Sharma,North,Delhi,Groceries,Tea Powder 500g,1,230.46,152.86,0.05,230.46,11.52,218.94,66.08,Cash,0
TXN004013,2023-07-25,CUST0452,Sneha Gupta,East,Bhubaneswar,Clothing,Winter Jacket,2,3956.2,2158.52,0.15,7912.4,1186.86,6725.54,2408.5,Cash,0
TXN004014,2023-12-19,CUST0042,Arun Patil,East,Ranchi,Cosmetics,Sunscreen SPF50,2,471.75,272.0,0.1,943.5,94.35,849.15,305.15,UPI,0
TXN004015,2023-04-21,CUST0292,Vijay Singh,Central,Bhopal,Sports,Cricket Bat,2,3069.52,1790.96,0.15,6139.04,920.86,5218.18,1636.26,Cash,0
TXN004016,2024-01-13,CUST0014,Rajesh Malhotra,East,Ranchi,Cosmetics,Moisturiser 50g,2,532.9,272.02,0.1,1065.8,106.58,959.22,415.18,Cash,0
TXN004017,2024-06-16,CUST0154,Divya Iyer,North,Lucknow,Cosmetics,Moisturiser 50g,2,520.76,276.51,0.1,1041.52,104.15,937.37,384.35,Credit Card,0
TXN004018,2024-09-14,CUST0101,Arjun Reddy,South,Bangalore,Electronics,Wireless Earbuds,2,3542.38,2258.86,0.0,7084.76,0.0,7084.76,2567.04,Credit Card,0
TXN004019,2023-01-30,CUST0440,Asha Pandey,South,Hyderabad,Furniture,Wardrobe,1,19769.36,12043.63,0.15,19769.36,2965.4,16803.96,4760.33,Net Banking,0
TXN004020,2023-11-04,CUST0166,Divya Iyer,West,Mumbai,Groceries,Sugar 1kg,4,54.53,42.97,0.0,218.12,0.0,218.12,46.24,Cash,0
TXN004021,2024-08-06,CUST0149,Sneha Gupta,South,Hyderabad,Electronics,Tablet,3,18316.26,13228.41,0.2,54948.78,10989.76,43959.02,4273.79,Cash,0
TXN004022,2024-08-02,CUST0297,Amit Kumar,South,Mysore,Electronics,Router,1,2660.62,1901.49,0.2,2660.62,532.12,2128.5,227.01,UPI,0
TXN004023,2024-02-14,CUST0436,Kiran Bose,North,Amritsar,Cosmetics,Lipstick,2,651.16,306.88,0.1,1302.32,130.23,1172.09,558.33,Net Banking,0
TXN004024,2023-02-13,CUST0264,Rekha Srivastava,South,Mysore,Groceries,Cooking Oil 1L,3,186.93,126.36,0.2,560.79,112.16,448.63,69.55,Net Banking,0
TXN004025,2023-05-27,CUST0245,Rahul Sharma,Central,Raipur,Furniture,Dining Table,2,23602.35,15039.9,0.0,47204.7,0.0,47204.7,17124.9,Credit Card,0
TXN004026,2023-07-31,CUST0353,Pooja Nair,South,Bangalore,Groceries,Pulses 1kg,1,149.59,99.46,0.15,149.59,22.44,127.15,27.69,Net Banking,0
TXN004027,2024-12-09,CUST0354,Harish Agarwal,East,Ranchi,Furniture,Dining Table,3,24117.68,15200.53,0.0,72353.04,0.0,72353.04,26751.45,Cash,1
TXN004028,2023-01-15,CUST0254,Rajesh Malhotra,North,Amritsar,Electronics,Smartphone,1,23244.38,17213.67,0.0,23244.38,0.0,23244.38,6030.71,Cash,0
TXN004029,2023-10-10,CUST0341,Sanjay Yadav,East,Patna,Cosmetics,Sunscreen SPF50,5,492.67,264.09,0.0,2463.35,0.0,2463.35,1142.9,Net Banking,1
TXN004030,2023-01-09,CUST0359,Ravi Chandra,Central,Raipur,Cosmetics,Lipstick,2,583.91,306.78,0.0,1167.82,0.0,1167.82,554.26,UPI,0
TXN004031,2024-01-05,CUST0278,Suresh Pillai,East,Patna,Electronics,Smartphone,1,23184.86,17238.22,0.1,23184.86,2318.49,20866.37,3628.15,Cash,0
TXN004032,2023-03-01,CUST0221,Sneha Gupta,South,Bangalore,Groceries,Cooking Oil 1L,1,186.9,126.94,0.2,186.9,37.38,149.52,22.58,Cash,0
TXN004033,2023-11-12,CUST0211,Mohit Saxena,South,Chennai,Groceries,Tea Powder 500g,4,210.3,157.39,0.15,841.2,126.18,715.02,85.46,Cash,0
TXN004034,2024-02-02,CUST0031,Rahul Sharma,West,Nagpur,Groceries,Pulses 1kg,1,134.85,101.22,0.15,134.85,20.23,114.62,13.4,Cash,0
TXN004035,2024-12-27,CUST0334,Suresh Pillai,North,Delhi,Furniture,Sofa Set,1,38404.14,24180.93,0.05,38404.14,1920.21,36483.93,12303.0,Credit Card,0
TXN004036,2024-07-15,CUST0202,Rajesh Malhotra,South,Kochi,Sports,Dumbbells Set,1,3376.24,2165.79,0.0,3376.24,0.0,3376.24,1210.45,Credit Card,0
TXN004037,2024-06-01,CUST0374,Ravi Chandra,West,Ahmedabad,Cosmetics,Hair Serum 100ml,1,684.99,404.17,0.2,684.99,137.0,547.99,143.82,Cash,0
TXN004038,2024-09-20,CUST0204,Vijay Singh,Central,Raipur,Clothing,Formal Shirt,1,1882.04,896.54,0.0,1882.04,0.0,1882.04,985.5,Debit Card,1
TXN004039,2024-05-18,CUST0299,Amit Kumar,North,Amritsar,Furniture,Wooden Desk,1,11620.16,8270.71,0.0,11620.16,0.0,11620.16,3349.45,Debit Card,0
TXN004040,2024-08-09,CUST0368,Geeta Bhatt,North,Lucknow,Groceries,Whole Wheat Flour 5kg,2,240.92,187.86,0.0,481.84,0.0,481.84,106.12,Debit Card,0
TXN004041,2024-03-10,CUST0246,Nisha Trivedi,East,Bhubaneswar,Clothing,Men's T-Shirt,1,795.66,345.05,0.1,795.66,79.57,716.09,371.04,Credit Card,0
TXN004042,2023-03-03,CUST0197,Arjun Reddy,North,Chandigarh,Sports,Cricket Bat,2,3138.55,1795.57,0.0,6277.1,0.0,6277.1,2685.96,Cash,0
TXN004043,2023-09-07,CUST0055,Pooja Nair,South,Bangalore,Groceries,Tea Powder 500g,1,223.24,159.53,0.0,223.24,0.0,223.24,63.71,Debit Card,1
TXN004044,2024-01-24,CUST0034,Kavita Joshi,East,Bhubaneswar,Electronics,Smartphone,2,21099.53,16631.26,0.2,42199.06,8439.81,33759.25,496.73,Cash,0
TXN004045,2023-04-26,CUST0448,Rekha Srivastava,East,Guwahati,Groceries,Whole Wheat Flour 5kg,2,254.94,189.75,0.15,509.88,76.48,433.4,53.9,Cash,1
TXN004046,2024-01-16,CUST0483,Rekha Srivastava,Central,Indore,Cosmetics,Moisturiser 50g,2,540.78,287.83,0.0,1081.56,0.0,1081.56,505.9,Credit Card,0
TXN004047,2023-11-10,CUST0180,Kiran Bose,West,Nagpur,Cosmetics,Foundation,1,923.92,518.44,0.0,923.92,0.0,923.92,405.48,Net Banking,0
TXN004048,2023-11-10,CUST0319,Kiran Bose,South,Hyderabad,Electronics,Smart TV,1,36877.72,27463.74,0.1,36877.72,3687.77,33189.95,5726.21,UPI,0
TXN004049,2024-04-02,CUST0443,Pooja Nair,South,Chennai,Sports,Running Shoes,1,5081.15,3278.86,0.1,5081.15,508.12,4573.03,1294.17,UPI,0
TXN004050,2024-11-04,CUST0404,Mohit Saxena,East,Bhubaneswar,Clothing,Men's T-Shirt,3,770.45,342.52,0.2,2311.35,462.27,1849.08,821.52,UPI,0
TXN004051,2023-01-09,CUST0108,Arun Patil,South,Chennai,Cosmetics,Lipstick,2,590.21,314.05,0.0,1180.42,0.0,1180.42,552.32,Net Banking,0
TXN004052,2023-11-08,CUST0451,Rekha Srivastava,North,Jaipur,Electronics,Smart TV,1,38420.41,27386.61,0.1,38420.41,3842.04,34578.37,7191.76,UPI,0
TXN004053,2023-11-11,CUST0170,Rajesh Malhotra,West,Nagpur,Furniture,Office Chair,2,9344.92,5906.87,0.1,18689.84,1868.98,16820.86,5007.12,Cash,0
TXN004054,2023-05-01,CUST0061,Arjun Reddy,Central,Varanasi,Clothing,Women's Kurti,2,1347.63,614.89,0.05,2695.26,134.76,2560.5,1330.72,Debit Card,1
TXN004055,2024-06-12,CUST0261,Asha Pandey,South,Kochi,Groceries,Cooking Oil 1L,2,190.55,128.46,0.2,381.1,76.22,304.88,47.96,Debit Card,0
TXN004056,2024-08-17,CUST0014,Deepak Tiwari,West,Mumbai,Groceries,Sugar 1kg,4,57.59,41.99,0.2,230.36,46.07,184.29,16.33,Cash,0
TXN004057,2024-12-11,CUST0423,Sanjay Yadav,North,Delhi,Furniture,Dining Table,2,21061.97,14690.53,0.05,42123.94,2106.2,40017.74,10636.68,Net Banking,0
TXN004058,2023-06-24,CUST0147,Pooja Nair,South,Kochi,Sports,Yoga Mat,2,908.8,547.62,0.0,1817.6,0.0,1817.6,722.36,Net Banking,0
TXN004059,2024-04-14,CUST0152,Mohit Saxena,Central,Gwalior,Electronics,Smart TV,2,35821.34,26903.66,0.0,71642.68,0.0,71642.68,17835.36,UPI,0
TXN004060,2024-08-25,CUST0125,Harish Agarwal,Central,Raipur,Groceries,Tea Powder 500g,2,203.45,158.68,0.15,406.9,61.03,345.87,28.51,Cash,0
TXN004061,2024-06-16,CUST0325,Divya Iyer,West,Surat,Groceries,Whole Wheat Flour 5kg,2,250.07,191.46,0.2,500.14,100.03,400.11,17.19,Debit Card,0
TXN004062,2024-09-03,CUST0029,Mohit Saxena,North,Jaipur,Sports,Cycle Helmet,2,1245.94,818.88,0.15,2491.88,373.78,2118.1,480.34,Debit Card,0
TXN004063,2024-01-18,CUST0089,Divya Iyer,South,Bangalore,Electronics,Laptop,1,49014.72,37097.87,0.05,49014.72,2450.74,46563.98,9466.11,Net Banking,0
TXN004064,2024-10-15,CUST0188,Arjun Reddy,Central,Raipur,Furniture,Sofa Set,2,36875.93,23652.0,0.0,73751.86,0.0,73751.86,26447.86,Credit Card,0
TXN004065,2023-04-18,CUST0451,Pallavi Shah,East,Ranchi,Groceries,Sugar 1kg,1,55.58,43.04,0.2,55.58,11.12,44.46,1.42,Debit Card,0
TXN004066,2023-11-12,CUST0215,Pooja Nair,South,Chennai,Electronics,Smartphone,5,21319.71,16770.7,0.0,106598.55,0.0,106598.55,22745.05,Net Banking,0
TXN004067,2024-04-13,CUST0215,Priya Patel,East,Bhubaneswar,Cosmetics,Face Wash 100ml,4,288.84,157.87,0.05,1155.36,57.77,1097.59,466.11,Net Banking,0
TXN004068,2023-08-26,CUST0377,Ravi Chandra,East,Kolkata,Electronics,Wireless Earbuds,1,3450.28,2155.22,0.0,3450.28,0.0,3450.28,1295.06,Debit Card,0
TXN004069,2024-09-29,CUST0467,Harish Agarwal,South,Bangalore,Groceries,Tea Powder 500g,3,200.81,158.66,0.05,602.43,30.12,572.31,96.33,Cash,0
TXN004070,2023-12-10,CUST0298,Nisha Trivedi,Central,Raipur,Groceries,Tea Powder 500g,3,210.56,152.37,0.0,631.68,0.0,631.68,174.57,Debit Card,0
TXN004071,2023-01-28,CUST0211,Vijay Singh,South,Bangalore,Sports,Badminton Racket,1,1431.72,876.16,0.2,1431.72,286.34,1145.38,269.22,Credit Card,1
TXN004072,2023-04-09,CUST0092,Rajesh Malhotra,North,Jaipur,Groceries,Basmati Rice 5kg,3,468.16,309.49,0.2,1404.48,280.9,1123.58,195.11,Net Banking,0
TXN004073,2023-12-12,CUST0424,Priya Patel,East,Bhubaneswar,Electronics,Tablet,2,19526.82,12750.01,0.05,39053.64,1952.68,37100.96,11600.94,Debit Card,0
TXN004074,2024-12-02,CUST0477,Sunita Mishra,West,Surat,Clothing,Women's Kurti,1,1261.99,598.8,0.1,1261.99,126.2,1135.79,536.99,Debit Card,0
TXN004075,2024-08-03,CUST0329,Lakshmi Rao,West,Surat,Groceries,Cooking Oil 1L,1,173.22,132.14,0.15,173.22,25.98,147.24,15.1,Net Banking,0
TXN004076,2023-08-07,CUST0180,Anita Verma,Central,Bhopal,Electronics,Laptop,2,43180.24,37331.08,0.15,86360.48,12954.07,73406.41,-1255.75,Net Banking,0
TXN004077,2023-08-01,CUST0016,Kiran Bose,East,Bhubaneswar,Clothing,Women's Kurti,1,1286.61,610.64,0.2,1286.61,257.32,1029.29,418.65,Credit Card,0
TXN004078,2023-09-28,CUST0475,Nisha Trivedi,Central,Varanasi,Sports,Dumbbells Set,2,3539.11,2170.79,0.0,7078.22,0.0,7078.22,2736.64,Credit Card,0
TXN004079,2024-02-10,CUST0029,Vijay Singh,East,Patna,Cosmetics,Lipstick,2,586.7,311.64,0.05,1173.4,58.67,1114.73,491.45,Cash,0
TXN004080,2023-11-01,CUST0195,Amit Kumar,North,Jaipur,Sports,Cycle Helmet,4,1381.72,790.97,0.15,5526.88,829.03,4697.85,1533.97,Cash,0
TXN004081,2024-09-17,CUST0444,Priya Patel,East,Patna,Groceries,Basmati Rice 5kg,2,481.24,304.39,0.05,962.48,48.12,914.36,305.58,Credit Card,0
TXN004082,2024-02-29,CUST0087,Kavita Joshi,North,Lucknow,Electronics,Smartphone,1,21960.58,17284.09,0.2,21960.58,4392.12,17568.46,284.37,UPI,0
TXN004083,2023-10-08,CUST0300,Ravi Chandra,East,Patna,Furniture,Office Chair,2,9209.85,5929.57,0.0,18419.7,0.0,18419.7,6560.56,Cash,0
TXN004084,2023-11-24,CUST0060,Amit Kumar,South,Chennai,Clothing,Saree,5,5052.18,2515.78,0.2,25260.9,5052.18,20208.72,7629.82,UPI,0
TXN004085,2023-04-27,CUST0391,Vijay Singh,Central,Indore,Cosmetics,Foundation,3,864.46,523.02,0.0,2593.38,0.0,2593.38,1024.32,Credit Card,0
TXN004086,2024-09-13,CUST0441,Lakshmi Rao,East,Bhubaneswar,Sports,Dumbbells Set,4,3361.15,2192.49,0.2,13444.6,2688.92,10755.68,1985.72,UPI,0
TXN004087,2024-02-19,CUST0267,Swati Kapoor,West,Pune,Clothing,Saree,1,5022.03,2503.12,0.2,5022.03,1004.41,4017.62,1514.5,Credit Card,0
TXN004088,2023-01-15,CUST0417,Geeta Bhatt,Central,Indore,Clothing,Saree,3,4960.98,2502.07,0.15,14882.94,2232.44,12650.5,5144.29,Credit Card,0
TXN004089,2023-08-12,CUST0013,Asha Pandey,North,Lucknow,Cosmetics,Hair Serum 100ml,2,718.83,397.18,0.1,1437.66,143.77,1293.89,499.53,Cash,0
TXN004090,2024-01-14,CUST0007,Sunita Mishra,South,Bangalore,Electronics,Laptop,2,44008.31,37186.31,0.0,88016.62,0.0,88016.62,13644.0,Credit Card,0
TXN004091,2024-11-05,CUST0136,Vijay Singh,East,Guwahati,Electronics,Wireless Earbuds,3,3794.76,2193.74,0.0,11384.28,0.0,11384.28,4803.06,Cash,0
TXN004092,2024-04-28,CUST0209,Pallavi Shah,South,Kochi,Sports,Yoga Mat,2,932.1,554.32,0.15,1864.2,279.63,1584.57,475.93,Net Banking,0
TXN004093,2024-08-07,CUST0375,Ravi Chandra,South,Kochi,Furniture,Wardrobe,2,19068.12,12187.81,0.05,38136.24,1906.81,36229.43,11853.81,Net Banking,0
TXN004094,2023-11-13,CUST0314,Deepak Tiwari,West,Pune,Sports,Cricket Bat,1,3200.82,1812.64,0.0,3200.82,0.0,3200.82,1388.18,Cash,0
TXN004095,2024-11-14,CUST0032,Sanjay Yadav,North,Amritsar,Electronics,Wireless Earbuds,3,3341.18,2204.52,0.15,10023.54,1503.53,8520.01,1906.45,Cash,0
TXN004096,2023-08-25,CUST0096,Lakshmi Rao,South,Kochi,Clothing,Denim Jeans,1,2665.57,1187.71,0.0,2665.57,0.0,2665.57,1477.86,Debit Card,0
TXN004097,2023-05-20,CUST0162,Divya Iyer,South,Chennai,Cosmetics,Sunscreen SPF50,2,440.01,264.29,0.2,880.02,176.0,704.02,175.44,Credit Card,0
TXN004098,2023-02-21,CUST0130,Divya Iyer,West,Nagpur,Sports,Yoga Mat,1,958.87,539.63,0.05,958.87,47.94,910.93,371.3,Cash,0
TXN004099,2024-11-12,CUST0450,Sneha Gupta,North,Jaipur,Electronics,Wireless Earbuds,1,3480.49,2212.26,0.0,3480.49,0.0,3480.49,1268.23,Credit Card,0
TXN004100,2024-03-11,CUST0203,Pallavi Shah,North,Lucknow,Furniture,Bookshelf,3,6997.74,4538.18,0.05,20993.22,1049.66,19943.56,6329.02,Debit Card,0
TXN004101,2024-05-05,CUST0294,Sneha Gupta,North,Amritsar,Electronics,Smartphone,2,20912.6,16648.14,0.15,41825.2,6273.78,35551.42,2255.14,Net Banking,0
TXN004102,2024-07-04,CUST0298,Nikhil Dubey,West,Ahmedabad,Groceries,Basmati Rice 5kg,1,479.83,318.13,0.05,479.83,23.99,455.84,137.71,Net Banking,0
TXN004103,2023-03-06,CUST0195,Mohit Saxena,West,Surat,Cosmetics,Lipstick,1,636.64,302.1,0.1,636.64,63.66,572.98,270.88,UPI,0
TXN004104,2024-02-20,CUST0294,Geeta Bhatt,South,Chennai,Clothing,Winter Jacket,2,3963.85,2174.44,0.15,7927.7,1189.15,6738.55,2389.67,Debit Card,0
TXN004105,2023-10-24,CUST0221,Rohan Mehta,North,Lucknow,Clothing,Saree,2,5204.28,2552.73,0.0,10408.56,0.0,10408.56,5303.1,Cash,0
TXN004106,2024-04-25,CUST0068,Harish Agarwal,East,Bhubaneswar,Clothing,Women's Kurti,3,1253.29,588.69,0.0,3759.87,0.0,3759.87,1993.8,Cash,0
TXN004107,2024-08-27,CUST0228,Rohan Mehta,South,Mysore,Electronics,Router,2,2902.06,1947.51,0.0,5804.12,0.0,5804.12,1909.1,Cash,0
TXN004108,2023-04-14,CUST0260,Pallavi Shah,South,Mysore,Groceries,Pulses 1kg,1,137.96,100.36,0.0,137.96,0.0,137.96,37.6,Credit Card,0
TXN004109,2024-04-30,CUST0104,Rekha Srivastava,East,Patna,Clothing,Saree,2,4912.21,2522.53,0.15,9824.42,1473.66,8350.76,3305.7,Debit Card,1
TXN004110,2023-03-09,CUST0118,Nisha Trivedi,North,Amritsar,Cosmetics,Sunscreen SPF50,2,492.72,276.38,0.05,985.44,49.27,936.17,383.41,Credit Card,0
TXN004111,2023-09-25,CUST0155,Sneha Gupta,North,Lucknow,Groceries,Cooking Oil 1L,2,184.66,133.12,0.0,369.32,0.0,369.32,103.08,UPI,0
TXN004112,2024-07-11,CUST0304,Rajesh Malhotra,South,Chennai,Electronics,Smart TV,3,38095.99,26405.38,0.15,114287.97,17143.2,97144.77,17928.63,Debit Card,0
TXN004113,2024-07-18,CUST0388,Ravi Chandra,South,Mysore,Groceries,Whole Wheat Flour 5kg,1,253.16,195.18,0.0,253.16,0.0,253.16,57.98,Net Banking,1
TXN004114,2024-03-13,CUST0128,Pallavi Shah,East,Patna,Sports,Badminton Racket,2,1468.0,922.7,0.0,2936.0,0.0,2936.0,1090.6,UPI,0
TXN004115,2023-07-25,CUST0220,Mohit Saxena,Central,Varanasi,Electronics,Smartphone,1,23700.72,16573.37,0.0,23700.72,0.0,23700.72,7127.35,Cash,0
TXN004116,2023-09-04,CUST0066,Lakshmi Rao,North,Jaipur,Cosmetics,Sunscreen SPF50,2,483.61,268.1,0.0,967.22,0.0,967.22,431.02,Debit Card,0
TXN004117,2024-03-03,CUST0001,Rekha Srivastava,East,Bhubaneswar,Electronics,Smartphone,3,23590.5,17096.71,0.2,70771.5,14154.3,56617.2,5327.07,UPI,0
TXN004118,2024-04-06,CUST0221,Anita Verma,Central,Varanasi,Furniture,Wooden Desk,3,12937.29,8384.15,0.1,38811.87,3881.19,34930.68,9778.23,Net Banking,0
TXN004119,2024-09-22,CUST0198,Nikhil Dubey,North,Jaipur,Furniture,Dining Table,3,21934.62,15170.57,0.1,65803.86,6580.39,59223.47,13711.76,Debit Card,0
TXN004120,2023-09-22,CUST0232,Arjun Reddy,North,Amritsar,Clothing,Saree,1,5021.71,2462.01,0.0,5021.71,0.0,5021.71,2559.7,Debit Card,0
TXN004121,2023-09-24,CUST0117,Sunita Mishra,North,Jaipur,Electronics,Tablet,1,19079.59,13335.8,0.0,19079.59,0.0,19079.59,5743.79,UPI,0
TXN004122,2024-01-23,CUST0151,Amit Kumar,East,Patna,Furniture,Sofa Set,1,37547.25,24190.45,0.1,37547.25,3754.73,33792.52,9602.07,Debit Card,0
TXN004123,2024-11-06,CUST0083,Deepak Tiwari,Central,Raipur,Furniture,Wooden Desk,1,11792.52,8413.35,0.0,11792.52,0.0,11792.52,3379.17,Net Banking,0
TXN004124,2023-04-29,CUST0441,Pooja Nair,South,Mysore,Sports,Running Shoes,3,5113.62,3145.51,0.2,15340.86,3068.17,12272.69,2836.16,Credit Card,1
TXN004125,2024-07-02,CUST0186,Deepak Tiwari,East,Ranchi,Sports,Cricket Bat,3,3197.78,1790.2,0.1,9593.34,959.33,8634.01,3263.41,UPI,0
TXN004126,2024-11-04,CUST0355,Meera Das,South,Hyderabad,Cosmetics,Sunscreen SPF50,1,474.59,266.27,0.05,474.59,23.73,450.86,184.59,Credit Card,0
TXN004127,2023-06-30,CUST0306,Arun Patil,North,Delhi,Furniture,Office Chair,3,9173.05,5961.89,0.0,27519.15,0.0,27519.15,9633.48,Debit Card,0
TXN004128,2023-07-19,CUST0399,Rekha Srivastava,East,Kolkata,Furniture,Wardrobe,1,18633.92,12083.04,0.1,18633.92,1863.39,16770.53,4687.49,Credit Card,0
TXN004129,2024-07-05,CUST0063,Suresh Pillai,North,Amritsar,Sports,Cycle Helmet,1,1299.04,809.34,0.0,1299.04,0.0,1299.04,489.7,Net Banking,0
TXN004130,2024-09-23,CUST0183,Sanjay Yadav,South,Bangalore,Groceries,Pulses 1kg,2,147.8,98.58,0.0,295.6,0.0,295.6,98.44,Debit Card,0
TXN004131,2023-02-03,CUST0159,Rahul Sharma,West,Surat,Clothing,Denim Jeans,2,2730.93,1199.61,0.0,5461.86,0.0,5461.86,3062.64,Debit Card,0
TXN004132,2024-11-16,CUST0479,Mohit Saxena,West,Mumbai,Clothing,Denim Jeans,2,2468.32,1197.26,0.05,4936.64,246.83,4689.81,2295.29,Credit Card,0
TXN004133,2024-04-08,CUST0336,Divya Iyer,West,Nagpur,Sports,Running Shoes,1,4749.4,3109.41,0.15,4749.4,712.41,4036.99,927.58,Cash,0
TXN004134,2023-10-17,CUST0061,Nikhil Dubey,South,Chennai,Groceries,Sugar 1kg,4,53.1,42.57,0.0,212.4,0.0,212.4,42.12,Cash,0
TXN004135,2024-06-09,CUST0003,Anita Verma,South,Chennai,Electronics,Wireless Earbuds,2,3722.46,2161.8,0.0,7444.92,0.0,7444.92,3121.32,Net Banking,0
TXN004136,2023-02-15,CUST0091,Sunita Mishra,North,Lucknow,Furniture,Bookshelf,1,7055.3,4588.82,0.05,7055.3,352.77,6702.53,2113.71,Net Banking,0
TXN004137,2023-12-22,CUST0177,Lakshmi Rao,East,Bhubaneswar,Clothing,Winter Jacket,1,3815.79,2214.94,0.05,3815.79,190.79,3625.0,1410.06,Debit Card,0
TXN004138,2024-07-11,CUST0461,Swati Kapoor,South,Kochi,Clothing,Women's Kurti,1,1275.11,615.97,0.2,1275.11,255.02,1020.09,404.12,Net Banking,0
TXN004139,2023-11-11,CUST0287,Vijay Singh,West,Ahmedabad,Electronics,Wireless Earbuds,4,3477.75,2160.38,0.0,13911.0,0.0,13911.0,5269.48,Debit Card,0
TXN004140,2023-02-12,CUST0298,Priya Patel,North,Jaipur,Cosmetics,Lipstick,1,628.48,314.45,0.2,628.48,125.7,502.78,188.33,Credit Card,0
TXN004141,2024-08-02,CUST0352,Harish Agarwal,East,Kolkata,Furniture,Wardrobe,1,19748.13,11786.8,0.15,19748.13,2962.22,16785.91,4999.11,Credit Card,1
TXN004142,2024-12-26,CUST0321,Swati Kapoor,West,Mumbai,Sports,Cycle Helmet,3,1393.4,815.93,0.0,4180.2,0.0,4180.2,1732.41,Net Banking,0
TXN004143,2024-01-28,CUST0341,Deepak Tiwari,West,Pune,Sports,Yoga Mat,1,979.27,548.72,0.15,979.27,146.89,832.38,283.66,Cash,0
TXN004144,2024-11-08,CUST0286,Kavita Joshi,North,Amritsar,Electronics,Smartphone,3,23953.96,16730.25,0.1,71861.88,7186.19,64675.69,14484.94,UPI,1
TXN004145,2024-11-27,CUST0139,Rekha Srivastava,North,Chandigarh,Cosmetics,Lipstick,1,590.59,307.35,0.0,590.59,0.0,590.59,283.24,Cash,0
TXN004146,2024-09-12,CUST0304,Ravi Chandra,South,Hyderabad,Groceries,Sugar 1kg,2,57.98,42.06,0.0,115.96,0.0,115.96,31.84,UPI,0
TXN004147,2023-01-18,CUST0319,Amit Kumar,South,Mysore,Cosmetics,Lipstick,2,589.31,309.53,0.0,1178.62,0.0,1178.62,559.56,Debit Card,0
TXN004148,2024-09-13,CUST0459,Kiran Bose,North,Chandigarh,Sports,Cycle Helmet,1,1305.21,799.0,0.1,1305.21,130.52,1174.69,375.69,Net Banking,0
TXN004149,2023-12-15,CUST0497,Arjun Reddy,North,Delhi,Furniture,Wardrobe,1,19583.13,11772.7,0.05,19583.13,979.16,18603.97,6831.27,Credit Card,1
TXN004150,2023-10-30,CUST0295,Nikhil Dubey,North,Chandigarh,Cosmetics,Lipstick,3,620.85,307.98,0.1,1862.55,186.25,1676.3,752.36,Credit Card,0
TXN004151,2024-07-24,CUST0487,Rajesh Malhotra,East,Patna,Cosmetics,Moisturiser 50g,2,543.12,288.1,0.15,1086.24,162.94,923.3,347.1,Debit Card,0
TXN004152,2023-11-07,CUST0188,Sneha Gupta,Central,Raipur,Furniture,Dining Table,3,21365.97,14951.92,0.0,64097.91,0.0,64097.91,19242.15,Net Banking,0
TXN004153,2024-04-22,CUST0177,Arun Patil,South,Chennai,Clothing,Men's T-Shirt,2,798.39,352.36,0.0,1596.78,0.0,1596.78,892.06,Debit Card,0
TXN004154,2024-10-04,CUST0004,Nikhil Dubey,Central,Indore,Sports,Cricket Bat,1,2860.77,1852.37,0.0,2860.77,0.0,2860.77,1008.4,Debit Card,0
TXN004155,2023-02-23,CUST0305,Arjun Reddy,West,Pune,Sports,Cricket Bat,1,3187.51,1810.52,0.0,3187.51,0.0,3187.51,1376.99,UPI,0
TXN004156,2024-01-01,CUST0391,Sunita Mishra,North,Chandigarh,Furniture,Wooden Desk,1,12233.95,8573.23,0.05,12233.95,611.7,11622.25,3049.02,UPI,0
TXN004157,2024-11-01,CUST0313,Anita Verma,South,Bangalore,Clothing,Women's Kurti,2,1317.72,612.08,0.1,2635.44,263.54,2371.9,1147.74,Cash,0
TXN004158,2024-05-15,CUST0178,Asha Pandey,South,Bangalore,Clothing,Women's Kurti,3,1293.07,602.78,0.15,3879.21,581.88,3297.33,1488.99,Credit Card,0
TXN004159,2024-01-12,CUST0017,Ravi Chandra,East,Guwahati,Clothing,Men's T-Shirt,1,871.11,346.35,0.1,871.11,87.11,784.0,437.65,Net Banking,0
TXN004160,2023-11-01,CUST0387,Suresh Pillai,East,Guwahati,Groceries,Cooking Oil 1L,2,191.55,129.44,0.0,383.1,0.0,383.1,124.22,Net Banking,0
TXN004161,2023-06-29,CUST0184,Rajesh Malhotra,West,Ahmedabad,Sports,Dumbbells Set,1,3846.35,2191.68,0.1,3846.35,384.63,3461.72,1270.04,Debit Card,0
TXN004162,2024-05-12,CUST0203,Suresh Pillai,East,Kolkata,Sports,Running Shoes,1,5395.1,3284.68,0.0,5395.1,0.0,5395.1,2110.42,Net Banking,0
TXN004163,2024-08-18,CUST0170,Meera Das,East,Patna,Electronics,Laptop,1,44862.85,37173.15,0.2,44862.85,8972.57,35890.28,-1282.87,Net Banking,0
TXN004164,2023-11-14,CUST0374,Asha Pandey,West,Ahmedabad,Furniture,Dining Table,4,22548.41,14871.4,0.2,90193.64,18038.73,72154.91,12669.31,Cash,0
TXN004165,2023-11-03,CUST0191,Priya Patel,West,Mumbai,Cosmetics,Sunscreen SPF50,1,480.3,275.33,0.1,480.3,48.03,432.27,156.94,Debit Card,0
TXN004166,2023-05-26,CUST0093,Arjun Reddy,East,Kolkata,Cosmetics,Sunscreen SPF50,3,438.49,272.26,0.0,1315.47,0.0,1315.47,498.69,Credit Card,0
TXN004167,2023-08-18,CUST0069,Rajesh Malhotra,South,Mysore,Cosmetics,Sunscreen SPF50,1,453.3,277.89,0.2,453.3,90.66,362.64,84.75,UPI,0
TXN004168,2023-11-28,CUST0047,Arjun Reddy,North,Lucknow,Sports,Running Shoes,5,4946.68,3267.78,0.15,24733.4,3710.01,21023.39,4684.49,Cash,0
TXN004169,2024-09-03,CUST0117,Arjun Reddy,East,Patna,Sports,Badminton Racket,2,1494.46,921.47,0.2,2988.92,597.78,2391.14,548.2,Net Banking,0
TXN004170,2023-10-28,CUST0473,Arun Patil,Central,Gwalior,Electronics,Smart TV,7,36349.55,26551.0,0.0,254446.85,0.0,254446.85,68589.85,Net Banking,0
TXN004171,2023-05-27,CUST0342,Pooja Nair,West,Ahmedabad,Electronics,Smartphone,3,21045.73,17049.17,0.05,63137.19,3156.86,59980.33,8832.82,Net Banking,0
TXN004172,2023-03-06,CUST0278,Sunita Mishra,East,Ranchi,Furniture,Wooden Desk,1,11777.91,8678.81,0.1,11777.91,1177.79,10600.12,1921.31,Cash,1
TXN004173,2023-02-25,CUST0461,Harish Agarwal,North,Lucknow,Cosmetics,Lipstick,1,645.39,312.2,0.05,645.39,32.27,613.12,300.92,Debit Card,0
TXN004174,2024-12-22,CUST0184,Sunita Mishra,West,Ahmedabad,Sports,Yoga Mat,2,889.34,555.69,0.0,1778.68,0.0,1778.68,667.3,Debit Card,0
TXN004175,2023-01-17,CUST0475,Meera Das,South,Bangalore,Cosmetics,Hair Serum 100ml,2,755.94,392.49,0.15,1511.88,226.78,1285.1,500.12,Debit Card,0
TXN004176,2023-02-06,CUST0062,Arjun Reddy,Central,Varanasi,Clothing,Denim Jeans,1,2497.36,1214.84,0.0,2497.36,0.0,2497.36,1282.52,Cash,0
TXN004177,2024-08-10,CUST0337,Rajesh Malhotra,East,Guwahati,Furniture,Office Chair,3,9131.21,5827.58,0.05,27393.63,1369.68,26023.95,8541.21,Cash,1
TXN004178,2024-11-29,CUST0088,Mohit Saxena,West,Nagpur,Groceries,Basmati Rice 5kg,2,441.76,307.49,0.0,883.52,0.0,883.52,268.54,Net Banking,0
TXN004179,2024-07-23,CUST0355,Meera Das,Central,Raipur,Groceries,Pulses 1kg,2,136.36,99.78,0.0,272.72,0.0,272.72,73.16,Net Banking,0
TXN004180,2023-05-15,CUST0344,Rajesh Malhotra,West,Nagpur,Cosmetics,Face Wash 100ml,1,320.86,158.93,0.15,320.86,48.13,272.73,113.8,Debit Card,0
TXN004181,2024-03-21,CUST0337,Vijay Singh,Central,Indore,Furniture,Sofa Set,2,36986.11,23789.93,0.0,73972.22,0.0,73972.22,26392.36,Cash,1
TXN004182,2023-09-23,CUST0361,Sanjay Yadav,Central,Varanasi,Sports,Cricket Bat,2,2999.45,1830.36,0.0,5998.9,0.0,5998.9,2338.18,Net Banking,0
TXN004183,2023-07-19,CUST0044,Kavita Joshi,West,Pune,Clothing,Winter Jacket,1,4215.94,2169.45,0.15,4215.94,632.39,3583.55,1414.1,Net Banking,0
TXN004184,2024-12-24,CUST0438,Nikhil Dubey,North,Delhi,Sports,Badminton Racket,5,1443.96,915.31,0.15,7219.8,1082.97,6136.83,1560.28,Cash,0
TXN004185,2023-08-25,CUST0042,Harish Agarwal,West,Nagpur,Groceries,Tea Powder 500g,2,202.45,152.54,0.0,404.9,0.0,404.9,99.82,UPI,0
TXN004186,2024-04-21,CUST0126,Pallavi Shah,North,Chandigarh,Furniture,Dining Table,2,22501.03,15091.52,0.0,45002.06,0.0,45002.06,14819.02,Net Banking,0
TXN004187,2024-09-23,CUST0093,Rajesh Malhotra,Central,Bhopal,Clothing,Saree,2,4786.93,2501.12,0.0,9573.86,0.0,9573.86,4571.62,Cash,0
TXN004188,2024-06-15,CUST0288,Sneha Gupta,South,Hyderabad,Electronics,Wireless Earbuds,1,3582.67,2236.47,0.2,3582.67,716.53,2866.14,629.67,UPI,0
TXN004189,2024-08-23,CUST0401,Swati Kapoor,North,Delhi,Groceries,Cooking Oil 1L,1,187.8,126.23,0.15,187.8,28.17,159.63,33.4,Credit Card,0
TXN004190,2023-06-18,CUST0425,Kavita Joshi,North,Jaipur,Electronics,Router,1,2712.25,1934.28,0.15,2712.25,406.84,2305.41,371.13,Cash,0
TXN004191,2024-05-19,CUST0294,Anita Verma,South,Hyderabad,Electronics,Smartphone,5,23670.77,17243.64,0.05,118353.85,5917.69,112436.16,26217.96,Debit Card,0
TXN004192,2024-10-16,CUST0084,Arun Patil,South,Chennai,Clothing,Denim Jeans,2,2569.18,1180.75,0.1,5138.36,513.84,4624.52,2263.02,Credit Card,0
TXN004193,2024-10-05,CUST0048,Kiran Bose,South,Mysore,Cosmetics,Foundation,1,988.8,517.01,0.0,988.8,0.0,988.8,471.79,UPI,0
TXN004194,2023-02-24,CUST0430,Arun Patil,North,Amritsar,Clothing,Men's T-Shirt,1,857.74,345.12,0.05,857.74,42.89,814.85,469.73,UPI,0
TXN004195,2024-10-13,CUST0325,Swati Kapoor,South,Kochi,Clothing,Formal Shirt,4,1775.23,912.08,0.0,7100.92,0.0,7100.92,3452.6,Cash,0
TXN004196,2023-10-05,CUST0168,Rahul Sharma,Central,Varanasi,Sports,Cycle Helmet,4,1424.77,818.33,0.1,5699.08,569.91,5129.17,1855.85,Net Banking,0
TXN004197,2024-07-30,CUST0143,Pallavi Shah,Central,Raipur,Sports,Badminton Racket,2,1485.11,922.22,0.1,2970.22,297.02,2673.2,828.76,Net Banking,0
TXN004198,2023-12-27,CUST0348,Sneha Gupta,South,Bangalore,Groceries,Sugar 1kg,2,54.32,42.84,0.0,108.64,0.0,108.64,22.96,UPI,0
TXN004199,2024-02-26,CUST0216,Nikhil Dubey,East,Ranchi,Electronics,Tablet,1,19457.09,12844.82,0.0,19457.09,0.0,19457.09,6612.27,Debit Card,0
TXN004200,2024-06-13,CUST0262,Asha Pandey,East,Patna,Clothing,Denim Jeans,1,2424.52,1227.89,0.2,2424.52,484.9,1939.62,711.73,UPI,0
TXN004201,2023-11-22,CUST0040,Kavita Joshi,Central,Gwalior,Clothing,Men's T-Shirt,3,816.06,351.22,0.0,2448.18,0.0,2448.18,1394.52,Net Banking,0
TXN004202,2024-03-23,CUST0249,Lakshmi Rao,Central,Varanasi,Groceries,Whole Wheat Flour 5kg,5,257.26,191.31,0.05,1286.3,64.31,1221.99,265.44,Credit Card,0
TXN004203,2024-03-27,CUST0001,Nikhil Dubey,East,Patna,Clothing,Women's Kurti,2,1295.88,609.45,0.2,2591.76,518.35,2073.41,854.51,Credit Card,0
TXN004204,2024-11-24,CUST0439,Suresh Pillai,North,Chandigarh,Groceries,Sugar 1kg,3,53.38,41.32,0.2,160.14,32.03,128.11,4.15,Credit Card,0
TXN004205,2023-11-01,CUST0083,Kavita Joshi,Central,Varanasi,Groceries,Cooking Oil 1L,3,189.22,132.78,0.0,567.66,0.0,567.66,169.32,Net Banking,0
TXN004206,2024-09-10,CUST0001,Deepak Tiwari,Central,Varanasi,Furniture,Wooden Desk,1,11807.01,8435.14,0.0,11807.01,0.0,11807.01,3371.87,Debit Card,0
TXN004207,2023-07-13,CUST0082,Amit Kumar,West,Ahmedabad,Groceries,Tea Powder 500g,4,224.25,159.36,0.0,897.0,0.0,897.0,259.56,Net Banking,0
TXN004208,2024-01-14,CUST0297,Deepak Tiwari,North,Amritsar,Sports,Dumbbells Set,1,3725.68,2208.44,0.15,3725.68,558.85,3166.83,958.39,Cash,0
TXN004209,2023-04-13,CUST0070,Arun Patil,Central,Gwalior,Groceries,Cooking Oil 1L,1,195.0,130.47,0.0,195.0,0.0,195.0,64.53,Cash,0
TXN004210,2023-07-14,CUST0289,Rekha Srivastava,Central,Raipur,Groceries,Cooking Oil 1L,1,192.89,127.62,0.0,192.89,0.0,192.89,65.27,UPI,0
TXN004211,2024-09-02,CUST0424,Harish Agarwal,North,Lucknow,Electronics,Wireless Earbuds,1,3477.8,2170.57,0.0,3477.8,0.0,3477.8,1307.23,Cash,0
TXN004212,2024-09-19,CUST0117,Rahul Sharma,West,Pune,Electronics,Smart TV,1,34261.76,26406.72,0.15,34261.76,5139.26,29122.5,2715.78,Net Banking,0
TXN004213,2024-11-11,CUST0459,Vijay Singh,South,Hyderabad,Groceries,Sugar 1kg,1,58.33,43.07,0.0,58.33,0.0,58.33,15.26,Cash,0
TXN004214,2023-06-21,CUST0076,Pooja Nair,Central,Gwalior,Sports,Running Shoes,1,5449.82,3293.06,0.0,5449.82,0.0,5449.82,2156.76,Cash,0
TXN004215,2024-05-30,CUST0293,Ravi Chandra,South,Kochi,Clothing,Denim Jeans,2,2440.2,1166.69,0.05,4880.4,244.02,4636.38,2303.0,Cash,0
TXN004216,2024-07-07,CUST0208,Divya Iyer,North,Amritsar,Furniture,Sofa Set,3,35910.34,23793.85,0.05,107731.02,5386.55,102344.47,30962.92,Cash,1
TXN004217,2024-07-01,CUST0065,Kavita Joshi,East,Patna,Groceries,Basmati Rice 5kg,1,453.82,302.88,0.2,453.82,90.76,363.06,60.18,Cash,0
TXN004218,2023-12-14,CUST0385,Asha Pandey,East,Kolkata,Electronics,Laptop,1,42880.6,37739.93,0.05,42880.6,2144.03,40736.57,2996.64,Debit Card,0
TXN004219,2023-11-16,CUST0355,Asha Pandey,West,Pune,Sports,Dumbbells Set,3,3659.37,2238.83,0.15,10978.11,1646.72,9331.39,2614.9,Debit Card,0
TXN004220,2024-01-10,CUST0275,Anita Verma,West,Pune,Electronics,Smartphone,1,21253.61,17094.09,0.0,21253.61,0.0,21253.61,4159.52,Credit Card,0
TXN004221,2024-04-30,CUST0369,Amit Kumar,East,Kolkata,Electronics,Smartphone,1,21003.24,17377.9,0.2,21003.24,4200.65,16802.59,-575.31,Cash,0
TXN004222,2023-06-06,CUST0371,Nisha Trivedi,North,Lucknow,Electronics,Smart TV,1,37357.23,27280.9,0.1,37357.23,3735.72,33621.51,6340.61,Credit Card,0
TXN004223,2023-06-13,CUST0361,Rekha Srivastava,South,Mysore,Clothing,Denim Jeans,1,2521.48,1232.67,0.2,2521.48,504.3,2017.18,784.51,Debit Card,0
TXN004224,2023-08-16,CUST0028,Rohan Mehta,West,Nagpur,Electronics,Tablet,4,18100.57,13311.51,0.2,72402.28,14480.46,57921.82,4675.78,UPI,0
TXN004225,2023-12-30,CUST0382,Swati Kapoor,East,Bhubaneswar,Clothing,Winter Jacket,5,4061.18,2193.65,0.05,20305.9,1015.3,19290.6,8322.35,Credit Card,0
TXN004226,2024-12-15,CUST0183,Arun Patil,North,Jaipur,Groceries,Tea Powder 500g,6,213.37,150.46,0.2,1280.22,256.04,1024.18,121.42,Debit Card,1
TXN004227,2023-05-27,CUST0231,Asha Pandey,South,Bangalore,Groceries,Pulses 1kg,2,153.74,99.2,0.1,307.48,30.75,276.73,78.33,Cash,0
TXN004228,2023-08-23,CUST0412,Deepak Tiwari,Central,Varanasi,Electronics,Router,1,2931.66,1876.07,0.2,2931.66,586.33,2345.33,469.26,Net Banking,0
TXN004229,2023-08-16,CUST0095,Nisha Trivedi,West,Mumbai,Electronics,Tablet,1,19497.56,13051.6,0.0,19497.56,0.0,19497.56,6445.96,Cash,0
TXN004230,2024-10-16,CUST0380,Sanjay Yadav,East,Patna,Clothing,Denim Jeans,4,2375.86,1189.0,0.15,9503.44,1425.52,8077.92,3321.92,Credit Card,0
TXN004231,2024-04-21,CUST0190,Rajesh Malhotra,North,Amritsar,Furniture,Dining Table,4,21695.17,15024.57,0.15,86780.68,13017.1,73763.58,13665.3,Debit Card,1
TXN004232,2024-10-22,CUST0392,Sunita Mishra,South,Kochi,Groceries,Whole Wheat Flour 5kg,3,247.36,190.7,0.0,742.08,0.0,742.08,169.98,UPI,0
TXN004233,2024-12-29,CUST0435,Pooja Nair,South,Hyderabad,Cosmetics,Lipstick,4,627.27,301.78,0.2,2509.08,501.82,2007.26,800.14,Credit Card,0
TXN004234,2023-06-21,CUST0271,Arjun Reddy,East,Guwahati,Sports,Dumbbells Set,1,3631.19,2199.31,0.15,3631.19,544.68,3086.51,887.2,Cash,0
TXN004235,2024-04-08,CUST0440,Kiran Bose,West,Surat,Clothing,Denim Jeans,2,2414.16,1202.16,0.1,4828.32,482.83,4345.49,1941.17,UPI,0
TXN004236,2024-09-01,CUST0146,Meera Das,North,Delhi,Sports,Yoga Mat,3,945.66,561.76,0.2,2836.98,567.4,2269.58,584.3,UPI,0
TXN004237,2024-10-19,CUST0076,Pallavi Shah,Central,Indore,Furniture,Bookshelf,3,6277.86,4601.79,0.15,18833.58,2825.04,16008.54,2203.17,Net Banking,1
TXN004238,2024-01-12,CUST0180,Suresh Pillai,West,Pune,Groceries,Basmati Rice 5kg,2,481.61,311.11,0.05,963.22,48.16,915.06,292.84,Cash,0
TXN004239,2023-07-05,CUST0405,Sneha Gupta,South,Kochi,Electronics,Smartphone,1,21852.09,17313.14,0.0,21852.09,0.0,21852.09,4538.95,Net Banking,1
TXN004240,2023-06-11,CUST0488,Rahul Sharma,East,Kolkata,Cosmetics,Face Wash 100ml,2,293.53,159.93,0.1,587.06,58.71,528.35,208.49,UPI,0
TXN004241,2023-08-16,CUST0385,Kavita Joshi,Central,Gwalior,Groceries,Basmati Rice 5kg,2,432.74,304.23,0.0,865.48,0.0,865.48,257.02,UPI,0
TXN004242,2024-04-15,CUST0358,Kavita Joshi,East,Guwahati,Furniture,Dining Table,2,21088.34,14968.73,0.2,42176.68,8435.34,33741.34,3803.88,UPI,0
TXN004243,2024-10-14,CUST0023,Rahul Sharma,West,Nagpur,Clothing,Winter Jacket,2,3984.72,2256.29,0.0,7969.44,0.0,7969.44,3456.86,UPI,0
TXN004244,2024-10-29,CUST0263,Rohan Mehta,West,Ahmedabad,Electronics,Laptop,4,46762.23,37913.24,0.0,187048.92,0.0,187048.92,35395.96,Credit Card,0
TXN004245,2024-11-22,CUST0125,Geeta Bhatt,West,Surat,Cosmetics,Face Wash 100ml,1,284.19,163.94,0.2,284.19,56.84,227.35,63.41,UPI,0
TXN004246,2024-05-26,CUST0087,Nikhil Dubey,North,Delhi,Electronics,Smartphone,1,23375.97,16625.06,0.0,23375.97,0.0,23375.97,6750.91,UPI,0
TXN004247,2023-08-12,CUST0469,Rajesh Malhotra,Central,Bhopal,Groceries,Basmati Rice 5kg,2,489.78,316.18,0.2,979.56,195.91,783.65,151.29,Net Banking,0
TXN004248,2024-01-23,CUST0316,Deepak Tiwari,East,Ranchi,Electronics,Laptop,1,48034.57,38948.24,0.05,48034.57,2401.73,45632.84,6684.6,UPI,0
TXN004249,2023-02-10,CUST0429,Anita Verma,North,Lucknow,Sports,Dumbbells Set,3,3817.48,2264.99,0.0,11452.44,0.0,11452.44,4657.47,Net Banking,0
TXN004250,2023-06-05,CUST0260,Harish Agarwal,Central,Varanasi,Groceries,Cooking Oil 1L,2,195.63,133.25,0.0,391.26,0.0,391.26,124.76,UPI,0
TXN004251,2024-04-01,CUST0162,Arjun Reddy,North,Jaipur,Electronics,Smartphone,2,21894.69,17320.8,0.05,43789.38,2189.47,41599.91,6958.31,Cash,1
TXN004252,2024-12-24,CUST0427,Geeta Bhatt,South,Bangalore,Sports,Cycle Helmet,1,1421.97,782.81,0.0,1421.97,0.0,1421.97,639.16,Debit Card,0
TXN004253,2023-02-21,CUST0393,Vijay Singh,West,Ahmedabad,Sports,Dumbbells Set,3,3478.57,2261.83,0.15,10435.71,1565.36,8870.35,2084.86,UPI,0
TXN004254,2024-01-19,CUST0433,Rekha Srivastava,North,Jaipur,Cosmetics,Lipstick,1,594.88,308.93,0.0,594.88,0.0,594.88,285.95,Credit Card,0
TXN004255,2023-06-08,CUST0426,Pallavi Shah,North,Chandigarh,Sports,Cycle Helmet,2,1385.67,795.94,0.05,2771.34,138.57,2632.77,1040.89,UPI,0
TXN004256,2024-06-14,CUST0315,Priya Patel,South,Mysore,Cosmetics,Foundation,2,928.84,519.97,0.0,1857.68,0.0,1857.68,817.74,Cash,1
TXN004257,2023-11-03,CUST0090,Ravi Chandra,South,Bangalore,Cosmetics,Hair Serum 100ml,4,754.95,406.18,0.05,3019.8,150.99,2868.81,1244.09,UPI,0
TXN004258,2023-06-10,CUST0022,Sanjay Yadav,Central,Varanasi,Cosmetics,Lipstick,1,644.91,311.83,0.15,644.91,96.74,548.17,236.34,UPI,0
TXN004259,2024-02-29,CUST0240,Suresh Pillai,Central,Raipur,Groceries,Whole Wheat Flour 5kg,1,264.98,194.67,0.0,264.98,0.0,264.98,70.31,Cash,0
TXN004260,2024-10-10,CUST0326,Mohit Saxena,East,Bhubaneswar,Groceries,Cooking Oil 1L,1,183.57,131.92,0.0,183.57,0.0,183.57,51.65,Credit Card,0
TXN004261,2024-04-20,CUST0066,Lakshmi Rao,South,Chennai,Furniture,Sofa Set,1,37219.97,24049.38,0.0,37219.97,0.0,37219.97,13170.59,Debit Card,0
TXN004262,2023-10-24,CUST0016,Pallavi Shah,East,Patna,Cosmetics,Lipstick,4,627.24,304.22,0.15,2508.96,376.34,2132.62,915.74,Cash,0
TXN004263,2023-04-13,CUST0284,Asha Pandey,South,Kochi,Furniture,Bookshelf,2,6724.37,4461.96,0.0,13448.74,0.0,13448.74,4524.82,Credit Card,1
TXN004264,2023-08-09,CUST0264,Geeta Bhatt,South,Hyderabad,Groceries,Tea Powder 500g,1,207.21,153.6,0.05,207.21,10.36,196.85,43.25,Credit Card,1
TXN004265,2024-06-20,CUST0114,Mohit Saxena,West,Ahmedabad,Furniture,Wardrobe,1,18812.86,12118.47,0.2,18812.86,3762.57,15050.29,2931.82,Net Banking,0
TXN004266,2023-04-26,CUST0247,Rahul Sharma,West,Surat,Electronics,Wireless Earbuds,3,3365.94,2182.24,0.05,10097.82,504.89,9592.93,3046.21,Cash,0
TXN004267,2023-04-02,CUST0313,Sanjay Yadav,North,Lucknow,Cosmetics,Hair Serum 100ml,3,680.17,389.66,0.0,2040.51,0.0,2040.51,871.53,Credit Card,0
TXN004268,2023-04-26,CUST0460,Sunita Mishra,West,Surat,Groceries,Basmati Rice 5kg,3,466.44,301.89,0.0,1399.32,0.0,1399.32,493.65,UPI,0
TXN004269,2024-01-09,CUST0425,Amit Kumar,West,Nagpur,Clothing,Men's T-Shirt,1,763.66,359.21,0.1,763.66,76.37,687.29,328.08,Cash,0
TXN004270,2024-08-15,CUST0385,Rahul Sharma,East,Bhubaneswar,Electronics,Laptop,1,43689.2,37972.92,0.0,43689.2,0.0,43689.2,5716.28,UPI,0
TXN004271,2024-08-02,CUST0479,Anita Verma,West,Surat,Cosmetics,Moisturiser 50g,1,513.43,278.03,0.0,513.43,0.0,513.43,235.4,UPI,0
TXN004272,2024-03-03,CUST0118,Swati Kapoor,North,Delhi,Groceries,Cooking Oil 1L,1,173.14,126.58,0.0,173.14,0.0,173.14,46.56,Net Banking,0
TXN004273,2024-05-02,CUST0193,Rekha Srivastava,East,Kolkata,Groceries,Cooking Oil 1L,1,174.62,127.82,0.2,174.62,34.92,139.7,11.88,Debit Card,0
TXN004274,2023-04-25,CUST0382,Amit Kumar,South,Mysore,Cosmetics,Moisturiser 50g,3,536.45,283.83,0.2,1609.35,321.87,1287.48,435.99,UPI,0
TXN004275,2024-12-26,CUST0286,Geeta Bhatt,Central,Gwalior,Groceries,Whole Wheat Flour 5kg,4,248.16,189.71,0.0,992.64,0.0,992.64,233.8,Net Banking,0
TXN004276,2023-12-11,CUST0235,Nisha Trivedi,Central,Gwalior,Furniture,Wooden Desk,1,12573.04,8415.2,0.1,12573.04,1257.3,11315.74,2900.54,Net Banking,0
TXN004277,2024-08-26,CUST0011,Rahul Sharma,South,Hyderabad,Groceries,Whole Wheat Flour 5kg,2,261.92,187.49,0.0,523.84,0.0,523.84,148.86,Cash,0
TXN004278,2024-08-28,CUST0107,Ravi Chandra,North,Delhi,Furniture,Sofa Set,1,36015.42,24432.3,0.0,36015.42,0.0,36015.42,11583.12,Cash,0
TXN004279,2024-03-26,CUST0291,Arjun Reddy,Central,Varanasi,Furniture,Wooden Desk,3,11718.11,8645.33,0.0,35154.33,0.0,35154.33,9218.34,Credit Card,1
TXN004280,2023-01-09,CUST0338,Anita Verma,South,Hyderabad,Cosmetics,Lipstick,1,653.72,311.76,0.2,653.72,130.74,522.98,211.22,Debit Card,0
TXN004281,2023-07-31,CUST0414,Priya Patel,West,Pune,Electronics,Smartphone,2,22095.1,17223.78,0.05,44190.2,2209.51,41980.69,7533.13,Cash,0
TXN004282,2023-04-08,CUST0187,Asha Pandey,North,Delhi,Furniture,Bookshelf,1,6293.87,4429.16,0.0,6293.87,0.0,6293.87,1864.71,Credit Card,0
TXN004283,2023-10-29,CUST0244,Amit Kumar,South,Bangalore,Groceries,Basmati Rice 5kg,2,448.52,310.99,0.1,897.04,89.7,807.34,185.36,UPI,1
TXN004284,2023-08-25,CUST0468,Priya Patel,Central,Indore,Groceries,Tea Powder 500g,3,220.57,156.68,0.0,661.71,0.0,661.71,191.67,Debit Card,0
TXN004285,2023-10-13,CUST0345,Arun Patil,South,Hyderabad,Furniture,Wooden Desk,2,12499.64,8645.89,0.0,24999.28,0.0,24999.28,7707.5,Credit Card,0
TXN004286,2024-03-16,CUST0339,Asha Pandey,South,Bangalore,Cosmetics,Hair Serum 100ml,1,728.68,410.4,0.05,728.68,36.43,692.25,281.85,UPI,0
TXN004287,2023-06-06,CUST0303,Suresh Pillai,West,Surat,Groceries,Basmati Rice 5kg,1,457.18,303.24,0.15,457.18,68.58,388.6,85.36,Debit Card,0
TXN004288,2024-01-29,CUST0495,Swati Kapoor,Central,Bhopal,Cosmetics,Sunscreen SPF50,2,436.17,273.77,0.0,872.34,0.0,872.34,324.8,UPI,0
TXN004289,2024-08-01,CUST0164,Kiran Bose,East,Kolkata,Furniture,Bookshelf,2,6271.87,4609.42,0.0,12543.74,0.0,12543.74,3324.9,Net Banking,0
TXN004290,2023-01-30,CUST0006,Nikhil Dubey,South,Bangalore,Sports,Cricket Bat,1,3025.92,1820.86,0.2,3025.92,605.18,2420.74,599.88,Credit Card,0
TXN004291,2024-02-23,CUST0420,Divya Iyer,South,Hyderabad,Cosmetics,Face Wash 100ml,1,290.54,161.53,0.05,290.54,14.53,276.01,114.48,UPI,0
TXN004292,2024-12-12,CUST0149,Deepak Tiwari,West,Pune,Sports,Badminton Racket,2,1638.73,877.24,0.15,3277.46,491.62,2785.84,1031.36,Debit Card,0
TXN004293,2023-10-05,CUST0378,Lakshmi Rao,South,Bangalore,Electronics,Smart TV,1,37528.09,27426.56,0.05,37528.09,1876.4,35651.69,8225.13,UPI,1
TXN004294,2023-05-05,CUST0206,Kavita Joshi,East,Guwahati,Cosmetics,Lipstick,1,647.02,310.03,0.0,647.02,0.0,647.02,336.99,Credit Card,0
TXN004295,2024-01-11,CUST0207,Swati Kapoor,South,Kochi,Clothing,Men's T-Shirt,1,814.58,350.12,0.05,814.58,40.73,773.85,423.73,Cash,0
TXN004296,2023-03-01,CUST0480,Kiran Bose,East,Kolkata,Furniture,Wardrobe,3,19768.97,11947.93,0.0,59306.91,0.0,59306.91,23463.12,Net Banking,0
TXN004297,2024-01-01,CUST0434,Pallavi Shah,East,Bhubaneswar,Furniture,Office Chair,2,8860.76,5755.61,0.2,17721.52,3544.3,14177.22,2666.0,Credit Card,0
TXN004298,2023-09-18,CUST0429,Sanjay Yadav,North,Lucknow,Electronics,Smartphone,1,23119.21,16504.28,0.2,23119.21,4623.84,18495.37,1991.09,Credit Card,0
TXN004299,2024-06-16,CUST0004,Rajesh Malhotra,South,Hyderabad,Sports,Running Shoes,2,4799.48,3230.74,0.0,9598.96,0.0,9598.96,3137.48,Net Banking,0
TXN004300,2024-02-01,CUST0329,Vijay Singh,Central,Gwalior,Electronics,Wireless Earbuds,1,3438.15,2223.36,0.15,3438.15,515.72,2922.43,699.07,UPI,0
TXN004301,2023-04-08,CUST0171,Rahul Sharma,Central,Indore,Sports,Cricket Bat,3,3242.78,1759.89,0.05,9728.34,486.42,9241.92,3962.25,Cash,0
TXN004302,2023-03-17,CUST0221,Nikhil Dubey,East,Guwahati,Furniture,Wardrobe,1,17121.5,12008.22,0.1,17121.5,1712.15,15409.35,3401.13,UPI,0
TXN004303,2023-11-24,CUST0087,Deepak Tiwari,South,Kochi,Clothing,Denim Jeans,2,2422.29,1201.32,0.0,4844.58,0.0,4844.58,2441.94,Cash,0
TXN004304,2024-02-18,CUST0315,Arun Patil,East,Kolkata,Furniture,Sofa Set,1,34304.81,23576.97,0.2,34304.81,6860.96,27443.85,3866.88,UPI,0
TXN004305,2024-08-06,CUST0402,Geeta Bhatt,South,Hyderabad,Clothing,Saree,3,5256.22,2489.01,0.0,15768.66,0.0,15768.66,8301.63,Debit Card,0
TXN004306,2023-09-10,CUST0224,Arun Patil,West,Ahmedabad,Electronics,Laptop,2,48564.23,38862.18,0.0,97128.46,0.0,97128.46,19404.1,UPI,0
TXN004307,2023-12-12,CUST0212,Anita Verma,South,Mysore,Electronics,Smart TV,2,34981.01,27056.38,0.0,69962.02,0.0,69962.02,15849.26,Net Banking,0
TXN004308,2023-07-19,CUST0243,Pooja Nair,South,Hyderabad,Electronics,Smartphone,2,21565.56,16900.3,0.15,43131.12,6469.67,36661.45,2860.85,Net Banking,0
TXN004309,2024-10-11,CUST0276,Vijay Singh,West,Ahmedabad,Furniture,Bookshelf,2,6857.35,4447.23,0.0,13714.7,0.0,13714.7,4820.24,Cash,0
TXN004310,2024-05-15,CUST0279,Lakshmi Rao,Central,Indore,Electronics,Smartphone,1,23851.15,17413.61,0.1,23851.15,2385.12,21466.03,4052.42,UPI,0
TXN004311,2023-02-10,CUST0280,Nikhil Dubey,East,Kolkata,Clothing,Men's T-Shirt,1,850.63,347.46,0.0,850.63,0.0,850.63,503.17,UPI,0
TXN004312,2024-03-04,CUST0041,Kavita Joshi,West,Pune,Sports,Running Shoes,2,5340.83,3160.29,0.05,10681.66,534.08,10147.58,3827.0,Debit Card,0
TXN004313,2023-12-14,CUST0374,Pallavi Shah,Central,Indore,Groceries,Basmati Rice 5kg,4,458.46,317.39,0.1,1833.84,183.38,1650.46,380.9,Net Banking,1
TXN004314,2024-03-07,CUST0256,Harish Agarwal,East,Guwahati,Clothing,Saree,2,5328.93,2556.5,0.2,10657.86,2131.57,8526.29,3413.29,Cash,0
TXN004315,2024-09-13,CUST0287,Sanjay Yadav,West,Surat,Cosmetics,Foundation,1,866.86,531.3,0.15,866.86,130.03,736.83,205.53,Credit Card,0
TXN004316,2023-05-05,CUST0470,Nisha Trivedi,North,Amritsar,Clothing,Saree,2,4790.27,2426.84,0.15,9580.54,1437.08,8143.46,3289.78,Debit Card,0
TXN004317,2023-09-09,CUST0418,Nisha Trivedi,Central,Indore,Furniture,Wardrobe,1,18411.2,12134.99,0.0,18411.2,0.0,18411.2,6276.21,Cash,0
TXN004318,2024-11-11,CUST0478,Sanjay Yadav,West,Surat,Groceries,Sugar 1kg,1,58.04,40.98,0.1,58.04,5.8,52.24,11.26,UPI,0
TXN004319,2024-06-04,CUST0252,Sunita Mishra,Central,Varanasi,Sports,Badminton Racket,1,1615.97,906.79,0.15,1615.97,242.4,1373.57,466.78,Debit Card,0
TXN004320,2024-08-17,CUST0151,Meera Das,North,Lucknow,Sports,Cricket Bat,2,3055.13,1849.89,0.2,6110.26,1222.05,4888.21,1188.43,Cash,0
TXN004321,2024-09-18,CUST0276,Swati Kapoor,West,Nagpur,Cosmetics,Moisturiser 50g,2,516.79,277.55,0.0,1033.58,0.0,1033.58,478.48,Credit Card,1
TXN004322,2024-05-20,CUST0293,Deepak Tiwari,West,Surat,Sports,Running Shoes,1,5155.47,3230.77,0.1,5155.47,515.55,4639.92,1409.15,Debit Card,0
TXN004323,2023-01-22,CUST0050,Sanjay Yadav,West,Ahmedabad,Electronics,Router,1,2793.08,1858.94,0.0,2793.08,0.0,2793.08,934.14,Credit Card,0
TXN004324,2024-03-29,CUST0308,Divya Iyer,East,Kolkata,Clothing,Women's Kurti,2,1299.77,612.21,0.0,2599.54,0.0,2599.54,1375.12,UPI,0
TXN004325,2023-09-12,CUST0291,Anita Verma,Central,Varanasi,Cosmetics,Face Wash 100ml,3,319.33,164.24,0.15,957.99,143.7,814.29,321.57,Net Banking,0
TXN004326,2023-11-05,CUST0385,Ravi Chandra,South,Mysore,Furniture,Dining Table,3,22365.93,14612.87,0.15,67097.79,10064.67,57033.12,13194.51,UPI,0
TXN004327,2024-01-21,CUST0062,Divya Iyer,South,Hyderabad,Groceries,Tea Powder 500g,1,230.78,157.06,0.2,230.78,46.16,184.62,27.56,Credit Card,1
TXN004328,2024-06-08,CUST0126,Nisha Trivedi,East,Ranchi,Cosmetics,Hair Serum 100ml,3,755.04,405.12,0.0,2265.12,0.0,2265.12,1049.76,Cash,0
TXN004329,2023-02-21,CUST0231,Priya Patel,East,Ranchi,Electronics,Tablet,2,19442.65,12828.14,0.15,38885.3,5832.8,33052.5,7396.22,Credit Card,0
TXN004330,2023-09-15,CUST0325,Vijay Singh,South,Kochi,Cosmetics,Moisturiser 50g,2,490.35,275.04,0.2,980.7,196.14,784.56,234.48,Debit Card,0
TXN004331,2024-10-03,CUST0438,Nisha Trivedi,Central,Gwalior,Furniture,Sofa Set,3,35771.71,24550.62,0.1,107315.13,10731.51,96583.62,22931.76,Debit Card,0
TXN004332,2024-10-19,CUST0393,Vijay Singh,North,Delhi,Electronics,Smart TV,3,33962.88,27635.59,0.1,101888.64,10188.86,91699.78,8793.01,Cash,0
TXN004333,2023-03-30,CUST0031,Rekha Srivastava,East,Kolkata,Cosmetics,Foundation,1,864.86,508.89,0.15,864.86,129.73,735.13,226.24,Debit Card,0
TXN004334,2023-03-24,CUST0142,Divya Iyer,West,Ahmedabad,Electronics,Wireless Earbuds,1,3533.11,2156.66,0.0,3533.11,0.0,3533.11,1376.45,UPI,0
TXN004335,2024-03-10,CUST0357,Arun Patil,Central,Varanasi,Sports,Running Shoes,2,5384.66,3188.81,0.0,10769.32,0.0,10769.32,4391.7,UPI,0
TXN004336,2024-11-23,CUST0438,Nikhil Dubey,West,Mumbai,Clothing,Men's T-Shirt,5,827.99,351.49,0.0,4139.95,0.0,4139.95,2382.5,Net Banking,0
TXN004337,2024-05-19,CUST0218,Arun Patil,West,Mumbai,Cosmetics,Foundation,2,877.14,518.08,0.2,1754.28,350.86,1403.42,367.26,Credit Card,0
TXN004338,2023-11-10,CUST0311,Asha Pandey,West,Nagpur,Groceries,Cooking Oil 1L,2,171.0,133.66,0.0,342.0,0.0,342.0,74.68,UPI,0
TXN004339,2023-02-10,CUST0278,Harish Agarwal,East,Guwahati,Groceries,Pulses 1kg,1,146.83,102.13,0.05,146.83,7.34,139.49,37.36,Debit Card,0
TXN004340,2024-06-07,CUST0298,Vijay Singh,East,Ranchi,Cosmetics,Moisturiser 50g,3,526.35,271.73,0.15,1579.05,236.86,1342.19,527.0,Credit Card,0
TXN004341,2024-02-17,CUST0440,Pooja Nair,North,Chandigarh,Furniture,Bookshelf,1,6947.72,4508.45,0.2,6947.72,1389.54,5558.18,1049.73,Debit Card,0
TXN004342,2024-12-11,CUST0148,Rohan Mehta,East,Bhubaneswar,Electronics,Wireless Earbuds,6,3400.24,2232.64,0.05,20401.44,1020.07,19381.37,5985.53,Cash,0
TXN004343,2023-04-25,CUST0386,Kavita Joshi,South,Chennai,Groceries,Sugar 1kg,1,53.39,41.8,0.0,53.39,0.0,53.39,11.59,Debit Card,0
TXN004344,2023-01-04,CUST0395,Ravi Chandra,East,Patna,Cosmetics,Sunscreen SPF50,2,470.99,265.67,0.0,941.98,0.0,941.98,410.64,Credit Card,0
TXN004345,2024-03-10,CUST0031,Lakshmi Rao,South,Hyderabad,Furniture,Sofa Set,1,36166.03,24439.87,0.1,36166.03,3616.6,32549.43,8109.56,Cash,0
TXN004346,2023-05-28,CUST0301,Kavita Joshi,Central,Gwalior,Cosmetics,Foundation,2,890.84,524.02,0.15,1781.68,267.25,1514.43,466.39,Net Banking,0
TXN004347,2024-02-03,CUST0371,Rohan Mehta,Central,Indore,Cosmetics,Sunscreen SPF50,1,479.19,265.88,0.0,479.19,0.0,479.19,213.31,Net Banking,0
TXN004348,2024-03-15,CUST0177,Deepak Tiwari,South,Mysore,Cosmetics,Foundation,4,924.44,529.08,0.0,3697.76,0.0,3697.76,1581.44,Cash,1
TXN004349,2023-08-04,CUST0424,Harish Agarwal,West,Nagpur,Electronics,Smart TV,1,34559.74,26250.17,0.2,34559.74,6911.95,27647.79,1397.62,Net Banking,0
TXN004350,2024-10-08,CUST0297,Sunita Mishra,West,Nagpur,Furniture,Wooden Desk,5,12718.96,8428.55,0.0,63594.8,0.0,63594.8,21452.05,Net Banking,0
TXN004351,2024-06-12,CUST0400,Sunita Mishra,Central,Varanasi,Electronics,Router,2,2781.51,1910.75,0.2,5563.02,1112.6,4450.42,628.92,Debit Card,0
TXN004352,2024-02-09,CUST0231,Kiran Bose,South,Kochi,Cosmetics,Sunscreen SPF50,2,456.79,270.56,0.0,913.58,0.0,913.58,372.46,UPI,0
TXN004353,2024-03-30,CUST0312,Priya Patel,Central,Varanasi,Furniture,Wardrobe,1,18401.81,12023.6,0.0,18401.81,0.0,18401.81,6378.21,Debit Card,0
TXN004354,2024-03-24,CUST0355,Lakshmi Rao,West,Nagpur,Sports,Badminton Racket,1,1475.24,874.78,0.0,1475.24,0.0,1475.24,600.46,Debit Card,0
TXN004355,2024-03-10,CUST0242,Lakshmi Rao,East,Bhubaneswar,Furniture,Office Chair,2,8268.07,5968.4,0.15,16536.14,2480.42,14055.72,2118.92,Credit Card,0
TXN004356,2023-04-22,CUST0042,Rohan Mehta,East,Ranchi,Electronics,Wireless Earbuds,2,3606.67,2187.97,0.05,7213.34,360.67,6852.67,2476.73,Credit Card,0
TXN004357,2023-01-22,CUST0076,Geeta Bhatt,East,Guwahati,Clothing,Denim Jeans,1,2598.74,1189.07,0.2,2598.74,519.75,2078.99,889.92,UPI,0
TXN004358,2024-06-19,CUST0117,Deepak Tiwari,North,Jaipur,Clothing,Formal Shirt,2,1959.67,911.17,0.2,3919.34,783.87,3135.47,1313.13,Debit Card,0
TXN004359,2023-01-09,CUST0500,Sanjay Yadav,Central,Gwalior,Sports,Running Shoes,1,5273.95,3134.92,0.15,5273.95,791.09,4482.86,1347.94,Debit Card,0
TXN004360,2023-12-01,CUST0177,Pallavi Shah,East,Ranchi,Electronics,Tablet,3,18458.7,12974.39,0.0,55376.1,0.0,55376.1,16452.93,Net Banking,0
TXN004361,2023-10-07,CUST0256,Pallavi Shah,East,Patna,Clothing,Winter Jacket,3,4034.04,2228.49,0.05,12102.12,605.11,11497.01,4811.54,Net Banking,0
TXN004362,2024-03-31,CUST0374,Rekha Srivastava,South,Chennai,Clothing,Saree,1,5070.95,2555.54,0.05,5070.95,253.55,4817.4,2261.86,Cash,0
TXN004363,2023-11-28,CUST0434,Lakshmi Rao,South,Bangalore,Electronics,Smartphone,2,23458.05,17246.99,0.2,46916.1,9383.22,37532.88,3038.9,UPI,0
TXN004364,2024-09-18,CUST0130,Divya Iyer,West,Nagpur,Clothing,Formal Shirt,2,1895.75,921.44,0.0,3791.5,0.0,3791.5,1948.62,Credit Card,0
TXN004365,2024-01-22,CUST0176,Swati Kapoor,North,Delhi,Furniture,Dining Table,1,23413.52,15347.22,0.05,23413.52,1170.68,22242.84,6895.62,Cash,0
TXN004366,2024-02-17,CUST0113,Swati Kapoor,Central,Bhopal,Groceries,Whole Wheat Flour 5kg,1,257.37,194.87,0.1,257.37,25.74,231.63,36.76,Net Banking,0
TXN004367,2023-06-10,CUST0381,Asha Pandey,East,Patna,Groceries,Whole Wheat Flour 5kg,3,245.45,185.75,0.0,736.35,0.0,736.35,179.1,Net Banking,0
TXN004368,2023-03-27,CUST0308,Rohan Mehta,Central,Gwalior,Groceries,Tea Powder 500g,1,202.19,154.51,0.1,202.19,20.22,181.97,27.46,Credit Card,1
TXN004369,2023-09-02,CUST0392,Meera Das,East,Guwahati,Sports,Dumbbells Set,1,3331.01,2231.42,0.15,3331.01,499.65,2831.36,599.94,Net Banking,0
TXN004370,2023-03-08,CUST0266,Swati Kapoor,West,Pune,Furniture,Office Chair,1,8904.76,5648.17,0.0,8904.76,0.0,8904.76,3256.59,UPI,0
TXN004371,2024-12-22,CUST0272,Vijay Singh,North,Delhi,Furniture,Wooden Desk,5,12440.23,8551.58,0.2,62201.15,12440.23,49760.92,7003.02,Cash,0
TXN004372,2023-05-16,CUST0296,Kavita Joshi,Central,Gwalior,Sports,Badminton Racket,2,1623.9,894.41,0.1,3247.8,324.78,2923.02,1134.2,Cash,0
TXN004373,2023-07-11,CUST0381,Sneha Gupta,North,Lucknow,Clothing,Men's T-Shirt,1,804.99,340.6,0.0,804.99,0.0,804.99,464.39,Net Banking,0
TXN004374,2024-10-30,CUST0135,Sunita Mishra,East,Ranchi,Groceries,Tea Powder 500g,2,230.96,155.63,0.0,461.92,0.0,461.92,150.66,Net Banking,0
TXN004375,2023-10-06,CUST0319,Arun Patil,North,Amritsar,Clothing,Formal Shirt,5,1804.36,889.62,0.0,9021.8,0.0,9021.8,4573.7,Credit Card,0
TXN004376,2024-10-18,CUST0173,Kiran Bose,North,Lucknow,Groceries,Pulses 1kg,2,142.6,100.18,0.0,285.2,0.0,285.2,84.84,UPI,0
TXN004377,2023-01-29,CUST0185,Rahul Sharma,North,Lucknow,Furniture,Office Chair,1,8422.07,5762.19,0.0,8422.07,0.0,8422.07,2659.88,Cash,0
TXN004378,2024-11-19,CUST0222,Mohit Saxena,South,Hyderabad,Electronics,Smart TV,1,35322.35,26797.46,0.05,35322.35,1766.12,33556.23,6758.77,Cash,0
TXN004379,2024-01-04,CUST0276,Rajesh Malhotra,East,Ranchi,Electronics,Wireless Earbuds,2,3690.52,2190.52,0.05,7381.04,369.05,7011.99,2630.95,Net Banking,0
TXN004380,2024-05-02,CUST0078,Rajesh Malhotra,South,Mysore,Electronics,Wireless Earbuds,1,3486.9,2169.18,0.05,3486.9,174.35,3312.55,1143.37,Net Banking,0
TXN004381,2023-02-12,CUST0434,Rahul Sharma,East,Bhubaneswar,Electronics,Router,2,2967.41,1949.21,0.2,5934.82,1186.96,4747.86,849.44,Net Banking,0
TXN004382,2023-05-22,CUST0087,Amit Kumar,East,Guwahati,Electronics,Tablet,1,17605.69,13136.95,0.0,17605.69,0.0,17605.69,4468.74,Cash,0
TXN004383,2024-10-09,CUST0478,Asha Pandey,South,Kochi,Cosmetics,Foundation,3,919.45,510.39,0.15,2758.35,413.75,2344.6,813.43,Cash,0
TXN004384,2023-09-13,CUST0274,Nisha Trivedi,Central,Indore,Electronics,Tablet,1,18098.99,12736.73,0.05,18098.99,904.95,17194.04,4457.31,Cash,0
TXN004385,2024-01-31,CUST0202,Meera Das,South,Chennai,Sports,Running Shoes,1,5022.3,3165.42,0.1,5022.3,502.23,4520.07,1354.65,Net Banking,0
TXN004386,2024-11-05,CUST0337,Divya Iyer,Central,Bhopal,Electronics,Laptop,4,47579.82,38928.92,0.1,190319.28,19031.93,171287.35,15571.67,Credit Card,0
TXN004387,2023-12-02,CUST0233,Asha Pandey,East,Kolkata,Electronics,Tablet,2,19766.19,13192.14,0.0,39532.38,0.0,39532.38,13148.1,Cash,0
TXN004388,2023-02-20,CUST0410,Pooja Nair,West,Nagpur,Cosmetics,Lipstick,3,624.69,314.17,0.0,1874.07,0.0,1874.07,931.56,Net Banking,1
TXN004389,2023-04-28,CUST0233,Amit Kumar,North,Lucknow,Groceries,Sugar 1kg,1,57.68,41.6,0.0,57.68,0.0,57.68,16.08,Cash,0
TXN004390,2024-02-21,CUST0439,Geeta Bhatt,West,Pune,Furniture,Sofa Set,2,35498.03,24076.73,0.0,70996.06,0.0,70996.06,22842.6,Debit Card,0
TXN004391,2023-08-29,CUST0024,Anita Verma,West,Pune,Furniture,Sofa Set,1,36508.78,23787.16,0.1,36508.78,3650.88,32857.9,9070.74,Credit Card,0
TXN004392,2023-05-16,CUST0262,Swati Kapoor,Central,Bhopal,Furniture,Wooden Desk,2,11732.19,8463.81,0.0,23464.38,0.0,23464.38,6536.76,Debit Card,0
TXN004393,2023-04-21,CUST0276,Priya Patel,West,Mumbai,Groceries,Sugar 1kg,3,54.18,41.29,0.0,162.54,0.0,162.54,38.67,Debit Card,0
TXN004394,2023-07-25,CUST0221,Sneha Gupta,East,Kolkata,Cosmetics,Moisturiser 50g,1,479.83,288.04,0.0,479.83,0.0,479.83,191.79,Cash,1
TXN004395,2023-01-05,CUST0088,Pallavi Shah,Central,Raipur,Furniture,Wooden Desk,1,12894.79,8647.25,0.05,12894.79,644.74,12250.05,3602.8,Credit Card,0
TXN004396,2024-09-27,CUST0286,Anita Verma,North,Jaipur,Furniture,Office Chair,3,8852.94,5964.27,0.05,26558.82,1327.94,25230.88,7338.07,Credit Card,0
TXN004397,2024-07-13,CUST0254,Pooja Nair,Central,Raipur,Cosmetics,Moisturiser 50g,3,530.28,283.3,0.15,1590.84,238.63,1352.21,502.31,Cash,0
TXN004398,2023-11-11,CUST0054,Pallavi Shah,North,Jaipur,Clothing,Formal Shirt,4,1837.68,904.03,0.05,7350.72,367.54,6983.18,3367.06,UPI,0
TXN004399,2023-12-16,CUST0064,Amit Kumar,Central,Gwalior,Electronics,Smart TV,5,37139.06,26615.32,0.0,185695.3,0.0,185695.3,52618.7,Net Banking,0
TXN004400,2023-11-20,CUST0264,Meera Das,East,Kolkata,Sports,Cycle Helmet,4,1258.61,781.01,0.0,5034.44,0.0,5034.44,1910.4,Credit Card,0
TXN004401,2023-09-15,CUST0156,Pooja Nair,West,Mumbai,Cosmetics,Foundation,3,944.06,512.26,0.0,2832.18,0.0,2832.18,1295.4,Debit Card,0
TXN004402,2023-09-09,CUST0142,Meera Das,East,Bhubaneswar,Electronics,Laptop,2,48278.24,37729.07,0.0,96556.48,0.0,96556.48,21098.34,Cash,0
TXN004403,2023-11-02,CUST0046,Rohan Mehta,East,Guwahati,Clothing,Women's Kurti,1,1334.93,582.26,0.1,1334.93,133.49,1201.44,619.18,Debit Card,0
TXN004404,2024-05-18,CUST0053,Rekha Srivastava,North,Amritsar,Electronics,Smart TV,2,33834.2,26796.43,0.15,67668.4,10150.26,57518.14,3925.28,Debit Card,0
TXN004405,2023-04-15,CUST0250,Swati Kapoor,East,Kolkata,Groceries,Pulses 1kg,3,139.86,101.65,0.1,419.58,41.96,377.62,72.67,Credit Card,0
TXN004406,2023-02-07,CUST0265,Priya Patel,West,Pune,Sports,Running Shoes,1,5068.74,3118.95,0.2,5068.74,1013.75,4054.99,936.04,Net Banking,0
TXN004407,2024-06-16,CUST0454,Rahul Sharma,North,Jaipur,Sports,Dumbbells Set,1,3698.54,2263.23,0.15,3698.54,554.78,3143.76,880.53,Net Banking,0
TXN004408,2024-04-11,CUST0004,Kiran Bose,East,Guwahati,Groceries,Whole Wheat Flour 5kg,2,250.26,186.99,0.15,500.52,75.08,425.44,51.46,Cash,0
TXN004409,2024-12-31,CUST0253,Harish Agarwal,Central,Gwalior,Electronics,Wireless Earbuds,4,3446.16,2140.96,0.0,13784.64,0.0,13784.64,5220.8,UPI,0
TXN004410,2023-05-23,CUST0314,Swati Kapoor,West,Pune,Clothing,Women's Kurti,3,1386.46,589.99,0.05,4159.38,207.97,3951.41,2181.44,Debit Card,0
TXN004411,2023-08-01,CUST0085,Meera Das,West,Mumbai,Groceries,Pulses 1kg,2,140.49,98.96,0.0,280.98,0.0,280.98,83.06,Debit Card,0
TXN004412,2023-07-30,CUST0190,Sneha Gupta,East,Bhubaneswar,Sports,Running Shoes,2,5415.39,3251.62,0.2,10830.78,2166.16,8664.62,2161.38,Credit Card,0
TXN004413,2023-12-22,CUST0288,Sunita Mishra,Central,Varanasi,Groceries,Cooking Oil 1L,1,193.25,131.68,0.1,193.25,19.33,173.92,42.24,UPI,0
TXN004414,2023-09-19,CUST0199,Pooja Nair,East,Kolkata,Groceries,Tea Powder 500g,3,221.53,151.41,0.2,664.59,132.92,531.67,77.44,Cash,0
TXN004415,2024-09-14,CUST0358,Divya Iyer,North,Chandigarh,Furniture,Bookshelf,1,7124.12,4629.07,0.0,7124.12,0.0,7124.12,2495.05,Debit Card,0
TXN004416,2023-06-27,CUST0086,Rohan Mehta,North,Jaipur,Clothing,Formal Shirt,2,1912.11,904.06,0.0,3824.22,0.0,3824.22,2016.1,Net Banking,0
TXN004417,2024-01-04,CUST0290,Anita Verma,Central,Gwalior,Clothing,Formal Shirt,1,1863.71,892.83,0.1,1863.71,186.37,1677.34,784.51,Credit Card,0
TXN004418,2024-10-18,CUST0204,Divya Iyer,West,Ahmedabad,Clothing,Formal Shirt,1,1782.12,897.04,0.0,1782.12,0.0,1782.12,885.08,Debit Card,0
TXN004419,2024-06-11,CUST0178,Arun Patil,Central,Gwalior,Cosmetics,Lipstick,3,585.95,309.82,0.05,1757.85,87.89,1669.96,740.5,UPI,0
TXN004420,2023-03-24,CUST0478,Nikhil Dubey,North,Chandigarh,Clothing,Saree,2,4802.58,2458.67,0.2,9605.16,1921.03,7684.13,2766.79,Net Banking,0
TXN004421,2023-08-04,CUST0398,Arun Patil,East,Bhubaneswar,Electronics,Tablet,1,19326.22,12871.92,0.15,19326.22,2898.93,16427.29,3555.37,Debit Card,0
TXN004422,2024-04-09,CUST0497,Rohan Mehta,Central,Gwalior,Cosmetics,Sunscreen SPF50,3,443.1,268.78,0.1,1329.3,132.93,1196.37,390.03,Net Banking,0
TXN004423,2024-01-06,CUST0089,Amit Kumar,East,Bhubaneswar,Electronics,Wireless Earbuds,2,3686.86,2257.02,0.0,7373.72,0.0,7373.72,2859.68,Debit Card,0
TXN004424,2023-07-20,CUST0371,Ravi Chandra,East,Guwahati,Furniture,Office Chair,1,9273.92,5776.53,0.1,9273.92,927.39,8346.53,2570.0,Net Banking,0
TXN004425,2023-06-05,CUST0341,Nisha Trivedi,East,Guwahati,Electronics,Tablet,1,19506.95,12623.4,0.0,19506.95,0.0,19506.95,6883.55,Cash,0
TXN004426,2023-08-07,CUST0055,Anita Verma,South,Chennai,Electronics,Router,2,2718.75,1909.36,0.0,5437.5,0.0,5437.5,1618.78,Cash,0
TXN004427,2024-03-03,CUST0210,Mohit Saxena,South,Chennai,Clothing,Women's Kurti,1,1253.29,617.14,0.0,1253.29,0.0,1253.29,636.15,Credit Card,0
TXN004428,2024-02-27,CUST0173,Harish Agarwal,South,Bangalore,Groceries,Whole Wheat Flour 5kg,1,249.48,194.66,0.0,249.48,0.0,249.48,54.82,Cash,0
TXN004429,2023-05-08,CUST0348,Sneha Gupta,West,Surat,Sports,Running Shoes,1,4773.23,3263.28,0.0,4773.23,0.0,4773.23,1509.95,Debit Card,0
TXN004430,2023-04-13,CUST0202,Rohan Mehta,West,Nagpur,Groceries,Cooking Oil 1L,2,176.28,127.46,0.15,352.56,52.88,299.68,44.76,Debit Card,0
TXN004431,2023-10-03,CUST0175,Suresh Pillai,North,Chandigarh,Clothing,Saree,1,5278.22,2437.98,0.2,5278.22,1055.64,4222.58,1784.6,Cash,0
TXN004432,2023-09-11,CUST0374,Lakshmi Rao,Central,Bhopal,Groceries,Whole Wheat Flour 5kg,2,250.28,185.87,0.1,500.56,50.06,450.5,78.76,UPI,0
TXN004433,2023-06-15,CUST0314,Arun Patil,North,Chandigarh,Clothing,Denim Jeans,1,2627.41,1180.76,0.1,2627.41,262.74,2364.67,1183.91,Net Banking,0
TXN004434,2024-06-05,CUST0254,Ravi Chandra,North,Amritsar,Cosmetics,Lipstick,2,570.17,313.64,0.05,1140.34,57.02,1083.32,456.04,UPI,0
TXN004435,2024-09-13,CUST0467,Rekha Srivastava,Central,Bhopal,Sports,Cycle Helmet,3,1344.75,802.97,0.2,4034.25,806.85,3227.4,818.49,UPI,0
TXN004436,2023-05-01,CUST0186,Arjun Reddy,North,Amritsar,Cosmetics,Sunscreen SPF50,4,428.09,264.2,0.0,1712.36,0.0,1712.36,655.56,Cash,0
TXN004437,2023-12-01,CUST0397,Mohit Saxena,West,Pune,Furniture,Wooden Desk,2,12983.18,8262.47,0.1,25966.36,2596.64,23369.72,6844.78,Net Banking,0
TXN004438,2024-02-23,CUST0109,Amit Kumar,Central,Varanasi,Sports,Dumbbells Set,2,3750.99,2244.0,0.0,7501.98,0.0,7501.98,3013.98,Cash,0
TXN004439,2023-03-10,CUST0376,Divya Iyer,West,Ahmedabad,Electronics,Tablet,1,18346.48,13223.91,0.05,18346.48,917.32,17429.16,4205.25,Debit Card,0
TXN004440,2023-03-22,CUST0029,Rekha Srivastava,East,Guwahati,Furniture,Office Chair,1,8920.34,5950.42,0.15,8920.34,1338.05,7582.29,1631.87,Credit Card,0
TXN004441,2024-08-10,CUST0267,Pooja Nair,Central,Gwalior,Sports,Dumbbells Set,1,3643.11,2264.5,0.2,3643.11,728.62,2914.49,649.99,Credit Card,0
TXN004442,2023-06-14,CUST0363,Swati Kapoor,East,Ranchi,Groceries,Whole Wheat Flour 5kg,1,243.77,185.46,0.0,243.77,0.0,243.77,58.31,Net Banking,0
TXN004443,2024-03-10,CUST0369,Pallavi Shah,North,Amritsar,Sports,Cricket Bat,1,2870.53,1808.02,0.2,2870.53,574.11,2296.42,488.4,Net Banking,0
TXN004444,2023-11-21,CUST0008,Rekha Srivastava,East,Kolkata,Groceries,Basmati Rice 5kg,2,451.68,301.81,0.0,903.36,0.0,903.36,299.74,Cash,0
TXN004445,2024-11-21,CUST0088,Geeta Bhatt,East,Bhubaneswar,Sports,Cycle Helmet,2,1314.84,779.46,0.0,2629.68,0.0,2629.68,1070.76,UPI,0
TXN004446,2023-05-19,CUST0109,Sunita Mishra,East,Bhubaneswar,Cosmetics,Hair Serum 100ml,2,741.62,392.28,0.0,1483.24,0.0,1483.24,698.68,UPI,0
TXN004447,2023-10-24,CUST0359,Nikhil Dubey,North,Amritsar,Electronics,Smart TV,2,33975.72,27279.77,0.1,67951.44,6795.14,61156.3,6596.76,UPI,0
TXN004448,2023-12-12,CUST0281,Harish Agarwal,South,Kochi,Furniture,Dining Table,5,23725.29,14567.24,0.0,118626.45,0.0,118626.45,45790.25,Net Banking,0
TXN004449,2023-06-06,CUST0001,Anita Verma,West,Surat,Electronics,Tablet,3,18549.62,13082.25,0.05,55648.86,2782.44,52866.42,13619.67,Cash,0
TXN004450,2024-04-24,CUST0426,Mohit Saxena,North,Amritsar,Furniture,Wardrobe,1,17766.46,12264.08,0.0,17766.46,0.0,17766.46,5502.38,Debit Card,0
TXN004451,2023-03-18,CUST0307,Lakshmi Rao,South,Chennai,Electronics,Smart TV,3,35089.0,26520.16,0.05,105267.0,5263.35,100003.65,20443.17,Cash,0
TXN004452,2023-02-22,CUST0102,Suresh Pillai,South,Kochi,Furniture,Bookshelf,1,6711.58,4413.62,0.0,6711.58,0.0,6711.58,2297.96,Cash,0
TXN004453,2023-02-06,CUST0295,Nisha Trivedi,East,Bhubaneswar,Clothing,Women's Kurti,2,1403.32,594.12,0.05,2806.64,140.33,2666.31,1478.07,UPI,0
TXN004454,2023-09-15,CUST0213,Deepak Tiwari,North,Chandigarh,Clothing,Men's T-Shirt,2,869.67,346.99,0.1,1739.34,173.93,1565.41,871.43,Credit Card,0
TXN004455,2024-07-06,CUST0304,Rajesh Malhotra,East,Bhubaneswar,Clothing,Winter Jacket,1,4019.77,2250.6,0.0,4019.77,0.0,4019.77,1769.17,Net Banking,0
TXN004456,2023-07-31,CUST0176,Rohan Mehta,East,Ranchi,Electronics,Smartphone,1,21151.04,17327.38,0.15,21151.04,3172.66,17978.38,651.0,UPI,0
TXN004457,2023-04-01,CUST0387,Harish Agarwal,East,Guwahati,Cosmetics,Moisturiser 50g,1,496.62,274.44,0.1,496.62,49.66,446.96,172.52,Credit Card,0
TXN004458,2023-11-29,CUST0229,Arun Patil,East,Ranchi,Cosmetics,Lipstick,5,634.21,316.02,0.1,3171.05,317.11,2853.94,1273.84,Net Banking,0
TXN004459,2024-12-30,CUST0343,Sunita Mishra,West,Ahmedabad,Furniture,Sofa Set,2,36616.85,23779.0,0.0,73233.7,0.0,73233.7,25675.7,UPI,0
TXN004460,2024-11-30,CUST0378,Harish Agarwal,North,Jaipur,Groceries,Basmati Rice 5kg,3,437.2,317.99,0.2,1311.6,262.32,1049.28,95.31,Cash,0
TXN004461,2023-02-11,CUST0101,Vijay Singh,East,Guwahati,Sports,Yoga Mat,3,974.06,533.98,0.05,2922.18,146.11,2776.07,1174.13,UPI,0
TXN004462,2023-07-14,CUST0195,Sunita Mishra,Central,Bhopal,Groceries,Basmati Rice 5kg,2,485.93,313.27,0.0,971.86,0.0,971.86,345.32,UPI,0
TXN004463,2024-02-28,CUST0161,Pooja Nair,South,Kochi,Clothing,Saree,3,5053.66,2566.99,0.15,15160.98,2274.15,12886.83,5185.86,Credit Card,0
TXN004464,2024-03-04,CUST0439,Nisha Trivedi,West,Nagpur,Furniture,Sofa Set,3,36710.35,23841.41,0.15,110131.05,16519.66,93611.39,22087.16,Credit Card,0
TXN004465,2024-06-10,CUST0411,Pallavi Shah,South,Bangalore,Electronics,Router,2,2865.04,1931.34,0.15,5730.08,859.51,4870.57,1007.89,Net Banking,1
TXN004466,2023-04-07,CUST0291,Kiran Bose,North,Chandigarh,Cosmetics,Foundation,3,943.9,519.5,0.1,2831.7,283.17,2548.53,990.03,Cash,0
TXN004467,2024-09-09,CUST0379,Priya Patel,North,Amritsar,Groceries,Basmati Rice 5kg,1,456.02,302.99,0.05,456.02,22.8,433.22,130.23,Credit Card,0
TXN004468,2024-08-20,CUST0497,Deepak Tiwari,South,Kochi,Electronics,Smart TV,3,35956.03,26487.96,0.0,107868.09,0.0,107868.09,28404.21,UPI,0
TXN004469,2024-12-28,CUST0318,Rajesh Malhotra,East,Kolkata,Electronics,Wireless Earbuds,4,3678.02,2182.66,0.0,14712.08,0.0,14712.08,5981.44,Credit Card,0
TXN004470,2023-12-12,CUST0454,Priya Patel,West,Nagpur,Sports,Cricket Bat,2,3258.91,1800.51,0.2,6517.82,1303.56,5214.26,1613.24,UPI,0
TXN004471,2023-07-15,CUST0037,Amit Kumar,South,Hyderabad,Cosmetics,Sunscreen SPF50,3,482.72,277.46,0.15,1448.16,217.22,1230.94,398.56,Credit Card,0
TXN004472,2024-04-25,CUST0427,Arjun Reddy,South,Chennai,Sports,Cycle Helmet,1,1392.89,793.41,0.1,1392.89,139.29,1253.6,460.19,Cash,0
TXN004473,2023-05-23,CUST0077,Kavita Joshi,South,Bangalore,Furniture,Wooden Desk,2,11768.37,8434.56,0.1,23536.74,2353.67,21183.07,4313.95,Credit Card,0
TXN004474,2024-09-24,CUST0299,Lakshmi Rao,North,Delhi,Cosmetics,Face Wash 100ml,2,326.99,161.21,0.1,653.98,65.4,588.58,266.16,UPI,0
TXN004475,2023-09-07,CUST0081,Kavita Joshi,West,Nagpur,Clothing,Winter Jacket,1,4387.07,2258.37,0.2,4387.07,877.41,3509.66,1251.29,UPI,0
TXN004476,2024-07-18,CUST0209,Arjun Reddy,South,Chennai,Sports,Running Shoes,1,5356.28,3249.53,0.2,5356.28,1071.26,4285.02,1035.49,Cash,0
TXN004477,2024-12-03,CUST0271,Amit Kumar,Central,Varanasi,Groceries,Sugar 1kg,2,55.57,42.81,0.05,111.14,5.56,105.58,19.96,Debit Card,0
TXN004478,2024-07-24,CUST0026,Anita Verma,Central,Gwalior,Cosmetics,Face Wash 100ml,2,310.4,161.95,0.0,620.8,0.0,620.8,296.9,Net Banking,0
TXN004479,2023-03-06,CUST0297,Nikhil Dubey,North,Amritsar,Groceries,Cooking Oil 1L,2,174.23,128.36,0.0,348.46,0.0,348.46,91.74,Net Banking,0
TXN004480,2023-03-19,CUST0001,Suresh Pillai,West,Nagpur,Furniture,Wooden Desk,1,13007.08,8255.78,0.0,13007.08,0.0,13007.08,4751.3,Debit Card,0
TXN004481,2023-12-14,CUST0494,Rahul Sharma,East,Patna,Clothing,Women's Kurti,1,1349.13,602.53,0.15,1349.13,202.37,1146.76,544.23,Credit Card,0
TXN004482,2023-10-15,CUST0493,Meera Das,East,Kolkata,Furniture,Office Chair,4,8934.57,5831.98,0.15,35738.28,5360.74,30377.54,7049.62,Credit Card,0
TXN004483,2023-03-01,CUST0008,Rajesh Malhotra,Central,Raipur,Electronics,Router,1,2761.02,1854.83,0.05,2761.02,138.05,2622.97,768.14,Debit Card,0
TXN004484,2024-11-11,CUST0374,Arjun Reddy,North,Chandigarh,Furniture,Sofa Set,1,38117.8,23532.31,0.2,38117.8,7623.56,30494.24,6961.93,Net Banking,0
TXN004485,2023-12-01,CUST0061,Meera Das,Central,Indore,Sports,Dumbbells Set,3,3489.28,2202.25,0.2,10467.84,2093.57,8374.27,1767.52,Debit Card,0
TXN004486,2023-10-12,CUST0467,Sunita Mishra,West,Nagpur,Groceries,Sugar 1kg,4,53.13,41.22,0.15,212.52,31.88,180.64,15.76,Cash,0
TXN004487,2023-04-13,CUST0175,Rekha Srivastava,South,Mysore,Cosmetics,Face Wash 100ml,4,322.58,163.43,0.2,1290.32,258.06,1032.26,378.54,Cash,0
TXN004488,2024-07-18,CUST0393,Pallavi Shah,North,Delhi,Electronics,Laptop,1,44675.35,36964.06,0.0,44675.35,0.0,44675.35,7711.29,Debit Card,0
TXN004489,2023-12-12,CUST0059,Swati Kapoor,Central,Varanasi,Sports,Yoga Mat,2,959.85,565.24,0.1,1919.7,191.97,1727.73,597.25,Credit Card,0
TXN004490,2023-12-11,CUST0204,Asha Pandey,North,Jaipur,Furniture,Sofa Set,2,35324.86,23485.72,0.0,70649.72,0.0,70649.72,23678.28,Net Banking,0
TXN004491,2024-06-25,CUST0438,Sunita Mishra,Central,Gwalior,Groceries,Sugar 1kg,1,56.04,40.97,0.0,56.04,0.0,56.04,15.07,Credit Card,0
TXN004492,2024-06-28,CUST0419,Arun Patil,West,Surat,Cosmetics,Face Wash 100ml,1,299.66,156.05,0.15,299.66,44.95,254.71,98.66,Debit Card,0
TXN004493,2023-01-02,CUST0430,Deepak Tiwari,Central,Bhopal,Clothing,Formal Shirt,2,1739.74,877.25,0.0,3479.48,0.0,3479.48,1724.98,Credit Card,0
TXN004494,2023-04-05,CUST0238,Asha Pandey,East,Bhubaneswar,Electronics,Tablet,3,19152.66,12851.12,0.1,57457.98,5745.8,51712.18,13158.82,Net Banking,0
TXN004495,2023-12-02,CUST0374,Sunita Mishra,South,Hyderabad,Sports,Cricket Bat,3,3114.8,1791.34,0.15,9344.4,1401.66,7942.74,2568.72,Credit Card,0
TXN004496,2024-01-04,CUST0023,Rohan Mehta,East,Kolkata,Sports,Dumbbells Set,1,3370.91,2145.44,0.15,3370.91,505.64,2865.27,719.83,Cash,0
TXN004497,2024-02-03,CUST0138,Swati Kapoor,North,Jaipur,Electronics,Smart TV,1,36847.71,26841.14,0.15,36847.71,5527.16,31320.55,4479.41,UPI,0
TXN004498,2024-12-07,CUST0268,Nisha Trivedi,South,Bangalore,Sports,Badminton Racket,2,1533.95,901.67,0.2,3067.9,613.58,2454.32,650.98,Cash,0
TXN004499,2024-07-01,CUST0073,Swati Kapoor,West,Nagpur,Clothing,Women's Kurti,2,1283.95,593.76,0.05,2567.9,128.4,2439.5,1251.98,Debit Card,0
TXN004500,2024-04-17,CUST0363,Ravi Chandra,South,Mysore,Furniture,Wooden Desk,1,12570.23,8450.91,0.0,12570.23,0.0,12570.23,4119.32,Cash,0
TXN004501,2024-11-07,CUST0033,Suresh Pillai,Central,Raipur,Electronics,Smart TV,3,34267.02,27638.73,0.0,102801.06,0.0,102801.06,19884.87,Cash,0
TXN004502,2024-02-04,CUST0186,Geeta Bhatt,Central,Varanasi,Clothing,Winter Jacket,1,3879.53,2226.08,0.2,3879.53,775.91,3103.62,877.54,Net Banking,0
TXN004503,2023-12-21,CUST0459,Geeta Bhatt,East,Kolkata,Groceries,Sugar 1kg,5,55.27,41.89,0.2,276.35,55.27,221.08,11.63,Credit Card,0
TXN004504,2023-11-22,CUST0200,Meera Das,East,Guwahati,Cosmetics,Lipstick,3,578.11,308.67,0.05,1734.33,86.72,1647.61,721.6,UPI,0
TXN004505,2024-04-14,CUST0355,Arjun Reddy,North,Delhi,Electronics,Smartphone,4,21245.07,17192.54,0.0,84980.28,0.0,84980.28,16210.12,Net Banking,0
TXN004506,2023-07-16,CUST0094,Divya Iyer,Central,Varanasi,Furniture,Wardrobe,2,18692.15,11773.75,0.05,37384.3,1869.22,35515.08,11967.58,Debit Card,0
TXN004507,2024-04-16,CUST0311,Geeta Bhatt,East,Kolkata,Cosmetics,Sunscreen SPF50,5,443.54,267.52,0.2,2217.7,443.54,1774.16,436.56,Net Banking,0
TXN004508,2024-07-02,CUST0326,Deepak Tiwari,Central,Varanasi,Electronics,Wireless Earbuds,1,3551.34,2234.32,0.15,3551.34,532.7,3018.64,784.32,Credit Card,0
TXN004509,2023-09-16,CUST0445,Sneha Gupta,South,Chennai,Sports,Badminton Racket,3,1545.51,884.71,0.2,4636.53,927.31,3709.22,1055.09,Cash,0
TXN004510,2023-09-04,CUST0025,Kavita Joshi,Central,Gwalior,Sports,Yoga Mat,1,855.34,533.95,0.0,855.34,0.0,855.34,321.39,UPI,1
TXN004511,2024-03-06,CUST0001,Vijay Singh,East,Ranchi,Cosmetics,Face Wash 100ml,2,323.32,159.35,0.15,646.64,97.0,549.64,230.94,Debit Card,0
TXN004512,2024-05-15,CUST0377,Sunita Mishra,Central,Bhopal,Sports,Dumbbells Set,2,3644.52,2152.88,0.05,7289.04,364.45,6924.59,2618.83,Net Banking,0
TXN004513,2024-02-05,CUST0272,Arun Patil,Central,Bhopal,Sports,Badminton Racket,2,1467.42,901.17,0.0,2934.84,0.0,2934.84,1132.5,Net Banking,0
TXN004514,2023-05-17,CUST0495,Lakshmi Rao,West,Mumbai,Furniture,Wardrobe,1,17623.4,12326.58,0.15,17623.4,2643.51,14979.89,2653.31,Cash,0
TXN004515,2024-12-27,CUST0353,Kiran Bose,South,Mysore,Furniture,Wardrobe,4,17907.71,12124.78,0.0,71630.84,0.0,71630.84,23131.72,Net Banking,0
TXN004516,2023-10-06,CUST0050,Nikhil Dubey,Central,Varanasi,Sports,Badminton Racket,2,1587.94,909.27,0.0,3175.88,0.0,3175.88,1357.34,Credit Card,0
TXN004517,2023-06-17,CUST0165,Meera Das,West,Mumbai,Groceries,Basmati Rice 5kg,2,459.39,318.04,0.0,918.78,0.0,918.78,282.7,Credit Card,0
TXN004518,2024-07-01,CUST0189,Swati Kapoor,Central,Gwalior,Cosmetics,Foundation,1,913.64,534.38,0.15,913.64,137.05,776.59,242.21,Cash,0
TXN004519,2024-08-10,CUST0012,Sneha Gupta,Central,Indore,Sports,Running Shoes,3,5377.36,3119.49,0.0,16132.08,0.0,16132.08,6773.61,Credit Card,0
TXN004520,2024-09-30,CUST0340,Arun Patil,Central,Raipur,Clothing,Formal Shirt,3,1974.82,913.35,0.1,5924.46,592.45,5332.01,2591.96,Cash,1
TXN004521,2023-11-15,CUST0475,Arun Patil,West,Pune,Groceries,Sugar 1kg,1,53.87,41.64,0.05,53.87,2.69,51.18,9.54,Credit Card,0
TXN004522,2024-11-10,CUST0164,Arun Patil,South,Chennai,Electronics,Wireless Earbuds,2,3671.94,2135.52,0.0,7343.88,0.0,7343.88,3072.84,Debit Card,0
TXN004523,2024-11-02,CUST0199,Asha Pandey,South,Chennai,Electronics,Router,3,3044.46,1879.69,0.1,9133.38,913.34,8220.04,2580.97,UPI,0
TXN004524,2024-04-16,CUST0356,Swati Kapoor,South,Bangalore,Furniture,Dining Table,2,23975.46,15065.61,0.0,47950.92,0.0,47950.92,17819.7,Net Banking,0
TXN004525,2024-10-10,CUST0386,Priya Patel,Central,Raipur,Furniture,Sofa Set,1,36382.64,23816.0,0.0,36382.64,0.0,36382.64,12566.64,Credit Card,0
TXN004526,2023-12-26,CUST0321,Sunita Mishra,South,Hyderabad,Furniture,Wardrobe,3,18174.16,11689.65,0.15,54522.48,8178.37,46344.11,11275.16,Cash,0
TXN004527,2023-01-27,CUST0219,Swati Kapoor,Central,Raipur,Groceries,Basmati Rice 5kg,1,444.83,305.8,0.0,444.83,0.0,444.83,139.03,UPI,0
TXN004528,2023-02-12,CUST0096,Rahul Sharma,East,Guwahati,Clothing,Winter Jacket,1,4022.77,2154.43,0.2,4022.77,804.55,3218.22,1063.79,Credit Card,0
TXN004529,2023-11-23,CUST0329,Lakshmi Rao,South,Mysore,Clothing,Formal Shirt,2,1833.04,879.35,0.0,3666.08,0.0,3666.08,1907.38,UPI,0
TXN004530,2023-01-30,CUST0143,Deepak Tiwari,West,Pune,Electronics,Router,1,3010.05,1860.4,0.15,3010.05,451.51,2558.54,698.14,Net Banking,0
TXN004531,2023-05-25,CUST0280,Arjun Reddy,West,Surat,Groceries,Sugar 1kg,1,54.49,41.69,0.2,54.49,10.9,43.59,1.9,Credit Card,0
TXN004532,2023-10-11,CUST0261,Asha Pandey,East,Ranchi,Groceries,Cooking Oil 1L,2,182.3,133.72,0.1,364.6,36.46,328.14,60.7,Cash,0
TXN004533,2024-03-27,CUST0188,Amit Kumar,East,Guwahati,Groceries,Pulses 1kg,1,144.53,99.37,0.0,144.53,0.0,144.53,45.16,Net Banking,0
TXN004534,2023-05-21,CUST0343,Asha Pandey,South,Hyderabad,Furniture,Dining Table,4,23148.7,15312.71,0.1,92594.8,9259.48,83335.32,22084.48,Debit Card,0
TXN004535,2023-12-21,CUST0322,Amit Kumar,Central,Varanasi,Clothing,Denim Jeans,4,2554.18,1192.32,0.0,10216.72,0.0,10216.72,5447.44,Debit Card,0
TXN004536,2024-05-04,CUST0370,Amit Kumar,West,Ahmedabad,Furniture,Sofa Set,3,37332.17,24121.23,0.15,111996.51,16799.48,95197.03,22833.34,Cash,0
TXN004537,2024-06-20,CUST0407,Deepak Tiwari,South,Kochi,Furniture,Dining Table,4,23787.12,15150.63,0.1,95148.48,9514.85,85633.63,25031.11,UPI,0
TXN004538,2023-10-17,CUST0167,Lakshmi Rao,South,Bangalore,Groceries,Tea Powder 500g,1,221.64,156.53,0.2,221.64,44.33,177.31,20.78,Net Banking,1
TXN004539,2024-02-18,CUST0396,Sneha Gupta,North,Jaipur,Clothing,Denim Jeans,1,2573.2,1193.14,0.0,2573.2,0.0,2573.2,1380.06,Debit Card,0
TXN004540,2023-05-16,CUST0431,Lakshmi Rao,North,Chandigarh,Cosmetics,Hair Serum 100ml,1,677.19,402.78,0.15,677.19,101.58,575.61,172.83,Net Banking,0
TXN004541,2024-03-16,CUST0254,Rahul Sharma,West,Ahmedabad,Electronics,Router,2,2999.26,1932.3,0.0,5998.52,0.0,5998.52,2133.92,Debit Card,0
TXN004542,2024-09-20,CUST0199,Pooja Nair,North,Delhi,Cosmetics,Lipstick,4,602.26,316.83,0.0,2409.04,0.0,2409.04,1141.72,Cash,0
TXN004543,2023-09-27,CUST0495,Geeta Bhatt,East,Patna,Clothing,Saree,1,5019.97,2497.95,0.05,5019.97,251.0,4768.97,2271.02,Credit Card,0
TXN004544,2023-04-28,CUST0064,Amit Kumar,South,Chennai,Electronics,Smartphone,1,21425.06,17391.31,0.15,21425.06,3213.76,18211.3,819.99,Credit Card,0
TXN004545,2024-05-27,CUST0227,Rekha Srivastava,South,Bangalore,Cosmetics,Lipstick,1,633.73,318.84,0.0,633.73,0.0,633.73,314.89,Debit Card,0
TXN004546,2023-12-07,CUST0118,Rajesh Malhotra,West,Pune,Groceries,Tea Powder 500g,2,219.82,151.74,0.0,439.64,0.0,439.64,136.16,Net Banking,0
TXN004547,2023-05-11,CUST0128,Divya Iyer,North,Amritsar,Cosmetics,Moisturiser 50g,1,528.42,276.01,0.1,528.42,52.84,475.58,199.57,Net Banking,0
TXN004548,2023-01-11,CUST0233,Rajesh Malhotra,West,Nagpur,Sports,Running Shoes,2,4903.75,3214.9,0.2,9807.5,1961.5,7846.0,1416.2,Debit Card,0
TXN004549,2023-12-09,CUST0313,Deepak Tiwari,West,Mumbai,Cosmetics,Moisturiser 50g,1,493.47,276.62,0.2,493.47,98.69,394.78,118.16,Debit Card,0
TXN004550,2024-07-08,CUST0153,Suresh Pillai,North,Amritsar,Electronics,Smart TV,2,35345.97,27507.58,0.1,70691.94,7069.19,63622.75,8607.59,Net Banking,0
TXN004551,2023-02-25,CUST0284,Lakshmi Rao,South,Kochi,Groceries,Sugar 1kg,1,59.64,43.06,0.1,59.64,5.96,53.68,10.62,Credit Card,1
TXN004552,2023-10-02,CUST0072,Rekha Srivastava,West,Pune,Electronics,Smartphone,1,23301.98,17188.01,0.2,23301.98,4660.4,18641.58,1453.57,Cash,0
TXN004553,2023-06-26,CUST0020,Anita Verma,Central,Indore,Cosmetics,Hair Serum 100ml,2,673.7,389.92,0.0,1347.4,0.0,1347.4,567.56,Cash,0
TXN004554,2023-04-09,CUST0149,Mohit Saxena,Central,Raipur,Electronics,Smartphone,1,22164.83,16774.47,0.0,22164.83,0.0,22164.83,5390.36,Cash,0
TXN004555,2024-11-16,CUST0315,Priya Patel,South,Kochi,Electronics,Laptop,3,45801.15,37945.52,0.0,137403.45,0.0,137403.45,23566.89,Cash,0
TXN004556,2023-06-12,CUST0383,Pooja Nair,West,Mumbai,Furniture,Wooden Desk,1,11916.49,8689.91,0.1,11916.49,1191.65,10724.84,2034.93,Credit Card,0
TXN004557,2024-04-23,CUST0072,Rohan Mehta,Central,Raipur,Furniture,Bookshelf,3,6932.04,4585.6,0.0,20796.12,0.0,20796.12,7039.32,Credit Card,0
TXN004558,2024-11-10,CUST0029,Pallavi Shah,East,Bhubaneswar,Furniture,Wardrobe,3,18273.61,12280.37,0.0,54820.83,0.0,54820.83,17979.72,Debit Card,0
TXN004559,2024-07-04,CUST0139,Rohan Mehta,Central,Varanasi,Cosmetics,Lipstick,2,624.11,310.85,0.0,1248.22,0.0,1248.22,626.52,Cash,0
TXN004560,2024-11-27,CUST0101,Pallavi Shah,North,Chandigarh,Groceries,Whole Wheat Flour 5kg,1,272.83,190.02,0.1,272.83,27.28,245.55,55.53,Net Banking,0
TXN004561,2023-07-30,CUST0231,Rajesh Malhotra,Central,Bhopal,Groceries,Basmati Rice 5kg,2,449.76,301.09,0.05,899.52,44.98,854.54,252.36,Cash,0
TXN004562,2024-09-26,CUST0487,Lakshmi Rao,South,Hyderabad,Groceries,Tea Powder 500g,3,225.27,153.14,0.2,675.81,135.16,540.65,81.23,Debit Card,0
TXN004563,2024-03-24,CUST0022,Vijay Singh,South,Bangalore,Groceries,Tea Powder 500g,3,225.77,152.31,0.15,677.31,101.6,575.71,118.78,Debit Card,0
TXN004564,2023-10-30,CUST0263,Rohan Mehta,West,Pune,Sports,Dumbbells Set,2,3831.27,2203.74,0.0,7662.54,0.0,7662.54,3255.06,Cash,0
TXN004565,2024-08-09,CUST0412,Lakshmi Rao,East,Ranchi,Cosmetics,Lipstick,1,603.01,313.37,0.15,603.01,90.45,512.56,199.19,Debit Card,0
TXN004566,2023-07-11,CUST0089,Kavita Joshi,North,Amritsar,Clothing,Winter Jacket,2,3982.42,2148.58,0.0,7964.84,0.0,7964.84,3667.68,Net Banking,0
TXN004567,2023-06-16,CUST0327,Pooja Nair,Central,Gwalior,Electronics,Smart TV,2,38152.3,27633.18,0.15,76304.6,11445.69,64858.91,9592.55,Net Banking,1
TXN004568,2023-02-12,CUST0323,Sneha Gupta,Central,Raipur,Sports,Cycle Helmet,3,1354.95,810.95,0.15,4064.85,609.73,3455.12,1022.27,Net Banking,0
TXN004569,2024-11-09,CUST0404,Rahul Sharma,East,Bhubaneswar,Cosmetics,Sunscreen SPF50,4,455.45,264.96,0.0,1821.8,0.0,1821.8,761.96,Credit Card,0
TXN004570,2023-03-21,CUST0447,Vijay Singh,Central,Varanasi,Electronics,Router,2,2678.54,1843.47,0.1,5357.08,535.71,4821.37,1134.43,Credit Card,0
TXN004571,2023-02-26,CUST0271,Ravi Chandra,South,Chennai,Electronics,Wireless Earbuds,1,3513.66,2264.14,0.0,3513.66,0.0,3513.66,1249.52,Net Banking,0
TXN004572,2024-03-10,CUST0135,Geeta Bhatt,West,Mumbai,Electronics,Laptop,1,44680.56,38828.39,0.0,44680.56,0.0,44680.56,5852.17,UPI,0
TXN004573,2024-08-01,CUST0264,Deepak Tiwari,North,Delhi,Furniture,Wooden Desk,1,12153.69,8274.73,0.05,12153.69,607.68,11546.01,3271.28,Net Banking,0
TXN004574,2024-03-15,CUST0028,Vijay Singh,South,Kochi,Clothing,Men's T-Shirt,1,809.95,344.51,0.0,809.95,0.0,809.95,465.44,Debit Card,0
TXN004575,2023-12-15,CUST0080,Swati Kapoor,South,Chennai,Cosmetics,Foundation,3,979.89,526.08,0.0,2939.67,0.0,2939.67,1361.43,Debit Card,0
TXN004576,2024-11-07,CUST0196,Asha Pandey,West,Nagpur,Groceries,Tea Powder 500g,1,222.91,154.36,0.0,222.91,0.0,222.91,68.55,UPI,0
TXN004577,2024-02-11,CUST0007,Mohit Saxena,East,Guwahati,Sports,Cricket Bat,1,2986.26,1747.87,0.2,2986.26,597.25,2389.01,641.14,Cash,0
TXN004578,2024-03-30,CUST0124,Deepak Tiwari,West,Nagpur,Groceries,Sugar 1kg,3,58.29,40.78,0.05,174.87,8.74,166.13,43.79,Credit Card,0
TXN004579,2023-07-04,CUST0108,Pallavi Shah,Central,Indore,Clothing,Winter Jacket,1,3897.69,2230.4,0.2,3897.69,779.54,3118.15,887.75,Credit Card,0
TXN004580,2023-02-15,CUST0418,Meera Das,East,Kolkata,Furniture,Sofa Set,1,35375.56,23945.02,0.05,35375.56,1768.78,33606.78,9661.76,Cash,0
TXN004581,2024-10-29,CUST0138,Lakshmi Rao,North,Lucknow,Sports,Cricket Bat,3,3252.66,1763.57,0.15,9757.98,1463.7,8294.28,3003.57,Net Banking,0
TXN004582,2024-09-30,CUST0203,Ravi Chandra,South,Hyderabad,Sports,Cycle Helmet,1,1346.65,789.69,0.0,1346.65,0.0,1346.65,556.96,UPI,1
TXN004583,2023-08-19,CUST0396,Arjun Reddy,East,Patna,Cosmetics,Lipstick,1,570.74,309.65,0.05,570.74,28.54,542.2,232.55,UPI,0
TXN004584,2024-12-07,CUST0028,Rekha Srivastava,Central,Indore,Cosmetics,Sunscreen SPF50,2,464.73,277.09,0.05,929.46,46.47,882.99,328.81,Net Banking,0
TXN004585,2023-09-20,CUST0153,Swati Kapoor,East,Kolkata,Electronics,Router,2,2762.71,1884.82,0.15,5525.42,828.81,4696.61,926.97,Cash,0
TXN004586,2023-11-13,CUST0034,Lakshmi Rao,South,Chennai,Furniture,Wardrobe,4,17855.52,11872.69,0.0,71422.08,0.0,71422.08,23931.32,UPI,0
TXN004587,2024-05-13,CUST0250,Amit Kumar,North,Delhi,Furniture,Bookshelf,2,6462.15,4560.56,0.1,12924.3,1292.43,11631.87,2510.75,Credit Card,0
TXN004588,2023-08-27,CUST0161,Meera Das,North,Amritsar,Clothing,Winter Jacket,2,3898.04,2219.54,0.05,7796.08,389.8,7406.28,2967.2,Net Banking,0
TXN004589,2024-09-20,CUST0197,Kiran Bose,West,Mumbai,Groceries,Basmati Rice 5kg,1,453.7,312.06,0.0,453.7,0.0,453.7,141.64,Cash,0
TXN004590,2024-07-23,CUST0221,Pooja Nair,Central,Indore,Electronics,Router,1,2667.31,1897.81,0.1,2667.31,266.73,2400.58,502.77,Credit Card,0
TXN004591,2023-09-01,CUST0257,Harish Agarwal,West,Ahmedabad,Clothing,Women's Kurti,1,1420.67,602.82,0.0,1420.67,0.0,1420.67,817.85,Net Banking,0
TXN004592,2024-08-15,CUST0112,Sanjay Yadav,West,Mumbai,Cosmetics,Foundation,1,897.17,516.71,0.05,897.17,44.86,852.31,335.6,Debit Card,0
TXN004593,2024-08-28,CUST0079,Arjun Reddy,East,Bhubaneswar,Clothing,Men's T-Shirt,1,827.1,355.46,0.15,827.1,124.06,703.04,347.58,Debit Card,0
TXN004594,2023-09-04,CUST0236,Divya Iyer,South,Hyderabad,Sports,Cricket Bat,2,3147.69,1822.46,0.2,6295.38,1259.08,5036.3,1391.38,UPI,0
TXN004595,2023-09-09,CUST0286,Nisha Trivedi,East,Ranchi,Electronics,Router,2,2877.45,1939.08,0.0,5754.9,0.0,5754.9,1876.74,Net Banking,0
TXN004596,2023-03-29,CUST0465,Suresh Pillai,South,Kochi,Cosmetics,Moisturiser 50g,2,544.09,285.81,0.2,1088.18,217.64,870.54,298.92,Net Banking,0
TXN004597,2023-10-23,CUST0232,Rekha Srivastava,Central,Indore,Clothing,Formal Shirt,4,1813.24,898.59,0.05,7252.96,362.65,6890.31,3295.95,Cash,0
TXN004598,2023-08-20,CUST0233,Arun Patil,South,Bangalore,Furniture,Wooden Desk,2,12186.16,8499.03,0.0,24372.32,0.0,24372.32,7374.26,Debit Card,0
TXN004599,2024-10-03,CUST0047,Kavita Joshi,Central,Raipur,Cosmetics,Hair Serum 100ml,5,667.01,388.37,0.2,3335.05,667.01,2668.04,726.19,Credit Card,0
TXN004600,2024-12-04,CUST0048,Pallavi Shah,North,Lucknow,Sports,Badminton Racket,3,1428.19,922.45,0.0,4284.57,0.0,4284.57,1517.22,Credit Card,0
TXN004601,2024-10-19,CUST0252,Vijay Singh,North,Lucknow,Cosmetics,Sunscreen SPF50,1,432.77,264.33,0.2,432.77,86.55,346.22,81.89,Debit Card,0
TXN004602,2024-10-22,CUST0452,Nisha Trivedi,West,Ahmedabad,Groceries,Sugar 1kg,2,52.87,42.58,0.15,105.74,15.86,89.88,4.72,Debit Card,0
TXN004603,2024-08-10,CUST0250,Rajesh Malhotra,East,Ranchi,Cosmetics,Moisturiser 50g,2,498.62,284.37,0.0,997.24,0.0,997.24,428.5,Cash,1
TXN004604,2024-10-06,CUST0095,Nikhil Dubey,North,Lucknow,Sports,Running Shoes,5,5305.54,3236.02,0.1,26527.7,2652.77,23874.93,7694.83,Net Banking,0
TXN004605,2024-06-07,CUST0399,Ravi Chandra,South,Mysore,Clothing,Saree,1,5173.89,2505.2,0.2,5173.89,1034.78,4139.11,1633.91,UPI,0
TXN004606,2023-03-14,CUST0294,Swati Kapoor,West,Surat,Cosmetics,Hair Serum 100ml,2,724.89,397.24,0.2,1449.78,289.96,1159.82,365.34,Net Banking,0
TXN004607,2024-04-13,CUST0475,Asha Pandey,North,Amritsar,Cosmetics,Foundation,2,915.54,532.64,0.0,1831.08,0.0,1831.08,765.8,UPI,0
TXN004608,2024-09-03,CUST0406,Geeta Bhatt,East,Ranchi,Furniture,Sofa Set,1,35526.85,23588.07,0.15,35526.85,5329.03,30197.82,6609.75,Net Banking,0
TXN004609,2024-04-18,CUST0290,Kavita Joshi,West,Nagpur,Clothing,Women's Kurti,1,1326.6,612.16,0.0,1326.6,0.0,1326.6,714.44,Debit Card,0
TXN004610,2023-10-17,CUST0027,Suresh Pillai,South,Kochi,Furniture,Dining Table,2,22550.36,15284.33,0.05,45100.72,2255.04,42845.68,12277.02,Credit Card,0
TXN004611,2024-07-11,CUST0070,Amit Kumar,East,Patna,Furniture,Office Chair,2,8273.15,5964.62,0.0,16546.3,0.0,16546.3,4617.06,Credit Card,0
TXN004612,2024-10-15,CUST0085,Nikhil Dubey,West,Nagpur,Sports,Yoga Mat,1,961.78,550.26,0.0,961.78,0.0,961.78,411.52,Credit Card,0
TXN004613,2023-12-21,CUST0225,Sunita Mishra,West,Surat,Sports,Yoga Mat,4,883.08,560.37,0.0,3532.32,0.0,3532.32,1290.84,Net Banking,0
TXN004614,2024-12-12,CUST0380,Pooja Nair,North,Jaipur,Clothing,Women's Kurti,3,1367.52,605.37,0.0,4102.56,0.0,4102.56,2286.45,Credit Card,0
TXN004615,2023-10-28,CUST0250,Sneha Gupta,Central,Varanasi,Groceries,Sugar 1kg,5,59.59,42.1,0.05,297.95,14.9,283.05,72.55,Cash,0
TXN004616,2023-06-12,CUST0426,Geeta Bhatt,Central,Raipur,Sports,Running Shoes,1,4928.72,3142.79,0.0,4928.72,0.0,4928.72,1785.93,Cash,1
TXN004617,2023-09-14,CUST0030,Amit Kumar,South,Kochi,Furniture,Wooden Desk,1,12082.99,8530.42,0.05,12082.99,604.15,11478.84,2948.42,Credit Card,0
TXN004618,2023-04-14,CUST0262,Suresh Pillai,West,Surat,Furniture,Office Chair,3,8155.36,5927.29,0.0,24466.08,0.0,24466.08,6684.21,Cash,0
TXN004619,2023-01-08,CUST0444,Sunita Mishra,East,Ranchi,Sports,Badminton Racket,2,1531.15,877.24,0.1,3062.3,306.23,2756.07,1001.59,Net Banking,1
TXN004620,2023-01-23,CUST0018,Rohan Mehta,North,Chandigarh,Electronics,Wireless Earbuds,2,3630.88,2186.48,0.0,7261.76,0.0,7261.76,2888.8,Debit Card,0
TXN004621,2024-10-11,CUST0187,Pooja Nair,South,Hyderabad,Electronics,Smart TV,3,33711.95,26850.48,0.0,101135.85,0.0,101135.85,20584.41,Debit Card,0
TXN004622,2023-07-07,CUST0155,Pallavi Shah,South,Hyderabad,Groceries,Pulses 1kg,1,134.57,101.76,0.2,134.57,26.91,107.66,5.9,Net Banking,0
TXN004623,2024-11-02,CUST0171,Rahul Sharma,South,Bangalore,Cosmetics,Moisturiser 50g,2,504.89,276.77,0.05,1009.78,50.49,959.29,405.75,Cash,0
TXN004624,2023-10-29,CUST0212,Divya Iyer,East,Bhubaneswar,Groceries,Tea Powder 500g,3,199.55,159.49,0.0,598.65,0.0,598.65,120.18,Credit Card,0
TXN004625,2024-04-17,CUST0051,Mohit Saxena,West,Surat,Sports,Running Shoes,3,5257.95,3197.21,0.15,15773.85,2366.08,13407.77,3816.14,Credit Card,0
TXN004626,2023-11-13,CUST0034,Rekha Srivastava,South,Hyderabad,Groceries,Pulses 1kg,1,152.67,98.65,0.1,152.67,15.27,137.4,38.75,Debit Card,0
TXN004627,2023-01-26,CUST0481,Rohan Mehta,East,Bhubaneswar,Groceries,Tea Powder 500g,1,208.23,159.16,0.05,208.23,10.41,197.82,38.66,Net Banking,0
TXN004628,2024-12-29,CUST0018,Pooja Nair,West,Ahmedabad,Electronics,Smartphone,1,21377.78,16954.88,0.0,21377.78,0.0,21377.78,4422.9,Net Banking,0
TXN004629,2023-04-17,CUST0295,Geeta Bhatt,West,Ahmedabad,Clothing,Formal Shirt,2,1716.03,905.94,0.0,3432.06,0.0,3432.06,1620.18,Credit Card,0
TXN004630,2024-01-07,CUST0338,Kavita Joshi,Central,Bhopal,Furniture,Wooden Desk,2,11830.44,8589.83,0.0,23660.88,0.0,23660.88,6481.22,UPI,0
TXN004631,2024-08-19,CUST0087,Nikhil Dubey,South,Mysore,Furniture,Bookshelf,1,6283.34,4552.48,0.1,6283.34,628.33,5655.01,1102.53,Debit Card,1
TXN004632,2023-04-21,CUST0058,Deepak Tiwari,South,Bangalore,Electronics,Smart TV,2,34159.24,26577.16,0.1,68318.48,6831.85,61486.63,8332.31,Credit Card,0
TXN004633,2024-11-02,CUST0294,Meera Das,East,Patna,Electronics,Smart TV,2,35613.26,26388.2,0.15,71226.52,10683.98,60542.54,7766.14,Cash,0
TXN004634,2023-03-29,CUST0290,Sneha Gupta,South,Mysore,Clothing,Women's Kurti,1,1278.55,617.39,0.0,1278.55,0.0,1278.55,661.16,Credit Card,0
TXN004635,2024-01-06,CUST0160,Divya Iyer,East,Bhubaneswar,Groceries,Sugar 1kg,2,59.33,42.55,0.15,118.66,17.8,100.86,15.76,Cash,0
TXN004636,2024-12-09,CUST0220,Asha Pandey,East,Kolkata,Groceries,Sugar 1kg,4,57.74,40.97,0.2,230.96,46.19,184.77,20.89,Credit Card,0
TXN004637,2024-09-16,CUST0100,Kiran Bose,North,Amritsar,Cosmetics,Moisturiser 50g,1,486.1,287.01,0.05,486.1,24.31,461.79,174.78,Credit Card,0
TXN004638,2023-01-05,CUST0329,Suresh Pillai,West,Ahmedabad,Cosmetics,Sunscreen SPF50,2,492.35,276.34,0.15,984.7,147.71,836.99,284.31,Credit Card,0
TXN004639,2023-06-16,CUST0202,Deepak Tiwari,South,Chennai,Groceries,Cooking Oil 1L,2,197.59,130.44,0.0,395.18,0.0,395.18,134.3,Cash,0
TXN004640,2023-09-15,CUST0178,Sunita Mishra,East,Bhubaneswar,Sports,Running Shoes,1,5454.96,3207.97,0.05,5454.96,272.75,5182.21,1974.24,Cash,0
TXN004641,2024-04-21,CUST0342,Pallavi Shah,North,Jaipur,Furniture,Bookshelf,2,6178.41,4488.73,0.0,12356.82,0.0,12356.82,3379.36,Cash,0
TXN004642,2023-11-26,CUST0428,Sanjay Yadav,East,Bhubaneswar,Clothing,Formal Shirt,3,1775.63,879.92,0.0,5326.89,0.0,5326.89,2687.13,Net Banking,0
TXN004643,2023-10-12,CUST0248,Arjun Reddy,North,Amritsar,Sports,Dumbbells Set,3,3612.79,2226.05,0.05,10838.37,541.92,10296.45,3618.3,Debit Card,0
TXN004644,2024-07-10,CUST0001,Sneha Gupta,East,Guwahati,Electronics,Smart TV,2,35473.47,26750.97,0.15,70946.94,10642.04,60304.9,6802.96,UPI,1
TXN004645,2023-07-11,CUST0266,Sanjay Yadav,South,Kochi,Furniture,Office Chair,1,8773.63,5791.62,0.0,8773.63,0.0,8773.63,2982.01,Net Banking,1
TXN004646,2024-03-15,CUST0282,Vijay Singh,South,Mysore,Cosmetics,Sunscreen SPF50,3,443.54,267.13,0.05,1330.62,66.53,1264.09,462.7,Cash,0
TXN004647,2024-07-27,CUST0088,Priya Patel,Central,Indore,Electronics,Router,1,2661.81,1900.18,0.0,2661.81,0.0,2661.81,761.63,Net Banking,0
TXN004648,2023-12-31,CUST0101,Harish Agarwal,North,Delhi,Cosmetics,Sunscreen SPF50,3,481.6,266.33,0.0,1444.8,0.0,1444.8,645.81,Debit Card,0
TXN004649,2024-05-17,CUST0006,Anita Verma,South,Bangalore,Cosmetics,Moisturiser 50g,1,483.83,285.81,0.1,483.83,48.38,435.45,149.64,Debit Card,0
TXN004650,2023-01-16,CUST0185,Mohit Saxena,South,Chennai,Furniture,Dining Table,1,22752.72,15268.17,0.2,22752.72,4550.54,18202.18,2934.01,UPI,0
TXN004651,2024-08-07,CUST0405,Priya Patel,Central,Indore,Groceries,Pulses 1kg,1,138.26,98.27,0.05,138.26,6.91,131.35,33.08,Credit Card,0
TXN004652,2023-06-24,CUST0247,Arun Patil,Central,Bhopal,Cosmetics,Foundation,1,917.92,505.4,0.0,917.92,0.0,917.92,412.52,Net Banking,0
TXN004653,2023-04-19,CUST0408,Ravi Chandra,North,Jaipur,Sports,Dumbbells Set,3,3589.76,2251.59,0.1,10769.28,1076.93,9692.35,2937.58,Debit Card,0
TXN004654,2023-06-15,CUST0072,Harish Agarwal,North,Amritsar,Groceries,Basmati Rice 5kg,3,491.36,302.27,0.0,1474.08,0.0,1474.08,567.27,Net Banking,0
TXN004655,2024-01-28,CUST0053,Arun Patil,North,Amritsar,Sports,Badminton Racket,1,1489.2,888.16,0.0,1489.2,0.0,1489.2,601.04,UPI,0
TXN004656,2024-08-19,CUST0357,Divya Iyer,South,Kochi,Groceries,Pulses 1kg,1,148.13,98.49,0.0,148.13,0.0,148.13,49.64,Net Banking,0
TXN004657,2024-11-09,CUST0118,Nikhil Dubey,North,Chandigarh,Groceries,Pulses 1kg,1,143.94,98.22,0.2,143.94,28.79,115.15,16.93,Credit Card,1
TXN004658,2024-12-02,CUST0441,Anita Verma,Central,Varanasi,Cosmetics,Foundation,2,864.08,514.14,0.15,1728.16,259.22,1468.94,440.66,Net Banking,0
TXN004659,2023-12-14,CUST0023,Suresh Pillai,Central,Raipur,Furniture,Office Chair,3,8931.16,5853.95,0.0,26793.48,0.0,26793.48,9231.63,Cash,0
TXN004660,2023-03-27,CUST0320,Vijay Singh,North,Chandigarh,Groceries,Cooking Oil 1L,1,176.91,132.46,0.0,176.91,0.0,176.91,44.45,Cash,0
TXN004661,2024-04-26,CUST0223,Meera Das,East,Kolkata,Groceries,Tea Powder 500g,3,229.81,159.01,0.15,689.43,103.41,586.02,108.99,Credit Card,0
TXN004662,2023-04-23,CUST0156,Vijay Singh,East,Bhubaneswar,Sports,Running Shoes,3,4791.39,3125.1,0.0,14374.17,0.0,14374.17,4998.87,Cash,0
TXN004663,2024-12-14,CUST0198,Arjun Reddy,Central,Gwalior,Groceries,Pulses 1kg,2,135.41,97.89,0.15,270.82,40.62,230.2,34.42,Net Banking,0
TXN004664,2024-05-02,CUST0112,Geeta Bhatt,West,Surat,Furniture,Bookshelf,4,6710.0,4440.22,0.0,26840.0,0.0,26840.0,9079.12,UPI,0
TXN004665,2023-01-24,CUST0285,Anita Verma,North,Delhi,Sports,Badminton Racket,2,1448.23,921.44,0.0,2896.46,0.0,2896.46,1053.58,Credit Card,0
TXN004666,2023-10-05,CUST0264,Sunita Mishra,West,Ahmedabad,Groceries,Pulses 1kg,3,150.28,98.89,0.15,450.84,67.63,383.21,86.54,Net Banking,0
TXN004667,2024-08-16,CUST0463,Geeta Bhatt,East,Patna,Electronics,Smart TV,1,37830.7,26839.14,0.1,37830.7,3783.07,34047.63,7208.49,Cash,0
TXN004668,2023-08-07,CUST0316,Sanjay Yadav,Central,Raipur,Sports,Badminton Racket,1,1470.13,925.63,0.0,1470.13,0.0,1470.13,544.5,Cash,0
TXN004669,2024-09-14,CUST0097,Nisha Trivedi,North,Delhi,Furniture,Dining Table,1,21208.18,15032.21,0.0,21208.18,0.0,21208.18,6175.97,Credit Card,0
TXN004670,2024-04-26,CUST0122,Nikhil Dubey,South,Kochi,Furniture,Bookshelf,4,6191.78,4612.19,0.15,24767.12,3715.07,21052.05,2603.29,Cash,0
TXN004671,2023-01-03,CUST0057,Priya Patel,Central,Gwalior,Electronics,Router,2,2876.67,1849.86,0.05,5753.34,287.67,5465.67,1765.95,Net Banking,0
TXN004672,2024-09-30,CUST0196,Arjun Reddy,North,Delhi,Groceries,Pulses 1kg,1,136.41,102.03,0.1,136.41,13.64,122.77,20.74,Credit Card,0
TXN004673,2023-10-24,CUST0223,Kiran Bose,East,Patna,Cosmetics,Hair Serum 100ml,3,719.12,408.83,0.15,2157.36,323.6,1833.76,607.27,Debit Card,0
TXN004674,2024-08-01,CUST0265,Asha Pandey,East,Guwahati,Sports,Cricket Bat,3,3205.8,1829.05,0.05,9617.4,480.87,9136.53,3649.38,Net Banking,0
TXN004675,2023-01-08,CUST0418,Rohan Mehta,Central,Varanasi,Cosmetics,Sunscreen SPF50,1,432.96,269.42,0.15,432.96,64.94,368.02,98.6,Cash,0
TXN004676,2024-06-21,CUST0279,Sneha Gupta,West,Pune,Clothing,Saree,1,4878.63,2475.31,0.1,4878.63,487.86,4390.77,1915.46,Cash,0
TXN004677,2024-09-28,CUST0441,Sanjay Yadav,South,Kochi,Furniture,Sofa Set,3,33750.69,23322.44,0.1,101252.07,10125.21,91126.86,21159.54,Debit Card,0
TXN004678,2024-02-03,CUST0312,Suresh Pillai,North,Delhi,Groceries,Tea Powder 500g,2,229.2,157.83,0.0,458.4,0.0,458.4,142.74,UPI,0
TXN004679,2023-04-05,CUST0045,Sunita Mishra,East,Patna,Groceries,Pulses 1kg,1,144.93,102.87,0.0,144.93,0.0,144.93,42.06,UPI,0
TXN004680,2024-08-10,CUST0490,Rahul Sharma,Central,Bhopal,Electronics,Router,5,2955.54,1846.2,0.1,14777.7,1477.77,13299.93,4068.93,Debit Card,0
TXN004681,2024-10-22,CUST0283,Rajesh Malhotra,Central,Varanasi,Clothing,Saree,2,5370.12,2488.15,0.0,10740.24,0.0,10740.24,5763.94,Net Banking,0
TXN004682,2023-08-11,CUST0078,Swati Kapoor,North,Jaipur,Furniture,Sofa Set,1,37150.94,23979.94,0.15,37150.94,5572.64,31578.3,7598.36,Debit Card,0
TXN004683,2023-07-06,CUST0286,Amit Kumar,South,Bangalore,Groceries,Sugar 1kg,1,55.59,43.01,0.2,55.59,11.12,44.47,1.46,Cash,1
TXN004684,2023-10-12,CUST0346,Geeta Bhatt,North,Jaipur,Furniture,Dining Table,1,21671.49,14751.36,0.0,21671.49,0.0,21671.49,6920.13,Net Banking,0
TXN004685,2024-06-07,CUST0465,Sunita Mishra,North,Amritsar,Clothing,Women's Kurti,1,1315.58,588.17,0.2,1315.58,263.12,1052.46,464.29,Credit Card,0
TXN004686,2024-03-05,CUST0460,Rohan Mehta,West,Surat,Clothing,Winter Jacket,2,4004.99,2200.65,0.2,8009.98,1602.0,6407.98,2006.68,Credit Card,0
TXN004687,2024-03-21,CUST0283,Vijay Singh,East,Patna,Clothing,Winter Jacket,3,3848.38,2264.32,0.2,11545.14,2309.03,9236.11,2443.15,Credit Card,0
TXN004688,2023-05-16,CUST0142,Mohit Saxena,North,Delhi,Clothing,Denim Jeans,1,2697.26,1213.25,0.0,2697.26,0.0,2697.26,1484.01,UPI,0
TXN004689,2023-11-13,CUST0152,Nikhil Dubey,West,Mumbai,Sports,Cycle Helmet,2,1256.11,779.72,0.05,2512.22,125.61,2386.61,827.17,Net Banking,0
TXN004690,2024-02-29,CUST0278,Nisha Trivedi,Central,Varanasi,Groceries,Cooking Oil 1L,1,189.53,132.16,0.0,189.53,0.0,189.53,57.37,Credit Card,0
TXN004691,2023-10-22,CUST0385,Amit Kumar,North,Lucknow,Clothing,Saree,4,4939.07,2567.69,0.05,19756.28,987.81,18768.47,8497.71,UPI,0
TXN004692,2024-10-27,CUST0366,Geeta Bhatt,North,Chandigarh,Clothing,Women's Kurti,1,1252.77,609.29,0.1,1252.77,125.28,1127.49,518.2,Net Banking,0
TXN004693,2023-01-04,CUST0486,Geeta Bhatt,South,Bangalore,Cosmetics,Lipstick,1,642.05,313.22,0.0,642.05,0.0,642.05,328.83,Debit Card,0
TXN004694,2023-04-17,CUST0366,Amit Kumar,South,Chennai,Groceries,Basmati Rice 5kg,3,485.2,302.15,0.1,1455.6,145.56,1310.04,403.59,Net Banking,0
TXN004695,2023-09-30,CUST0104,Meera Das,East,Patna,Furniture,Sofa Set,2,37214.84,23822.62,0.0,74429.68,0.0,74429.68,26784.44,UPI,0
TXN004696,2023-04-15,CUST0355,Sanjay Yadav,South,Bangalore,Clothing,Denim Jeans,1,2739.59,1213.68,0.05,2739.59,136.98,2602.61,1388.93,Cash,0
TXN004697,2024-03-31,CUST0067,Kavita Joshi,East,Ranchi,Cosmetics,Moisturiser 50g,2,544.03,274.71,0.0,1088.06,0.0,1088.06,538.64,UPI,0
TXN004698,2024-01-30,CUST0319,Sunita Mishra,South,Chennai,Cosmetics,Sunscreen SPF50,1,451.5,263.27,0.1,451.5,45.15,406.35,143.08,UPI,0
TXN004699,2023-06-13,CUST0407,Sunita Mishra,North,Delhi,Groceries,Cooking Oil 1L,3,182.93,132.69,0.2,548.79,109.76,439.03,40.96,Net Banking,0
TXN004700,2023-02-26,CUST0358,Geeta Bhatt,West,Surat,Cosmetics,Lipstick,1,580.34,312.5,0.15,580.34,87.05,493.29,180.79,Cash,0
TXN004701,2023-04-06,CUST0201,Priya Patel,South,Bangalore,Electronics,Laptop,4,42958.46,38412.75,0.0,171833.84,0.0,171833.84,18182.84,Cash,0
TXN004702,2023-07-10,CUST0416,Kiran Bose,North,Lucknow,Sports,Dumbbells Set,2,3758.65,2252.6,0.1,7517.3,751.73,6765.57,2260.37,Debit Card,0
TXN004703,2023-07-25,CUST0118,Mohit Saxena,Central,Raipur,Clothing,Winter Jacket,1,4074.61,2227.19,0.1,4074.61,407.46,3667.15,1439.96,Net Banking,0
TXN004704,2024-09-06,CUST0476,Rahul Sharma,East,Bhubaneswar,Clothing,Denim Jeans,1,2474.46,1203.15,0.2,2474.46,494.89,1979.57,776.42,UPI,0
TXN004705,2024-02-24,CUST0489,Anita Verma,West,Ahmedabad,Furniture,Sofa Set,1,34370.03,23787.61,0.1,34370.03,3437.0,30933.03,7145.42,Net Banking,0
TXN004706,2023-09-20,CUST0134,Ravi Chandra,North,Chandigarh,Cosmetics,Lipstick,1,599.82,305.1,0.05,599.82,29.99,569.83,264.73,Cash,1
TXN004707,2024-02-20,CUST0330,Nikhil Dubey,Central,Raipur,Cosmetics,Foundation,1,929.3,508.92,0.0,929.3,0.0,929.3,420.38,Debit Card,0
TXN004708,2024-10-11,CUST0182,Geeta Bhatt,East,Patna,Furniture,Wardrobe,2,19250.64,12025.82,0.1,38501.28,3850.13,34651.15,10599.51,UPI,0
TXN004709,2023-11-14,CUST0048,Sanjay Yadav,East,Kolkata,Cosmetics,Lipstick,3,610.69,312.24,0.1,1832.07,183.21,1648.86,712.14,Credit Card,0
TXN004710,2023-02-26,CUST0226,Kiran Bose,South,Chennai,Sports,Cricket Bat,2,2970.43,1843.58,0.0,5940.86,0.0,5940.86,2253.7,Debit Card,0
TXN004711,2023-04-29,CUST0459,Arjun Reddy,South,Chennai,Cosmetics,Hair Serum 100ml,2,741.62,410.83,0.0,1483.24,0.0,1483.24,661.58,Net Banking,0
TXN004712,2023-08-01,CUST0484,Sunita Mishra,North,Jaipur,Furniture,Sofa Set,2,36602.38,24240.78,0.0,73204.76,0.0,73204.76,24723.2,UPI,0
TXN004713,2023-09-04,CUST0289,Sneha Gupta,Central,Indore,Groceries,Sugar 1kg,1,58.14,41.61,0.0,58.14,0.0,58.14,16.53,Net Banking,0
TXN004714,2024-11-06,CUST0043,Deepak Tiwari,Central,Indore,Sports,Yoga Mat,2,923.77,556.07,0.2,1847.54,369.51,1478.03,365.89,Credit Card,0
TXN004715,2023-11-25,CUST0261,Sneha Gupta,South,Mysore,Sports,Dumbbells Set,1,3502.35,2181.95,0.05,3502.35,175.12,3327.23,1145.28,Debit Card,0
TXN004716,2023-03-30,CUST0083,Amit Kumar,South,Kochi,Sports,Dumbbells Set,1,3531.51,2263.4,0.05,3531.51,176.58,3354.93,1091.53,UPI,1
TXN004717,2024-12-24,CUST0138,Swati Kapoor,South,Kochi,Cosmetics,Moisturiser 50g,2,536.04,287.7,0.0,1072.08,0.0,1072.08,496.68,Debit Card,0
TXN004718,2023-12-26,CUST0152,Sanjay Yadav,East,Ranchi,Sports,Running Shoes,4,5006.21,3228.84,0.0,20024.84,0.0,20024.84,7109.48,UPI,0
TXN004719,2023-09-07,CUST0499,Rekha Srivastava,East,Patna,Groceries,Whole Wheat Flour 5kg,2,262.08,185.89,0.1,524.16,52.42,471.74,99.96,Net Banking,0
TXN004720,2024-05-29,CUST0126,Priya Patel,North,Chandigarh,Electronics,Smartphone,1,24107.27,17468.83,0.1,24107.27,2410.73,21696.54,4227.71,Net Banking,0
TXN004721,2024-09-24,CUST0450,Amit Kumar,North,Amritsar,Cosmetics,Moisturiser 50g,1,527.36,274.37,0.0,527.36,0.0,527.36,252.99,UPI,0
TXN004722,2024-08-29,CUST0363,Meera Das,West,Nagpur,Clothing,Saree,1,5159.58,2507.9,0.05,5159.58,257.98,4901.6,2393.7,UPI,0
TXN004723,2024-12-01,CUST0095,Divya Iyer,North,Amritsar,Cosmetics,Foundation,1,968.99,522.51,0.05,968.99,48.45,920.54,398.03,Net Banking,0
TXN004724,2023-01-19,CUST0083,Arjun Reddy,South,Bangalore,Clothing,Denim Jeans,1,2498.66,1177.6,0.0,2498.66,0.0,2498.66,1321.06,Credit Card,0
TXN004725,2023-07-23,CUST0153,Pooja Nair,East,Guwahati,Furniture,Dining Table,2,22469.38,14845.43,0.05,44938.76,2246.94,42691.82,13000.96,Cash,0
TXN004726,2023-03-30,CUST0170,Arun Patil,South,Chennai,Electronics,Laptop,2,46932.04,37453.64,0.2,93864.08,18772.82,75091.26,183.98,UPI,0
TXN004727,2023-12-22,CUST0455,Asha Pandey,South,Chennai,Electronics,Smart TV,4,37120.53,27658.19,0.2,148482.12,29696.42,118785.7,8152.94,Debit Card,0
TXN004728,2023-12-27,CUST0418,Rohan Mehta,South,Kochi,Sports,Dumbbells Set,1,3743.12,2135.81,0.1,3743.12,374.31,3368.81,1233.0,UPI,0
TXN004729,2023-06-12,CUST0273,Harish Agarwal,Central,Gwalior,Groceries,Pulses 1kg,1,145.18,101.76,0.2,145.18,29.04,116.14,14.38,Net Banking,0
TXN004730,2024-12-29,CUST0348,Arjun Reddy,West,Nagpur,Sports,Badminton Racket,1,1427.32,874.68,0.15,1427.32,214.1,1213.22,338.54,Credit Card,0
TXN004731,2023-10-19,CUST0485,Arun Patil,South,Bangalore,Groceries,Cooking Oil 1L,1,182.48,133.5,0.2,182.48,36.5,145.98,12.48,Cash,0
TXN004732,2023-08-28,CUST0459,Rahul Sharma,North,Jaipur,Cosmetics,Moisturiser 50g,1,511.22,275.98,0.0,511.22,0.0,511.22,235.24,Cash,0
TXN004733,2024-11-05,CUST0315,Kavita Joshi,East,Kolkata,Clothing,Saree,1,4752.54,2566.68,0.1,4752.54,475.25,4277.29,1710.61,Net Banking,0
TXN004734,2024-04-30,CUST0396,Sunita Mishra,Central,Bhopal,Electronics,Tablet,1,18471.11,13066.84,0.0,18471.11,0.0,18471.11,5404.27,Cash,0
TXN004735,2023-09-29,CUST0134,Rahul Sharma,East,Ranchi,Furniture,Dining Table,1,21245.67,14826.57,0.0,21245.67,0.0,21245.67,6419.1,Net Banking,0
TXN004736,2024-06-14,CUST0426,Anita Verma,Central,Raipur,Electronics,Tablet,2,18984.95,12922.45,0.1,37969.9,3796.99,34172.91,8328.01,Credit Card,0
TXN004737,2024-10-23,CUST0434,Kiran Bose,Central,Bhopal,Cosmetics,Face Wash 100ml,1,314.29,158.16,0.05,314.29,15.71,298.58,140.42,Credit Card,0
TXN004738,2024-09-30,CUST0336,Geeta Bhatt,Central,Raipur,Furniture,Wardrobe,3,18710.2,11859.43,0.0,56130.6,0.0,56130.6,20552.31,Net Banking,0
TXN004739,2024-05-28,CUST0377,Kiran Bose,West,Surat,Furniture,Sofa Set,2,34520.56,23920.23,0.05,69041.12,3452.06,65589.06,17748.6,UPI,0
TXN004740,2024-03-05,CUST0059,Sneha Gupta,West,Mumbai,Furniture,Bookshelf,2,6405.64,4383.38,0.15,12811.28,1921.69,10889.59,2122.83,UPI,0
TXN004741,2024-01-13,CUST0084,Arjun Reddy,East,Bhubaneswar,Groceries,Basmati Rice 5kg,1,462.75,306.29,0.1,462.75,46.28,416.47,110.18,UPI,0
TXN004742,2023-10-07,CUST0085,Rekha Srivastava,South,Chennai,Groceries,Basmati Rice 5kg,2,428.18,316.55,0.0,856.36,0.0,856.36,223.26,Net Banking,0
TXN004743,2024-12-11,CUST0042,Harish Agarwal,East,Ranchi,Cosmetics,Face Wash 100ml,2,288.08,156.44,0.2,576.16,115.23,460.93,148.05,UPI,0
TXN004744,2024-04-23,CUST0446,Geeta Bhatt,Central,Bhopal,Groceries,Tea Powder 500g,2,214.46,154.41,0.1,428.92,42.89,386.03,77.21,Debit Card,0
TXN004745,2023-07-13,CUST0400,Lakshmi Rao,North,Chandigarh,Cosmetics,Face Wash 100ml,2,315.15,156.68,0.2,630.3,126.06,504.24,190.88,Cash,0
TXN004746,2023-01-26,CUST0138,Pallavi Shah,North,Amritsar,Clothing,Winter Jacket,2,4109.41,2237.81,0.05,8218.82,410.94,7807.88,3332.26,Credit Card,0
TXN004747,2023-10-23,CUST0323,Arjun Reddy,East,Bhubaneswar,Cosmetics,Lipstick,2,584.53,312.32,0.0,1169.06,0.0,1169.06,544.42,Debit Card,0
TXN004748,2024-03-22,CUST0402,Arun Patil,South,Bangalore,Furniture,Wardrobe,1,17570.49,11970.56,0.0,17570.49,0.0,17570.49,5599.93,Credit Card,0
TXN004749,2024-06-19,CUST0119,Ravi Chandra,North,Amritsar,Furniture,Wardrobe,2,17916.95,12167.68,0.0,35833.9,0.0,35833.9,11498.54,UPI,1
TXN004750,2023-02-17,CUST0200,Nikhil Dubey,Central,Bhopal,Cosmetics,Moisturiser 50g,3,545.49,283.68,0.0,1636.47,0.0,1636.47,785.43,Net Banking,0
TXN004751,2023-05-22,CUST0465,Sanjay Yadav,East,Kolkata,Clothing,Winter Jacket,1,3878.16,2183.97,0.15,3878.16,581.72,3296.44,1112.47,Net Banking,0
TXN004752,2023-04-22,CUST0178,Kavita Joshi,East,Guwahati,Sports,Cricket Bat,2,2967.8,1795.21,0.0,5935.6,0.0,5935.6,2345.18,UPI,0
TXN004753,2023-06-20,CUST0491,Rekha Srivastava,North,Jaipur,Electronics,Wireless Earbuds,2,3455.79,2202.32,0.0,6911.58,0.0,6911.58,2506.94,Cash,0
TXN004754,2024-10-13,CUST0072,Harish Agarwal,West,Nagpur,Electronics,Smart TV,1,36598.79,27373.81,0.1,36598.79,3659.88,32938.91,5565.1,Debit Card,0
TXN004755,2024-10-08,CUST0320,Rahul Sharma,North,Amritsar,Clothing,Women's Kurti,3,1258.95,601.71,0.05,3776.85,188.84,3588.01,1782.88,Credit Card,0
TXN004756,2023-11-24,CUST0157,Sanjay Yadav,South,Chennai,Cosmetics,Moisturiser 50g,4,491.09,279.91,0.0,1964.36,0.0,1964.36,844.72,Credit Card,0
TXN004757,2024-02-06,CUST0305,Sanjay Yadav,Central,Indore,Sports,Badminton Racket,2,1481.23,902.34,0.15,2962.46,444.37,2518.09,713.41,Net Banking,1
TXN004758,2023-06-20,CUST0155,Meera Das,South,Chennai,Cosmetics,Moisturiser 50g,1,483.55,280.04,0.15,483.55,72.53,411.02,130.98,UPI,0
TXN004759,2024-08-20,CUST0123,Harish Agarwal,North,Delhi,Sports,Cycle Helmet,3,1272.4,820.96,0.0,3817.2,0.0,3817.2,1354.32,Credit Card,0
TXN004760,2024-12-10,CUST0229,Vijay Singh,South,Bangalore,Groceries,Whole Wheat Flour 5kg,3,262.33,193.71,0.0,786.99,0.0,786.99,205.86,Credit Card,0
TXN004761,2023-02-22,CUST0337,Arjun Reddy,Central,Gwalior,Cosmetics,Sunscreen SPF50,1,445.28,266.02,0.0,445.28,0.0,445.28,179.26,Net Banking,0
TXN004762,2024-04-08,CUST0269,Rohan Mehta,South,Kochi,Groceries,Pulses 1kg,1,151.05,99.19,0.0,151.05,0.0,151.05,51.86,UPI,0
TXN004763,2023-08-16,CUST0250,Kavita Joshi,North,Delhi,Furniture,Wardrobe,3,18586.99,11641.42,0.05,55760.97,2788.05,52972.92,18048.66,UPI,0
TXN004764,2024-01-26,CUST0373,Pallavi Shah,East,Ranchi,Groceries,Pulses 1kg,1,143.9,102.43,0.0,143.9,0.0,143.9,41.47,Debit Card,0
TXN004765,2023-08-28,CUST0371,Nisha Trivedi,East,Bhubaneswar,Sports,Yoga Mat,1,984.38,539.58,0.1,984.38,98.44,885.94,346.36,Net Banking,0
TXN004766,2023-10-26,CUST0195,Arun Patil,North,Lucknow,Furniture,Dining Table,3,23313.64,15161.14,0.05,69940.92,3497.05,66443.87,20960.45,Cash,1
TXN004767,2023-06-22,CUST0277,Priya Patel,Central,Bhopal,Clothing,Saree,1,5203.16,2485.12,0.0,5203.16,0.0,5203.16,2718.04,Net Banking,0
TXN004768,2023-12-28,CUST0126,Rajesh Malhotra,East,Bhubaneswar,Furniture,Bookshelf,2,6591.03,4599.92,0.15,13182.06,1977.31,11204.75,2004.91,UPI,0
TXN004769,2023-03-22,CUST0151,Lakshmi Rao,North,Delhi,Electronics,Smart TV,1,36891.07,26926.57,0.2,36891.07,7378.21,29512.86,2586.29,Credit Card,0
TXN004770,2023-02-14,CUST0261,Ravi Chandra,West,Ahmedabad,Groceries,Whole Wheat Flour 5kg,2,263.44,193.3,0.2,526.88,105.38,421.5,34.9,Cash,0
TXN004771,2024-05-17,CUST0415,Anita Verma,West,Surat,Cosmetics,Foundation,1,950.02,506.03,0.0,950.02,0.0,950.02,443.99,Debit Card,1
TXN004772,2024-08-12,CUST0246,Geeta Bhatt,South,Bangalore,Electronics,Wireless Earbuds,2,3437.56,2173.95,0.1,6875.12,687.51,6187.61,1839.71,Cash,0
TXN004773,2024-12-24,CUST0098,Arun Patil,North,Chandigarh,Sports,Cycle Helmet,3,1278.83,821.27,0.0,3836.49,0.0,3836.49,1372.68,Debit Card,0
TXN004774,2023-04-18,CUST0190,Geeta Bhatt,South,Kochi,Cosmetics,Moisturiser 50g,4,482.23,287.25,0.1,1928.92,192.89,1736.03,587.03,Cash,0
TXN004775,2023-10-05,CUST0117,Vijay Singh,Central,Gwalior,Electronics,Wireless Earbuds,1,3621.7,2264.54,0.05,3621.7,181.09,3440.61,1176.07,Credit Card,0
TXN004776,2023-05-17,CUST0452,Geeta Bhatt,West,Nagpur,Electronics,Wireless Earbuds,2,3634.98,2253.75,0.0,7269.96,0.0,7269.96,2762.46,Net Banking,0
TXN004777,2024-02-10,CUST0213,Nisha Trivedi,Central,Bhopal,Cosmetics,Face Wash 100ml,1,326.71,163.17,0.1,326.71,32.67,294.04,130.87,Credit Card,0
TXN004778,2023-08-16,CUST0021,Suresh Pillai,West,Nagpur,Electronics,Wireless Earbuds,2,3721.14,2205.98,0.05,7442.28,372.11,7070.17,2658.21,UPI,0
TXN004779,2024-07-04,CUST0343,Anita Verma,East,Patna,Groceries,Pulses 1kg,3,134.72,97.63,0.0,404.16,0.0,404.16,111.27,UPI,0
TXN004780,2023-06-29,CUST0270,Lakshmi Rao,West,Pune,Electronics,Router,2,2703.04,1900.47,0.0,5406.08,0.0,5406.08,1605.14,Credit Card,0
TXN004781,2023-11-05,CUST0354,Nisha Trivedi,South,Bangalore,Clothing,Women's Kurti,1,1424.25,610.89,0.05,1424.25,71.21,1353.04,742.15,Debit Card,0
TXN004782,2024-12-04,CUST0359,Sanjay Yadav,South,Kochi,Cosmetics,Sunscreen SPF50,1,437.44,263.02,0.0,437.44,0.0,437.44,174.42,Credit Card,0
TXN004783,2024-01-31,CUST0226,Suresh Pillai,South,Mysore,Clothing,Winter Jacket,1,4275.71,2191.97,0.05,4275.71,213.79,4061.92,1869.95,Cash,0
TXN004784,2024-06-05,CUST0471,Pallavi Shah,West,Mumbai,Groceries,Cooking Oil 1L,2,189.97,128.45,0.05,379.94,19.0,360.94,104.04,Debit Card,0
TXN004785,2024-03-26,CUST0305,Deepak Tiwari,North,Amritsar,Furniture,Dining Table,2,22662.1,14942.99,0.15,45324.2,6798.63,38525.57,8639.59,UPI,0
TXN004786,2024-12-12,CUST0385,Rohan Mehta,West,Pune,Sports,Yoga Mat,4,930.23,558.69,0.05,3720.92,186.05,3534.87,1300.11,UPI,0
TXN004787,2023-11-30,CUST0277,Kavita Joshi,Central,Bhopal,Sports,Cricket Bat,2,2863.43,1837.76,0.05,5726.86,286.34,5440.52,1765.0,Cash,1
TXN004788,2024-06-14,CUST0249,Rekha Srivastava,South,Kochi,Clothing,Winter Jacket,2,4182.58,2143.33,0.1,8365.16,836.52,7528.64,3241.98,Cash,0
TXN004789,2023-07-07,CUST0133,Harish Agarwal,North,Amritsar,Electronics,Wireless Earbuds,2,3403.8,2196.67,0.2,6807.6,1361.52,5446.08,1052.74,Debit Card,0
TXN004790,2023-09-29,CUST0364,Sunita Mishra,East,Patna,Groceries,Sugar 1kg,3,60.06,41.86,0.05,180.18,9.01,171.17,45.59,Credit Card,0
TXN004791,2024-03-24,CUST0296,Pallavi Shah,West,Mumbai,Furniture,Bookshelf,4,6719.1,4486.33,0.2,26876.4,5375.28,21501.12,3555.8,Debit Card,0
TXN004792,2023-01-06,CUST0085,Rohan Mehta,West,Mumbai,Clothing,Winter Jacket,1,4056.43,2262.52,0.2,4056.43,811.29,3245.14,982.62,UPI,0
TXN004793,2024-07-28,CUST0091,Deepak Tiwari,Central,Indore,Electronics,Wireless Earbuds,1,3584.22,2137.84,0.0,3584.22,0.0,3584.22,1446.38,Cash,0
TXN004794,2023-03-26,CUST0245,Amit Kumar,West,Pune,Groceries,Tea Powder 500g,2,224.32,151.39,0.05,448.64,22.43,426.21,123.43,Cash,0
TXN004795,2024-02-03,CUST0148,Pooja Nair,East,Kolkata,Sports,Yoga Mat,1,961.52,559.0,0.2,961.52,192.3,769.22,210.22,Credit Card,0
TXN004796,2023-07-07,CUST0182,Rajesh Malhotra,South,Mysore,Groceries,Basmati Rice 5kg,3,476.37,302.55,0.0,1429.11,0.0,1429.11,521.46,Credit Card,0
TXN004797,2023-09-29,CUST0204,Rekha Srivastava,North,Amritsar,Electronics,Wireless Earbuds,2,3386.79,2172.5,0.1,6773.58,677.36,6096.22,1751.22,UPI,0
TXN004798,2024-11-07,CUST0026,Sunita Mishra,South,Bangalore,Clothing,Men's T-Shirt,5,817.8,352.03,0.0,4089.0,0.0,4089.0,2328.85,Net Banking,0
TXN004799,2024-05-01,CUST0053,Nikhil Dubey,South,Kochi,Furniture,Wardrobe,1,18532.21,11858.21,0.15,18532.21,2779.83,15752.38,3894.17,Net Banking,0
TXN004800,2024-05-21,CUST0370,Sanjay Yadav,North,Amritsar,Groceries,Whole Wheat Flour 5kg,2,240.06,186.05,0.1,480.12,48.01,432.11,60.01,Net Banking,0
TXN004801,2023-12-25,CUST0178,Harish Agarwal,Central,Raipur,Electronics,Wireless Earbuds,2,3536.65,2172.28,0.15,7073.3,1060.99,6012.31,1667.75,Net Banking,0
TXN004802,2024-12-11,CUST0417,Sunita Mishra,North,Delhi,Furniture,Bookshelf,4,7017.95,4513.18,0.15,28071.8,4210.77,23861.03,5808.31,Net Banking,0
TXN004803,2023-05-23,CUST0458,Nikhil Dubey,East,Guwahati,Cosmetics,Sunscreen SPF50,2,488.87,267.35,0.0,977.74,0.0,977.74,443.04,Cash,0
TXN004804,2023-07-09,CUST0476,Arjun Reddy,South,Hyderabad,Groceries,Whole Wheat Flour 5kg,2,262.9,190.8,0.0,525.8,0.0,525.8,144.2,Cash,0
TXN004805,2023-01-14,CUST0193,Suresh Pillai,East,Ranchi,Clothing,Denim Jeans,1,2736.44,1174.69,0.1,2736.44,273.64,2462.8,1288.11,UPI,0
TXN004806,2024-07-31,CUST0093,Kiran Bose,West,Ahmedabad,Electronics,Smart TV,2,34308.2,26197.25,0.05,68616.4,3430.82,65185.58,12791.08,UPI,0
TXN004807,2023-11-03,CUST0200,Sanjay Yadav,Central,Bhopal,Furniture,Wooden Desk,1,12511.1,8614.23,0.05,12511.1,625.56,11885.54,3271.31,Net Banking,0
TXN004808,2024-02-14,CUST0468,Sunita Mishra,East,Patna,Groceries,Basmati Rice 5kg,1,473.32,304.09,0.0,473.32,0.0,473.32,169.23,Debit Card,0
TXN004809,2023-01-20,CUST0276,Kavita Joshi,East,Ranchi,Groceries,Pulses 1kg,1,138.7,98.08,0.0,138.7,0.0,138.7,40.62,Debit Card,0
TXN004810,2023-02-04,CUST0396,Pooja Nair,South,Mysore,Clothing,Denim Jeans,3,2712.41,1169.9,0.05,8137.23,406.86,7730.37,4220.67,Net Banking,0
TXN004811,2023-07-13,CUST0485,Geeta Bhatt,South,Mysore,Cosmetics,Face Wash 100ml,1,327.27,159.76,0.15,327.27,49.09,278.18,118.42,Debit Card,0
TXN004812,2024-11-17,CUST0034,Rajesh Malhotra,West,Ahmedabad,Sports,Yoga Mat,4,864.89,538.8,0.2,3459.56,691.91,2767.65,612.45,Cash,0
TXN004813,2023-09-27,CUST0026,Deepak Tiwari,South,Bangalore,Groceries,Sugar 1kg,1,53.11,41.19,0.0,53.11,0.0,53.11,11.92,Net Banking,0
TXN004814,2024-09-11,CUST0245,Asha Pandey,East,Ranchi,Groceries,Cooking Oil 1L,1,194.97,130.71,0.15,194.97,29.25,165.72,35.01,Net Banking,0
TXN004815,2024-03-12,CUST0284,Suresh Pillai,Central,Bhopal,Sports,Running Shoes,1,5160.86,3248.15,0.1,5160.86,516.09,4644.77,1396.62,Debit Card,0
TXN004816,2024-12-23,CUST0151,Arjun Reddy,South,Bangalore,Furniture,Wardrobe,3,18321.99,12006.38,0.0,54965.97,0.0,54965.97,18946.83,UPI,0
TXN004817,2024-05-03,CUST0260,Rekha Srivastava,West,Mumbai,Furniture,Office Chair,1,8510.88,5744.07,0.15,8510.88,1276.63,7234.25,1490.18,Credit Card,0
TXN004818,2024-01-18,CUST0372,Mohit Saxena,East,Bhubaneswar,Clothing,Winter Jacket,1,4222.56,2174.68,0.0,4222.56,0.0,4222.56,2047.88,Debit Card,0
TXN004819,2023-06-03,CUST0320,Ravi Chandra,North,Delhi,Cosmetics,Lipstick,3,583.59,308.16,0.2,1750.77,350.15,1400.62,476.14,Net Banking,0
TXN004820,2023-02-28,CUST0204,Kavita Joshi,South,Kochi,Sports,Yoga Mat,1,857.63,551.92,0.0,857.63,0.0,857.63,305.71,Cash,0
TXN004821,2023-10-12,CUST0249,Arjun Reddy,West,Mumbai,Furniture,Wardrobe,2,19203.46,12260.7,0.0,38406.92,0.0,38406.92,13885.52,Debit Card,0
TXN004822,2024-07-05,CUST0128,Harish Agarwal,Central,Indore,Cosmetics,Moisturiser 50g,2,491.02,273.09,0.1,982.04,98.2,883.84,337.66,Credit Card,0
TXN004823,2023-10-20,CUST0165,Rohan Mehta,Central,Indore,Sports,Cycle Helmet,3,1416.66,794.9,0.05,4249.98,212.5,4037.48,1652.78,Debit Card,0
TXN004824,2024-04-04,CUST0001,Priya Patel,North,Delhi,Sports,Cricket Bat,2,2858.7,1837.18,0.0,5717.4,0.0,5717.4,2043.04,Cash,0
TXN004825,2023-06-21,CUST0158,Nikhil Dubey,West,Surat,Electronics,Smart TV,1,35935.04,26847.79,0.0,35935.04,0.0,35935.04,9087.25,Net Banking,0
TXN004826,2024-08-17,CUST0076,Swati Kapoor,West,Pune,Furniture,Wardrobe,1,18412.9,11938.07,0.0,18412.9,0.0,18412.9,6474.83,Net Banking,0
TXN004827,2023-06-15,CUST0457,Anita Verma,North,Chandigarh,Clothing,Formal Shirt,3,1808.47,897.65,0.1,5425.41,542.54,4882.87,2189.92,UPI,0
TXN004828,2024-08-29,CUST0403,Rohan Mehta,West,Surat,Electronics,Smart TV,3,34127.91,26410.8,0.2,102383.73,20476.75,81906.98,2674.58,Credit Card,0
TXN004829,2023-04-23,CUST0011,Asha Pandey,North,Jaipur,Cosmetics,Face Wash 100ml,3,325.22,158.02,0.05,975.66,48.78,926.88,452.82,Credit Card,0
TXN004830,2024-07-26,CUST0389,Swati Kapoor,East,Ranchi,Electronics,Smart TV,3,37152.67,26205.44,0.1,111458.01,11145.8,100312.21,21695.89,Credit Card,0
TXN004831,2023-05-16,CUST0147,Amit Kumar,South,Bangalore,Groceries,Tea Powder 500g,3,211.39,151.31,0.05,634.17,31.71,602.46,148.53,Cash,0
TXN004832,2024-10-14,CUST0210,Nikhil Dubey,East,Kolkata,Groceries,Basmati Rice 5kg,4,453.13,311.14,0.15,1812.52,271.88,1540.64,296.08,UPI,0
TXN004833,2024-08-14,CUST0202,Priya Patel,South,Mysore,Cosmetics,Foundation,1,982.6,508.48,0.1,982.6,98.26,884.34,375.86,Credit Card,0
TXN004834,2023-10-24,CUST0035,Vijay Singh,West,Pune,Groceries,Whole Wheat Flour 5kg,1,272.06,191.77,0.0,272.06,0.0,272.06,80.29,Cash,0
TXN004835,2024-11-17,CUST0296,Divya Iyer,North,Lucknow,Cosmetics,Hair Serum 100ml,2,697.77,409.24,0.0,1395.54,0.0,1395.54,577.06,Credit Card,1
TXN004836,2023-03-27,CUST0494,Sunita Mishra,West,Ahmedabad,Groceries,Pulses 1kg,1,148.34,97.35,0.2,148.34,29.67,118.67,21.32,Debit Card,1
TXN004837,2024-01-05,CUST0390,Rohan Mehta,Central,Gwalior,Electronics,Tablet,1,17289.86,12716.72,0.15,17289.86,2593.48,14696.38,1979.66,Net Banking,0
TXN004838,2024-05-02,CUST0483,Vijay Singh,West,Mumbai,Clothing,Saree,3,5225.33,2428.33,0.0,15675.99,0.0,15675.99,8391.0,Cash,0
TXN004839,2023-04-12,CUST0270,Pooja Nair,North,Delhi,Groceries,Sugar 1kg,1,55.17,40.94,0.0,55.17,0.0,55.17,14.23,Net Banking,0
TXN004840,2023-11-03,CUST0317,Priya Patel,East,Guwahati,Cosmetics,Hair Serum 100ml,2,704.29,391.41,0.0,1408.58,0.0,1408.58,625.76,Debit Card,0
TXN004841,2023-10-18,CUST0111,Nikhil Dubey,West,Mumbai,Electronics,Tablet,4,17679.99,13181.05,0.1,70719.96,7072.0,63647.96,10923.76,UPI,0
TXN004842,2023-02-03,CUST0124,Arjun Reddy,North,Jaipur,Groceries,Tea Powder 500g,1,215.77,154.93,0.15,215.77,32.37,183.4,28.47,Net Banking,1
TXN004843,2023-07-12,CUST0021,Pooja Nair,Central,Raipur,Electronics,Smart TV,3,33535.51,26942.73,0.0,100606.53,0.0,100606.53,19778.34,Net Banking,0
TXN004844,2023-01-08,CUST0176,Rohan Mehta,West,Surat,Clothing,Winter Jacket,1,4324.1,2249.85,0.0,4324.1,0.0,4324.1,2074.25,Net Banking,0
TXN004845,2023-11-11,CUST0402,Rohan Mehta,South,Chennai,Cosmetics,Foundation,2,871.24,506.22,0.2,1742.48,348.5,1393.98,381.54,Debit Card,0
TXN004846,2024-04-11,CUST0218,Lakshmi Rao,South,Chennai,Electronics,Laptop,1,44505.47,39023.45,0.0,44505.47,0.0,44505.47,5482.02,Debit Card,1
TXN004847,2023-01-31,CUST0109,Ravi Chandra,North,Amritsar,Groceries,Tea Powder 500g,1,216.56,156.81,0.0,216.56,0.0,216.56,59.75,UPI,0
TXN004848,2023-02-14,CUST0023,Ravi Chandra,North,Delhi,Groceries,Whole Wheat Flour 5kg,3,245.61,184.71,0.2,736.83,147.37,589.46,35.33,Net Banking,0
TXN004849,2024-08-17,CUST0450,Kiran Bose,South,Hyderabad,Electronics,Router,1,2668.29,1926.11,0.05,2668.29,133.41,2534.88,608.77,Net Banking,0
TXN004850,2024-06-23,CUST0238,Suresh Pillai,East,Ranchi,Cosmetics,Lipstick,1,583.02,307.24,0.2,583.02,116.6,466.42,159.18,UPI,0
TXN004851,2024-04-23,CUST0075,Geeta Bhatt,West,Ahmedabad,Groceries,Cooking Oil 1L,1,180.21,126.77,0.0,180.21,0.0,180.21,53.44,Debit Card,0
TXN004852,2024-02-22,CUST0047,Meera Das,East,Ranchi,Groceries,Cooking Oil 1L,1,194.17,132.05,0.0,194.17,0.0,194.17,62.12,UPI,0
TXN004853,2023-12-30,CUST0469,Nikhil Dubey,Central,Bhopal,Groceries,Pulses 1kg,2,139.04,101.48,0.15,278.08,41.71,236.37,33.41,Credit Card,0
TXN004854,2024-04-12,CUST0126,Deepak Tiwari,West,Nagpur,Clothing,Men's T-Shirt,2,780.24,340.57,0.1,1560.48,156.05,1404.43,723.29,UPI,0
TXN004855,2023-08-07,CUST0468,Lakshmi Rao,South,Bangalore,Furniture,Bookshelf,1,6888.04,4419.03,0.0,6888.04,0.0,6888.04,2469.01,UPI,0
TXN004856,2023-08-11,CUST0221,Divya Iyer,West,Ahmedabad,Sports,Dumbbells Set,1,3591.35,2193.93,0.2,3591.35,718.27,2873.08,679.15,Debit Card,1
TXN004857,2024-10-06,CUST0328,Kavita Joshi,Central,Gwalior,Electronics,Tablet,1,18638.96,12780.89,0.0,18638.96,0.0,18638.96,5858.07,UPI,0
TXN004858,2023-11-25,CUST0443,Vijay Singh,North,Lucknow,Cosmetics,Sunscreen SPF50,1,474.33,272.31,0.15,474.33,71.15,403.18,130.87,Net Banking,0
TXN004859,2024-12-28,CUST0477,Nikhil Dubey,Central,Varanasi,Furniture,Office Chair,1,8105.07,5763.75,0.0,8105.07,0.0,8105.07,2341.32,Debit Card,1
TXN004860,2023-12-28,CUST0288,Deepak Tiwari,North,Delhi,Furniture,Bookshelf,1,6961.43,4533.91,0.0,6961.43,0.0,6961.43,2427.52,UPI,0
TXN004861,2024-09-12,CUST0427,Vijay Singh,North,Delhi,Groceries,Pulses 1kg,2,143.25,101.4,0.05,286.5,14.33,272.17,69.37,Net Banking,0
TXN004862,2023-01-09,CUST0087,Harish Agarwal,South,Kochi,Sports,Yoga Mat,1,940.59,545.25,0.05,940.59,47.03,893.56,348.31,Debit Card,0
TXN004863,2024-02-04,CUST0171,Arun Patil,North,Delhi,Furniture,Dining Table,1,22913.34,14858.97,0.0,22913.34,0.0,22913.34,8054.37,Credit Card,0
TXN004864,2024-07-18,CUST0355,Vijay Singh,North,Amritsar,Groceries,Tea Powder 500g,1,213.6,155.76,0.0,213.6,0.0,213.6,57.84,Credit Card,0
TXN004865,2024-12-24,CUST0123,Geeta Bhatt,West,Pune,Clothing,Denim Jeans,3,2685.85,1172.67,0.0,8057.55,0.0,8057.55,4539.54,Cash,0
TXN004866,2023-07-27,CUST0490,Geeta Bhatt,Central,Gwalior,Sports,Cycle Helmet,1,1246.02,795.67,0.0,1246.02,0.0,1246.02,450.35,Credit Card,1
TXN004867,2023-03-25,CUST0037,Deepak Tiwari,North,Delhi,Cosmetics,Sunscreen SPF50,1,441.64,275.07,0.2,441.64,88.33,353.31,78.24,UPI,0
TXN004868,2024-04-10,CUST0011,Rekha Srivastava,North,Amritsar,Sports,Running Shoes,6,5149.87,3267.37,0.0,30899.22,0.0,30899.22,11295.0,Debit Card,0
TXN004869,2023-10-30,CUST0491,Nisha Trivedi,South,Bangalore,Sports,Cricket Bat,3,3010.55,1843.42,0.0,9031.65,0.0,9031.65,3501.39,Net Banking,0
TXN004870,2023-07-17,CUST0143,Nikhil Dubey,North,Chandigarh,Groceries,Tea Powder 500g,2,226.17,150.55,0.0,452.34,0.0,452.34,151.24,Cash,0
TXN004871,2024-02-26,CUST0210,Asha Pandey,West,Mumbai,Cosmetics,Hair Serum 100ml,1,677.67,402.1,0.0,677.67,0.0,677.67,275.57,Cash,0
TXN004872,2023-10-30,CUST0069,Arun Patil,South,Mysore,Groceries,Pulses 1kg,1,146.65,101.67,0.2,146.65,29.33,117.32,15.65,Cash,0
TXN004873,2024-03-27,CUST0369,Lakshmi Rao,East,Patna,Cosmetics,Hair Serum 100ml,2,669.73,391.17,0.05,1339.46,66.97,1272.49,490.15,UPI,0
TXN004874,2023-05-13,CUST0099,Arun Patil,North,Jaipur,Furniture,Sofa Set,3,33914.1,23534.65,0.1,101742.3,10174.23,91568.07,20964.12,Debit Card,0
TXN004875,2023-10-05,CUST0436,Arun Patil,North,Amritsar,Electronics,Smart TV,1,34004.63,27376.76,0.0,34004.63,0.0,34004.63,6627.87,Net Banking,0
TXN004876,2024-03-01,CUST0266,Sanjay Yadav,East,Patna,Clothing,Saree,2,5116.44,2427.91,0.15,10232.88,1534.93,8697.95,3842.13,Credit Card,0
TXN004877,2023-12-21,CUST0268,Meera Das,South,Chennai,Furniture,Wooden Desk,2,12417.93,8477.69,0.0,24835.86,0.0,24835.86,7880.48,Net Banking,0
TXN004878,2024-06-05,CUST0173,Rahul Sharma,South,Chennai,Clothing,Denim Jeans,3,2692.19,1226.51,0.0,8076.57,0.0,8076.57,4397.04,Credit Card,1
TXN004879,2023-07-06,CUST0057,Kavita Joshi,West,Ahmedabad,Cosmetics,Foundation,1,885.07,512.35,0.2,885.07,177.01,708.06,195.71,UPI,0
TXN004880,2023-12-14,CUST0435,Rekha Srivastava,West,Surat,Cosmetics,Lipstick,2,581.66,304.09,0.0,1163.32,0.0,1163.32,555.14,Credit Card,1
TXN004881,2023-02-16,CUST0097,Kavita Joshi,East,Kolkata,Cosmetics,Moisturiser 50g,1,483.99,287.21,0.0,483.99,0.0,483.99,196.78,Net Banking,0
TXN004882,2023-08-04,CUST0340,Pallavi Shah,East,Bhubaneswar,Groceries,Basmati Rice 5kg,4,481.08,303.03,0.0,1924.32,0.0,1924.32,712.2,UPI,0
TXN004883,2023-07-23,CUST0472,Pooja Nair,West,Nagpur,Groceries,Tea Powder 500g,2,210.17,153.84,0.1,420.34,42.03,378.31,70.63,Net Banking,0
TXN004884,2024-08-13,CUST0162,Pallavi Shah,East,Kolkata,Clothing,Saree,1,5231.41,2471.44,0.2,5231.41,1046.28,4185.13,1713.69,Debit Card,0
TXN004885,2023-06-15,CUST0046,Deepak Tiwari,West,Surat,Clothing,Winter Jacket,3,4321.93,2154.61,0.0,12965.79,0.0,12965.79,6501.96,Net Banking,0
TXN004886,2024-02-08,CUST0415,Priya Patel,West,Surat,Clothing,Women's Kurti,1,1392.57,588.65,0.1,1392.57,139.26,1253.31,664.66,Net Banking,0
TXN004887,2023-12-14,CUST0133,Rekha Srivastava,North,Jaipur,Sports,Yoga Mat,2,915.58,558.45,0.15,1831.16,274.67,1556.49,439.59,Net Banking,0
TXN004888,2024-11-21,CUST0181,Sneha Gupta,East,Kolkata,Furniture,Bookshelf,6,6801.92,4631.61,0.05,40811.52,2040.58,38770.94,10981.28,Credit Card,1
TXN004889,2024-03-10,CUST0480,Divya Iyer,East,Ranchi,Electronics,Smart TV,1,33782.15,27021.87,0.0,33782.15,0.0,33782.15,6760.28,UPI,0
TXN004890,2024-08-01,CUST0273,Vijay Singh,East,Ranchi,Groceries,Sugar 1kg,2,59.23,41.01,0.15,118.46,17.77,100.69,18.67,Credit Card,0
TXN004891,2023-08-07,CUST0187,Rekha Srivastava,Central,Raipur,Furniture,Sofa Set,3,35599.22,24691.87,0.2,106797.66,21359.53,85438.13,11362.52,UPI,0
TXN004892,2023-10-07,CUST0409,Ravi Chandra,Central,Indore,Clothing,Denim Jeans,3,2470.85,1186.48,0.05,7412.55,370.63,7041.92,3482.48,UPI,0
TXN004893,2023-07-29,CUST0490,Rohan Mehta,South,Hyderabad,Cosmetics,Moisturiser 50g,2,495.48,281.6,0.05,990.96,49.55,941.41,378.21,Debit Card,0
TXN004894,2024-11-04,CUST0353,Rekha Srivastava,North,Amritsar,Clothing,Men's T-Shirt,2,850.2,341.19,0.05,1700.4,85.02,1615.38,933.0,Net Banking,0
TXN004895,2024-12-07,CUST0273,Amit Kumar,East,Guwahati,Sports,Running Shoes,4,4898.58,3104.62,0.0,19594.32,0.0,19594.32,7175.84,Cash,0
TXN004896,2023-09-17,CUST0043,Deepak Tiwari,North,Amritsar,Clothing,Winter Jacket,1,4250.68,2199.75,0.15,4250.68,637.6,3613.08,1413.33,UPI,0
TXN004897,2024-12-31,CUST0296,Amit Kumar,South,Mysore,Sports,Cycle Helmet,1,1238.13,812.07,0.0,1238.13,0.0,1238.13,426.06,Net Banking,0
TXN004898,2024-08-22,CUST0469,Lakshmi Rao,Central,Gwalior,Cosmetics,Lipstick,2,628.05,302.96,0.0,1256.1,0.0,1256.1,650.18,Debit Card,0
TXN004899,2023-03-23,CUST0169,Swati Kapoor,South,Kochi,Groceries,Basmati Rice 5kg,1,438.83,303.8,0.15,438.83,65.82,373.01,69.21,Net Banking,0
TXN004900,2023-08-12,CUST0142,Kavita Joshi,North,Amritsar,Electronics,Laptop,2,47767.2,37648.11,0.15,95534.4,14330.16,81204.24,5908.02,Cash,0
TXN004901,2023-04-30,CUST0278,Harish Agarwal,East,Ranchi,Clothing,Denim Jeans,1,2419.23,1226.09,0.0,2419.23,0.0,2419.23,1193.14,Debit Card,0
TXN004902,2024-11-01,CUST0037,Rahul Sharma,West,Pune,Furniture,Wooden Desk,4,11580.39,8415.82,0.1,46321.56,4632.16,41689.4,8026.12,Net Banking,0
TXN004903,2024-03-28,CUST0143,Rekha Srivastava,East,Bhubaneswar,Cosmetics,Hair Serum 100ml,1,726.83,411.34,0.0,726.83,0.0,726.83,315.49,Cash,0
TXN004904,2024-02-01,CUST0273,Deepak Tiwari,Central,Indore,Clothing,Denim Jeans,2,2587.15,1200.06,0.2,5174.3,1034.86,4139.44,1739.32,UPI,0
TXN004905,2024-09-29,CUST0145,Ravi Chandra,Central,Varanasi,Groceries,Pulses 1kg,1,153.8,97.48,0.0,153.8,0.0,153.8,56.32,UPI,0
TXN004906,2024-09-08,CUST0172,Vijay Singh,South,Kochi,Electronics,Router,1,2824.59,1895.88,0.0,2824.59,0.0,2824.59,928.71,UPI,0
TXN004907,2023-08-03,CUST0083,Mohit Saxena,North,Chandigarh,Sports,Badminton Racket,1,1529.57,921.35,0.05,1529.57,76.48,1453.09,531.74,Net Banking,0
TXN004908,2024-05-24,CUST0131,Meera Das,East,Ranchi,Furniture,Office Chair,2,9016.53,5644.35,0.05,18033.06,901.65,17131.41,5842.71,Cash,0
TXN004909,2024-08-10,CUST0174,Asha Pandey,Central,Indore,Sports,Cycle Helmet,1,1257.9,814.69,0.1,1257.9,125.79,1132.11,317.42,UPI,0
TXN004910,2024-03-26,CUST0410,Rohan Mehta,East,Bhubaneswar,Cosmetics,Moisturiser 50g,3,497.02,279.17,0.0,1491.06,0.0,1491.06,653.55,Net Banking,0
TXN004911,2023-08-21,CUST0379,Kiran Bose,North,Amritsar,Sports,Badminton Racket,2,1428.9,915.37,0.15,2857.8,428.67,2429.13,598.39,Cash,0
TXN004912,2024-03-24,CUST0378,Deepak Tiwari,East,Bhubaneswar,Cosmetics,Moisturiser 50g,3,538.8,280.59,0.05,1616.4,80.82,1535.58,693.81,Cash,0
TXN004913,2024-04-07,CUST0060,Nikhil Dubey,North,Amritsar,Furniture,Bookshelf,1,6619.7,4623.13,0.2,6619.7,1323.94,5295.76,672.63,Credit Card,0
TXN004914,2024-02-28,CUST0386,Rohan Mehta,East,Guwahati,Groceries,Sugar 1kg,1,55.47,42.48,0.15,55.47,8.32,47.15,4.67,UPI,0
TXN004915,2024-12-23,CUST0464,Pooja Nair,North,Chandigarh,Sports,Yoga Mat,3,973.33,540.46,0.0,2919.99,0.0,2919.99,1298.61,Credit Card,0
TXN004916,2023-08-25,CUST0481,Nikhil Dubey,Central,Gwalior,Clothing,Men's T-Shirt,1,795.27,350.78,0.1,795.27,79.53,715.74,364.96,Credit Card,0
TXN004917,2023-02-17,CUST0112,Pallavi Shah,North,Chandigarh,Clothing,Women's Kurti,1,1370.76,611.23,0.15,1370.76,205.61,1165.15,553.92,UPI,0
TXN004918,2024-12-26,CUST0318,Vijay Singh,Central,Bhopal,Electronics,Smartphone,4,22881.15,17091.45,0.15,91524.6,13728.69,77795.91,9430.11,Net Banking,0
TXN004919,2023-01-25,CUST0283,Rajesh Malhotra,South,Kochi,Electronics,Router,1,3030.58,1924.34,0.15,3030.58,454.59,2575.99,651.65,Debit Card,0
TXN004920,2024-04-28,CUST0448,Meera Das,Central,Bhopal,Electronics,Smartphone,5,22893.15,17039.33,0.0,114465.75,0.0,114465.75,29269.1,Net Banking,0
TXN004921,2023-11-16,CUST0112,Kavita Joshi,Central,Indore,Furniture,Dining Table,3,20945.83,14567.35,0.15,62837.49,9425.62,53411.87,9709.82,Net Banking,0
TXN004922,2023-08-29,CUST0146,Lakshmi Rao,West,Pune,Cosmetics,Foundation,3,863.51,526.85,0.0,2590.53,0.0,2590.53,1009.98,UPI,0
TXN004923,2023-10-23,CUST0359,Sunita Mishra,West,Mumbai,Cosmetics,Sunscreen SPF50,2,435.01,263.11,0.05,870.02,43.5,826.52,300.3,Net Banking,0
TXN004924,2023-06-04,CUST0259,Ravi Chandra,Central,Indore,Clothing,Women's Kurti,2,1246.42,604.34,0.15,2492.84,373.93,2118.91,910.23,Debit Card,0
TXN004925,2024-06-19,CUST0353,Amit Kumar,South,Chennai,Electronics,Laptop,2,47339.23,38226.12,0.1,94678.46,9467.85,85210.61,8758.37,Cash,0
TXN004926,2023-08-24,CUST0047,Sunita Mishra,South,Kochi,Groceries,Tea Powder 500g,1,213.35,152.55,0.0,213.35,0.0,213.35,60.8,Debit Card,0
TXN004927,2023-01-07,CUST0389,Pooja Nair,Central,Indore,Groceries,Whole Wheat Flour 5kg,1,255.72,185.88,0.1,255.72,25.57,230.15,44.27,Cash,0
TXN004928,2024-05-28,CUST0260,Rekha Srivastava,East,Guwahati,Cosmetics,Foundation,3,859.89,511.11,0.0,2579.67,0.0,2579.67,1046.34,Credit Card,0
TXN004929,2024-09-09,CUST0361,Geeta Bhatt,West,Mumbai,Sports,Cricket Bat,3,3181.47,1794.02,0.1,9544.41,954.44,8589.97,3207.91,Credit Card,1
TXN004930,2023-09-03,CUST0074,Divya Iyer,North,Delhi,Cosmetics,Sunscreen SPF50,2,485.89,277.83,0.0,971.78,0.0,971.78,416.12,Cash,0
TXN004931,2024-12-04,CUST0240,Geeta Bhatt,North,Delhi,Furniture,Wooden Desk,1,11906.9,8278.78,0.1,11906.9,1190.69,10716.21,2437.43,UPI,0
TXN004932,2024-11-20,CUST0225,Nikhil Dubey,Central,Varanasi,Electronics,Router,4,2856.99,1891.75,0.1,11427.96,1142.8,10285.16,2718.16,Credit Card,0
TXN004933,2024-03-03,CUST0353,Rajesh Malhotra,North,Lucknow,Clothing,Formal Shirt,1,1856.41,877.76,0.0,1856.41,0.0,1856.41,978.65,Debit Card,0
TXN004934,2023-01-30,CUST0050,Sneha Gupta,South,Hyderabad,Sports,Cycle Helmet,1,1268.93,778.27,0.0,1268.93,0.0,1268.93,490.66,UPI,0
TXN004935,2023-06-14,CUST0312,Nisha Trivedi,East,Kolkata,Groceries,Cooking Oil 1L,4,184.87,133.78,0.0,739.48,0.0,739.48,204.36,UPI,1
TXN004936,2024-01-09,CUST0380,Arjun Reddy,Central,Bhopal,Groceries,Basmati Rice 5kg,1,461.65,312.66,0.1,461.65,46.16,415.49,102.83,Cash,0
TXN004937,2023-01-15,CUST0421,Suresh Pillai,South,Bangalore,Groceries,Sugar 1kg,1,56.57,41.85,0.1,56.57,5.66,50.91,9.06,Debit Card,1
TXN004938,2024-01-31,CUST0165,Asha Pandey,South,Mysore,Groceries,Whole Wheat Flour 5kg,1,241.84,186.93,0.0,241.84,0.0,241.84,54.91,Cash,0
TXN004939,2024-11-30,CUST0072,Rohan Mehta,North,Chandigarh,Furniture,Wardrobe,2,17744.51,11794.47,0.1,35489.02,3548.9,31940.12,8351.18,Debit Card,0
TXN004940,2023-01-25,CUST0243,Rajesh Malhotra,West,Ahmedabad,Cosmetics,Face Wash 100ml,1,317.31,163.19,0.0,317.31,0.0,317.31,154.12,Cash,0
TXN004941,2024-06-27,CUST0415,Nikhil Dubey,Central,Varanasi,Electronics,Tablet,2,17706.83,13264.6,0.0,35413.66,0.0,35413.66,8884.46,Debit Card,0
TXN004942,2023-04-25,CUST0374,Pooja Nair,Central,Gwalior,Clothing,Denim Jeans,2,2683.18,1211.83,0.05,5366.36,268.32,5098.04,2674.38,UPI,0
TXN004943,2023-08-27,CUST0174,Asha Pandey,South,Bangalore,Groceries,Basmati Rice 5kg,2,472.48,316.37,0.15,944.96,141.74,803.22,170.48,Cash,0
TXN004944,2024-01-04,CUST0078,Divya Iyer,East,Bhubaneswar,Groceries,Basmati Rice 5kg,3,485.19,308.69,0.1,1455.57,145.56,1310.01,383.94,Net Banking,0
TXN004945,2024-09-02,CUST0122,Rohan Mehta,East,Ranchi,Electronics,Wireless Earbuds,1,3731.15,2192.51,0.0,3731.15,0.0,3731.15,1538.64,Cash,0
TXN004946,2024-09-21,CUST0445,Rekha Srivastava,Central,Varanasi,Cosmetics,Lipstick,1,599.26,315.13,0.0,599.26,0.0,599.26,284.13,Cash,0
TXN004947,2023-05-21,CUST0296,Rajesh Malhotra,Central,Bhopal,Groceries,Cooking Oil 1L,1,184.39,132.47,0.15,184.39,27.66,156.73,24.26,Credit Card,0
TXN004948,2024-01-14,CUST0450,Sunita Mishra,South,Hyderabad,Furniture,Bookshelf,1,6249.12,4416.0,0.0,6249.12,0.0,6249.12,1833.12,Cash,0
TXN004949,2023-04-27,CUST0010,Rahul Sharma,North,Delhi,Cosmetics,Lipstick,3,650.33,317.98,0.0,1950.99,0.0,1950.99,997.05,UPI,0
TXN004950,2023-03-19,CUST0113,Arun Patil,West,Mumbai,Electronics,Router,2,2673.09,1925.67,0.15,5346.18,801.93,4544.25,692.91,Cash,0
TXN004951,2024-03-27,CUST0124,Swati Kapoor,East,Ranchi,Cosmetics,Hair Serum 100ml,1,702.64,393.32,0.2,702.64,140.53,562.11,168.79,Net Banking,0
TXN004952,2023-11-25,CUST0082,Sanjay Yadav,West,Ahmedabad,Clothing,Formal Shirt,3,1810.41,915.98,0.15,5431.23,814.68,4616.55,1868.61,Cash,0
TXN004953,2024-10-18,CUST0117,Arjun Reddy,North,Chandigarh,Groceries,Pulses 1kg,4,140.02,100.24,0.1,560.08,56.01,504.07,103.11,Cash,0
TXN004954,2023-07-09,CUST0250,Nikhil Dubey,West,Ahmedabad,Electronics,Router,3,2882.82,1898.98,0.15,8648.46,1297.27,7351.19,1654.25,Net Banking,0
TXN004955,2023-05-20,CUST0093,Sneha Gupta,East,Kolkata,Cosmetics,Hair Serum 100ml,3,751.5,407.31,0.0,2254.5,0.0,2254.5,1032.57,Debit Card,0
TXN004956,2024-06-29,CUST0449,Pooja Nair,East,Kolkata,Furniture,Wardrobe,2,17727.83,12281.87,0.0,35455.66,0.0,35455.66,10891.92,UPI,0
TXN004957,2024-08-28,CUST0420,Vijay Singh,West,Nagpur,Furniture,Dining Table,2,23708.88,15105.89,0.2,47417.76,9483.55,37934.21,7722.43,Cash,0
TXN004958,2023-03-24,CUST0378,Pallavi Shah,East,Guwahati,Electronics,Tablet,1,19294.85,13286.62,0.0,19294.85,0.0,19294.85,6008.23,Credit Card,0
TXN004959,2023-08-13,CUST0265,Lakshmi Rao,East,Ranchi,Electronics,Tablet,2,18481.09,12721.54,0.05,36962.18,1848.11,35114.07,9670.99,Debit Card,0
TXN004960,2023-09-02,CUST0117,Rahul Sharma,South,Bangalore,Groceries,Tea Powder 500g,1,228.64,151.68,0.0,228.64,0.0,228.64,76.96,Cash,0
TXN004961,2024-12-04,CUST0240,Asha Pandey,South,Mysore,Electronics,Laptop,4,46068.13,37712.05,0.1,184272.52,18427.25,165845.27,14997.07,UPI,0
TXN004962,2024-03-02,CUST0171,Rohan Mehta,East,Ranchi,Groceries,Tea Powder 500g,3,222.69,153.03,0.0,668.07,0.0,668.07,208.98,Debit Card,1
TXN004963,2024-10-11,CUST0050,Nisha Trivedi,East,Patna,Electronics,Wireless Earbuds,4,3401.38,2217.85,0.1,13605.52,1360.55,12244.97,3373.57,UPI,0
TXN004964,2024-04-13,CUST0116,Geeta Bhatt,Central,Raipur,Cosmetics,Hair Serum 100ml,3,720.18,406.55,0.05,2160.54,108.03,2052.51,832.86,Credit Card,0
TXN004965,2023-05-05,CUST0390,Nisha Trivedi,South,Hyderabad,Groceries,Whole Wheat Flour 5kg,3,268.05,193.61,0.0,804.15,0.0,804.15,223.32,Net Banking,0
TXN004966,2023-02-23,CUST0032,Pooja Nair,South,Chennai,Sports,Yoga Mat,1,957.12,558.32,0.05,957.12,47.86,909.26,350.94,Net Banking,0
TXN004967,2023-05-24,CUST0475,Priya Patel,East,Kolkata,Clothing,Winter Jacket,1,4169.21,2168.62,0.1,4169.21,416.92,3752.29,1583.67,Credit Card,0
TXN004968,2023-09-11,CUST0013,Mohit Saxena,Central,Bhopal,Sports,Dumbbells Set,2,3664.0,2229.14,0.15,7328.0,1099.2,6228.8,1770.52,Debit Card,0
TXN004969,2023-04-06,CUST0024,Ravi Chandra,Central,Gwalior,Cosmetics,Moisturiser 50g,1,532.0,276.08,0.1,532.0,53.2,478.8,202.72,Net Banking,0
TXN004970,2023-10-14,CUST0152,Arun Patil,North,Amritsar,Cosmetics,Face Wash 100ml,3,316.43,163.14,0.0,949.29,0.0,949.29,459.87,Cash,0
TXN004971,2023-03-15,CUST0087,Swati Kapoor,West,Mumbai,Clothing,Women's Kurti,1,1389.22,590.9,0.0,1389.22,0.0,1389.22,798.32,Debit Card,0
TXN004972,2024-12-07,CUST0238,Suresh Pillai,East,Ranchi,Electronics,Tablet,4,17409.36,13295.25,0.0,69637.44,0.0,69637.44,16456.44,Cash,1
TXN004973,2023-02-27,CUST0220,Meera Das,East,Ranchi,Clothing,Women's Kurti,1,1426.48,588.79,0.2,1426.48,285.3,1141.18,552.39,Debit Card,0
TXN004974,2024-10-11,CUST0393,Suresh Pillai,North,Lucknow,Electronics,Wireless Earbuds,1,3325.06,2233.98,0.0,3325.06,0.0,3325.06,1091.08,Debit Card,0
TXN004975,2024-04-08,CUST0098,Kavita Joshi,West,Ahmedabad,Sports,Cycle Helmet,2,1306.42,799.42,0.2,2612.84,522.57,2090.27,491.43,UPI,0
TXN004976,2023-08-25,CUST0125,Priya Patel,South,Hyderabad,Clothing,Winter Jacket,1,3866.38,2146.95,0.05,3866.38,193.32,3673.06,1526.11,UPI,0
TXN004977,2023-03-01,CUST0112,Vijay Singh,East,Ranchi,Clothing,Men's T-Shirt,2,865.12,358.89,0.05,1730.24,86.51,1643.73,925.95,Credit Card,0
TXN004978,2023-07-01,CUST0203,Kiran Bose,East,Guwahati,Groceries,Sugar 1kg,3,54.43,41.47,0.0,163.29,0.0,163.29,38.88,UPI,0
TXN004979,2023-05-28,CUST0400,Rahul Sharma,North,Amritsar,Clothing,Denim Jeans,4,2564.31,1196.84,0.0,10257.24,0.0,10257.24,5469.88,Net Banking,0
TXN004980,2024-12-03,CUST0307,Nisha Trivedi,East,Ranchi,Cosmetics,Sunscreen SPF50,4,453.9,269.6,0.2,1815.6,363.12,1452.48,374.08,Credit Card,0
TXN004981,2024-09-27,CUST0212,Suresh Pillai,East,Guwahati,Clothing,Men's T-Shirt,2,843.54,348.25,0.2,1687.08,337.42,1349.66,653.16,Cash,1
TXN004982,2024-07-05,CUST0299,Amit Kumar,South,Kochi,Cosmetics,Foundation,1,862.34,510.91,0.0,862.34,0.0,862.34,351.43,UPI,0
TXN004983,2023-08-13,CUST0142,Geeta Bhatt,South,Bangalore,Cosmetics,Sunscreen SPF50,1,489.2,277.91,0.1,489.2,48.92,440.28,162.37,Cash,0
TXN004984,2024-05-13,CUST0375,Geeta Bhatt,South,Bangalore,Groceries,Whole Wheat Flour 5kg,1,245.96,186.85,0.05,245.96,12.3,233.66,46.81,UPI,0
TXN004985,2024-04-12,CUST0386,Kiran Bose,West,Pune,Furniture,Sofa Set,3,34534.61,23869.53,0.0,103603.83,0.0,103603.83,31995.24,Credit Card,0
TXN004986,2024-04-21,CUST0298,Rajesh Malhotra,South,Chennai,Cosmetics,Moisturiser 50g,4,521.92,285.44,0.1,2087.68,208.77,1878.91,737.15,Cash,0
TXN004987,2024-05-17,CUST0053,Pallavi Shah,East,Guwahati,Clothing,Formal Shirt,2,1965.25,902.92,0.2,3930.5,786.1,3144.4,1338.56,UPI,0
TXN004988,2024-10-20,CUST0476,Priya Patel,Central,Gwalior,Furniture,Sofa Set,4,34404.35,24345.36,0.0,137617.4,0.0,137617.4,40235.96,Debit Card,0
TXN004989,2024-10-14,CUST0316,Rekha Srivastava,South,Hyderabad,Groceries,Sugar 1kg,1,52.27,42.3,0.05,52.27,2.61,49.66,7.36,Debit Card,0
TXN004990,2024-11-12,CUST0334,Sneha Gupta,Central,Indore,Sports,Yoga Mat,2,969.07,546.66,0.2,1938.14,387.63,1550.51,457.19,UPI,0
TXN004991,2023-06-07,CUST0119,Harish Agarwal,Central,Bhopal,Sports,Running Shoes,1,5176.1,3207.62,0.05,5176.1,258.81,4917.29,1709.67,UPI,0
TXN004992,2024-05-16,CUST0244,Kavita Joshi,West,Pune,Sports,Running Shoes,1,5038.25,3269.81,0.0,5038.25,0.0,5038.25,1768.44,UPI,0
TXN004993,2024-04-08,CUST0257,Ravi Chandra,North,Lucknow,Electronics,Router,1,2742.21,1901.18,0.2,2742.21,548.44,2193.77,292.59,Cash,0
TXN004994,2024-04-15,CUST0241,Sunita Mishra,South,Mysore,Cosmetics,Moisturiser 50g,2,474.38,288.16,0.15,948.76,142.31,806.45,230.13,Cash,1
TXN004995,2024-05-09,CUST0362,Amit Kumar,Central,Gwalior,Cosmetics,Sunscreen SPF50,1,489.38,264.72,0.05,489.38,24.47,464.91,200.19,UPI,0
TXN004996,2023-02-11,CUST0348,Pooja Nair,Central,Bhopal,Clothing,Formal Shirt,1,1716.1,882.23,0.0,1716.1,0.0,1716.1,833.87,Debit Card,0
TXN004997,2024-03-19,CUST0435,Kiran Bose,West,Ahmedabad,Electronics,Smart TV,1,35522.72,26852.96,0.0,35522.72,0.0,35522.72,8669.76,Debit Card,1
TXN004998,2023-02-23,CUST0497,Rekha Srivastava,South,Mysore,Sports,Yoga Mat,1,880.63,552.34,0.0,880.63,0.0,880.63,328.29,Net Banking,0
TXN004999,2024-09-29,CUST0228,Rajesh Malhotra,North,Chandigarh,Furniture,Dining Table,3,21740.96,15052.03,0.05,65222.88,3261.14,61961.74,16805.65,Debit Card,0
TXN005000,2023-08-03,CUST0014,Pallavi Shah,Central,Gwalior,Groceries,Basmati Rice 5kg,2,473.34,313.35,0.05,946.68,47.33,899.35,272.65,Debit Card,0
